59004010	Recommendation	Nətorɛ banca nnɔ Mariki eyi mɔ, k'ɛndepɛnɛ nu.
44017031	Grace	Kɔ Kanu kəmboŋc dɔsɔk ndɛ kəndekɔ-bocɛ afum a doru fəp kiti kəlompu mɔ. Kanu kənayɛk-yɛk fum nwɛ endekɔ-boc kiti kaŋkɔ mɔ, kənasɔŋɛ afum fəp kəcərɛ wəkayi ntɛ kənayekti kɔ afi dacɔ mɔ.»
44013018	Description	Kɔ kəlɛkɛ ŋa mes mɛlɛc maŋan nde dətɛgbɛrɛ meren wəco maŋkəlɛ (40).
44016037	Violence	Mba kɔ Pol oloku ŋa: «Ntɛ ŋalip oŋ kəsut su fɔr ya afum kiriŋ mɔ, ta aŋkiti su-ɛ, səna aŋɛ səyɔnɛ aka Rom mɔ, ŋabɛr su dəbili. Ndɛkəl oŋ yɔk-yɔk yɔ ŋandefaŋ kəsak su ba? Tatɔkɔ tɔfɔyi, ŋader ŋa sərka ŋasak su!»
44006013	Description	Kɔ ŋaŋkenɛnɛ sɔ calbante akakɔ ŋanawosɛ kəyemɛ mɔ, ŋac-loku: «Fum wəkawɛ eyi fɛ ntɛ o ntɛ mɛnɛ kəloku pəlɛc pa kəfo kəsoku kaŋkɛ kɔ sariyɛ sa Musa.
59005010	Recommendation	Awɛnc'im aŋa alaŋ, nəcɛm-cɛmnɛ sayibɛ-e aŋɛ ŋanalok-lokɛ tewe ta Mariki mɔ. Nətubucnɛ kəkar kəbol-bolu ka aŋɛ ŋanabər pucuca mɔ.
44002021	Faith	Nwɛ o nwɛ endeboŋc tewe ta Wəbɛ Kanu mɔ endefis.›
44021025	Recommendation	Ntɛ tɔyɔnɛ ta atɔyɔnɛ Suyif aŋɛ ŋayɔnɛ alaŋ mɔ, sənəŋk fɔ pəntesɛ kəcicɛ ŋa reka kəbocɛ ŋa tɔŋc: A ta ŋasɔm sɛm nyɛ aloŋnɛnɛ molom mɔ, ta ŋadi mecir, ta ŋasɔm sɛm nyɛ antɔfay mera mɔ, ta ŋasumpər dalakɔ.»
44005003	Sin	Kɔ Piyɛr eyif kɔ: «Ananiyas, ake ’sɔŋɛ ntɛ məwosɛ Sentany səsɔŋ am kəyembər Amera Ŋecempi mɔ? Məmbelər kəway ka dalɛ.
44024023	Description	Kɔ wəbɛ ka dɔtɔf oloku wəsɔdar a pəcaŋər kɔ, mba ta pəkot kɔ, ta pəmɔnɛ sɔ afum ɔn kəmar kɔ mes mɔlɔma.
44018025	Faith	Dɔpɔ da Wəbɛ dɔ anatəksɛ kɔ, kɔ kəsumpər ka mes bel-bel, kaŋce k’ oŋc-lokɛ, pəc-təksɛ teta Yesu, mba mɛnɛ kəgbət dəromun ka Saŋ gbəcərəm kɔ ɛnacərɛ.
59002026	Faith	Itɔ pəyi sɔ dis ndɛ dɔntɔsol kɔ ni mɔ defi, kəlaŋ nkɛ kəntɔsol kɔ mes mɔyɔ mɔtɔt mɔ kəfi.
44027035	Description	Ntɛ Pol elip kəloku tatɔkɔ mɔ, k’ɛlɛk kəcom k’eyek-yekəs Kanu fɔr ya afum fəp kiriŋ, k’entepi ki, k’ɛyɛfɛ ki kəsɔm.
44015020	Sin	Mba pacicɛ ŋa a ŋakɛmərnɛ pətɔ-cemp mpɛ pɛyɛfɛ nnɔ kətola mɛrənka kəyi mɔ, kɔ dalakɔ, kɔ kəsɔm ka sɛm nyɛ antɔfay mɔ, ŋakɛmərnɛ sɔ kəmun mecir.
44023003	Sin	Kɔ Pol oloku kɔ: «Kanu kəndesut’ əm, məyɔnɛ pəmɔ damba dete ndɛ aŋcɛm alom ŋefer mɔ! Məndɛ nnɔ məc-kit’ im pəmɔ tɔkɔ sariyɛ səloku mɔ, mba məc-loku a pasut em, tɔkɔ sariyɛ səmɔnɛ mɔ!»
59005015	Faith	Kɔ fum ontola Kanu kɔ kəlaŋ-ɛ, kətola kɔn kəndesɔŋɛ wətɔtamnɛ kətamnɛ. Mariki eŋyekti kɔ pəcəmbər, k'ɛnayɔ mes mɛlɛc-ɛ, Kanu kəndeŋaŋnɛnɛ kɔ mi.
44026011	Violence	Iŋc-kɔ dəwɔlɔ wa dəkətola Kanu da aSuyif fəp, ic-tɔrəs alaŋ, iŋc-gbəc ŋa kəlɔməs tewe ta Yesu. Pəc-tɛl’ em nnɔ ŋayi mɔ, iŋc-bɛləs ŋa haŋ sədare səcuru.»
44010043	Faith	Sayibɛ-e fəp sənaloku tetɔn: Nwɛ o nwɛ ɛgbɛkər kəlaŋ kɔn Yesu mɔ, endesɔtɔ nde Kanu kəyi mɔ kəŋaŋnɛnɛ ka mes mɔn mɛlɛc teta tewe ta Yesu.»
44019004	Faith	Kɔ Pol oloku: «Kəgbət dəromun ka Saŋ, kəsəkpər mera yati kənayi teta Kanu. Mba Saŋ oŋc-loku afum a ŋalaŋ wəkɔ endeder nkɔn tadarəŋ mɔ, itɔ tatɔkɔ Yesu.»
44010048	Description	K’oloku a pagbət akakɔ dəromun tewe ta Yesu Krist. Kɔ ŋalɛtsɛnɛ Piyɛr kəyi dəndo mataka mɔlɔma.
59003017	Description	Mba kəcərɛ kəkɔt nkɛ kəyɛfɛ darenc mɔ, kənuŋkɛnɛ kɔ kəncemp, kɔ tɛyɛfɛ dənda kɔ kəyɔ pəforu, dɛrɛnc, kəcəŋkəl moloku ma afum, kəla nɔnɔfɔr kɔ mɔyɔ mɔtɔt, kəfɔyer fum, kəfɔtɛnsər fum kəbɔt.
44018024	Description	WəSuyif wəlɔma aŋc-we Apɔlɔs, ɛnader Efesi. Dare da Alɛksandər dɔ anakom kɔ, fum wəcərɛ kəlok-loku ɛnayi, pəcərɛ sɔ kitabu bel-bel.
44018017	Violence	Kɔ aSuyif ŋaŋkɔ ŋantəp Sɔstɛn wəbɛ wəka kəlɔ ka dəkətola Kanu waca, kɔ ŋayɛfɛ kəsut kɔ dəndo dəŋkiti, mba Kaliyɔŋ ɛnawe fɛ ti ali daka.
59002024	Faith	Nənəŋk ti oŋ, Kanu kəfɔnəŋk dolompu da fum teta kəlaŋ kɔn gbəcərəm, mba kəmɔmən sɔ mes mɔn mɔyɔ mɔtɔt.
44007024	Violence	Kɔ Musa ɔŋkɔ pətəŋnɛ wɛŋc wəkin wəka Misira pac-cakəra, k’ɛŋcəmɛnɛ wɛŋc wəkakɔ aŋc-tɔrəs mɔ. K’oluksɛ ayɛk ŋa wɛŋc, k’endif wəMisira.
44007043	Sin	Nənakekərɛ abal ŋa tɛrəŋka ta Mɔlɔk kɔ tɛrəŋka ta kɔs ka kanu konu Refaŋ. Nənapat mɛrəŋka teta kəc-tontnɛnɛ ka mi fɔr kiriŋ! Ti disrɛ kəkekərɛ nu k’ inder decikəra Babilɔŋ tadarəŋ.›
44009014	Violence	Nnɔ kəfo kaŋkɛ yati kɔ aloŋnɛ apɔŋ aSuyif ŋanawurɛ Sol a pədesumpər nwɛ o nwɛ omboŋc tewe tam mɔ.»
44002025	Faith	Dawuda ɛnanuŋkɛnɛ kəloku dəyecicəs yecempi teta Yesu: ‹Iŋc-nəŋk Wəbɛ tɛm fəp fɔr yem kiriŋ, ifɔyikcɛ, bawo ey’ im kəca kətɔt.
59005016	Recommendation	Nəsɔksərɛnɛ kiciya konu, nətolanɛnɛ, ntɛ tɔŋsɔŋɛ nətamnɛ mɔ. Kətola ka fum wəlompu kəyɔ fənɔntər nfɛ fəntam kəsəkpər mes mɔ.
44002026	Faith	It’ ɔsɔŋɛ ntɛ abəkəc ŋem ŋeyi dəkəsata mɔ, kɔ temer tem tesikəlɛ dəpəbotu. Dis dem yati dendekɔ-ŋesəmɛ kəgbɛkər amera.
44013001	Description	Kəloŋkanɛ ka alaŋ Yesy aŋɛ ŋanayi dare da Antiyɔk mɔ, sayibɛ-e kɔ atəksɛ ŋanayi ŋa dacɔ: Barnabas, Simɔŋ nwɛ aŋc-deŋər tewe ta «Wəbi» mɔ, Lusiyus wəka Sirɛn, Manahɛŋ nwɛ anadusum kəfo kin kɔ Herodu wəbɛ wəka topoc tin k’ayer atɔf kəmaŋkəlɛ-ɛ, kɔ Sol.
44014005	Violence	Mba, aSuyif kɔ acikəra kəbəp ka abɛ aŋan ŋanalompəsnɛ kəkɔ-tɔrəs Pol kɔ Barnabas kəcacas kəŋan masar haŋ ŋadif ŋa.
44026017	Grace	Indebaŋ əm afum am akaŋɛ dəwaca kɔ atɔyɔnɛ Suyif nda aŋɛ indesom əm mɔ,
44009043	Description	Kɔ Piyɛr eyi dare da Yope mataka mɛlarəm, ndena Simɔŋ wəlɔma nwɛ ɛŋc-bəc kata mɔ.
59002025	Description	It'ɛnayi sɔ teta Rahabu wəran wəyama-yama, bafɔ dəmes mɔn mɔyɔ mɔtɔt Kanu kənalɔm kɔ wəlompu, ntɛ wəran nwɛ ɛnabaŋ asom aka Yisrayel mɔ, k'ɛŋkafəlɛ k'ementər ŋa dɔpɔ dɔlɔma mɔ ba?
44013017	Grace	Kanu ka afum akaŋɛ, Kanu ka Yisrayel, kənayɛk-yɛk atem asu, kɔ kəsɔŋɛ ŋa kəla tɛm ntɛ ŋanayi decikəra Misira mɔ, kɔ Kanu kin kaŋkɔ kəwurɛnɛ ŋa atɔf ŋaŋɔkɔ fənɔntər fa kəca kɔn.
44015008	Grace	Kanu kəŋcərɛ bəkəc ya afum, Ki yati kəmentər a kəmbaŋ atɔyɔnɛ Suyif, bawo kəsɔŋ ŋa sɔ Amera Ŋecempi pəmɔ səna.
59002011	Sin	Bawo nwɛ ɛnaloku: «Ta məsumpər dalakɔ!» mɔ, ɛnaloku sɔ: «Ta mədif fum!» Ti disrɛ, kɔ məsak kəsumpər dalakɔ mba mədif fum-ɛ, pəmar sariyɛ səsumpər'əm, bawo məleləs fɛ si.
59002023	Faith	Tantɛ tɔ yecicəs yɛnalarɛ, kəc-loku: «Abraham ɛnalaŋ Kanu, kɔ Kanu kəlɔm kɔ wəlompu teta kəlaŋ kɔn.» K'awe kɔ wanapa ka Kanu.
59002001	Faith	Awɛnc'im aŋa, kɔ nəlaŋ Mariki kosu Yesu Krist nwɛ debeki dɔn dɛmbɛk mɔ-ɛ, ta nəcəmɛnɛ afum!
44009001	Violence	Tɛm tatɔkɔ Sol pəc-beŋəsnɛ kədifət acɛpsɛ a Wəbɛ Yesu darəŋ, k’ɔŋkɔ ndena wəloŋnɛ wəpɔŋ wəka kəlɔ kəpɔŋ ka Kanu.
44011006	Description	Ntɛ inagbətnɛ pi disrɛ mɔ, k’inəŋk sɛm ya wɛcək maŋkəlɛ, sɛm ya dop, yeliŋɛ-liŋɛ, kɔ bɛmp ya dəkɔm.
44018003	Description	Ntɛ tɛnasurɛnɛ ŋapaŋnɛ yɛbəc yin yayi mɔ, kɔ eyi ndaraŋan, ŋac-bəc, ŋac-lompəs cəbal.
44007009	Sin	Ntɛ atem asu, awut a Isiyaka, ŋanayɔnɛ wɛŋc kəŋan Isifu kəraca mɔ, kɔ ŋaŋcaməs kɔ ntɛ tɔŋsɔŋɛ pakekərɛ kɔ Misira mɔ. Mba Kanu kənayi kɔ Isifu,
44011028	Description	Wəkin ɛnayi ŋa dacɔ pac-we kɔ Akabus, k’ɛyɛfɛ, kɔ Amera Ŋecempi ŋɔsɔŋɛ kɔ kədəŋk a dor dendeyi doru fəp. Dor dadɔkɔ dɛnader deyi tɛm ntɛ Kəlod ɛnayɔnɛ wəbɛ ka tɔf ya Rom fəp mɔ.
44020036	Description	Ntɛ Pol elip kəloku moloku mamɔkɔ mɔ, k’ɛŋcəp suwu kətola Kanu kɔ ŋa fəp faŋan.
59001002	Recommendation	Awɛnc'im aŋa alaŋ, kɔ nəncepərɛnɛ pucuca pɔlɔm-ɛ, nəcɛm-cɛmnɛ pi pəbotu disrɛ,
44010011	Description	K’ɛnəŋk kɔm kəgbitɛ, paka pɔlɔma mpɛ pɛnawurɛnɛ kɔ manta mɔpɔŋ mmɛ anasumpər moŋkubut maŋkəlɛ mɔ, montor haŋ kɔ mɛfəntərɛ dəntɔf.
44002009	Description	AParto, aMede, aka Elam, aka Mesopotami, aka Yude, aka Kapados, aka Ponto, kɔ aka Asi,
44009021	Description	Kɔ pəŋciyanɛ afum fəp aŋɛ ŋaŋc-ne polok-loku pa Sol mɔ, kɔ ŋayif: «Bafɔ nkɔn nde Yerusalɛm ɛŋc-faŋ kəmələk aŋɛ ŋaŋc-boŋc tewe tantɛ mɔ ba? Bafɔ kəsumpər kəŋan k’ɛnaderɛnɛ nnɔ, pəkekərɛ ŋa nde aloŋnɛ apɔŋ ŋayi mɔ ba?»
44006001	Description	Mata mamɔkɔ ntɛ acɛpsɛ a Yesu ŋaŋc-la kəla dəm mɔ, aSuyif acɔp kusu ka Kresi ŋayɛfɛ kəcɔpəsnɛ teta akɔ ŋaŋc-cɔp Ebəre mɔ. Aran acɔp cəKresi aŋɛ awos aŋan ŋafi mɔ ŋaŋc-sɔtɔ fɛ yeri pəmɔ acɔp Ebəre dɔsɔk o dɔsɔk kɔ andeyer-ɛ.
44019015	Description	Mba kɔ ŋawak kəbɛləs ŋɔŋk ŋɛlɛc-ɛ, ŋi ŋoloku ŋa: «Yesu, iŋcərɛ kɔ. K’iŋnɛpəl sɔ bel-bel fum nwɛ Pol ɔyɔnɛ mɔ, mba nəna, an’ɔ nəyɔnɛ-ɛ?»
44027002	Description	Kɔ səmbɛkɛ dəbil kəyɛfɛ ka dare da Adaramit kəkɔ ka cəgbɛp ca Asi kɔ səŋkɔ səpɛ. Aristarko wəMasedon wəka dare da Tɛsaloni ɛnayi su dacɔ.
44007005	Description	Kanu kənasɔŋ fɛ Abraham kɛ atɔf ŋaŋɛ, ali dəkəcəmbər kəcək, mba kənalɛkɛ kɔ temer kədesɔŋ kɔ ŋi kəbəp kəbənda ka dokom dɔn kɔ nkɔn eŋcepər-ɛ, mba tɛm tatɔkɔ ta ɛntayɔ wan-ɛ.
44007019	Description	Wəbɛ wəkakɔ ender pəc-nɛmpəs, pəc-tɔrəs atem asu. K’ende pəsɔŋɛ ŋa kəsak cənaka cəŋan, ntɛ tɔŋsɔŋɛ ta akakɔ ŋantam kəyi doru mɔ.
44024016	Faith	It’ ɔsɔŋɛ ntɛ ina sɔ iŋsɛp tɛm fəp kəkɔtɛnɛ amera ŋɔtɔt fɔr ya Kanu kɔ afum kiriŋ.
44002042	Faith	Kɔ ŋaŋcəŋkəl tɛm fəp kɔ bel-bel mɛtəksɛ ma asom a Yesu, kiyi kəŋan tes tin, kəpaŋnɛ kəŋan dap da yeri, kɔ kətola Kanu.
44012002	Violence	K’endifɛ Sak wɛŋc ka Saŋ dakma.
44007013	Description	Ta mɛrəŋ, kɔ Isifu owurərnɛ awɛŋc ɔn, ntɛ tɔ kɔ Firawona ɔsɔtɔ kəcərɛ oŋ akomɛnɛ a Isifu.
44004032	Description	Kənay nkɛ kənalaŋ mɔ, ŋasɔtɔ bəkəc yin yayi, kɔ ŋayɔnɛ sɔ akin ayi. Nwɛ o nwɛ oŋc-loku fɛ a nkɔn sona ɔyɔ daka dɔn, mba a fəp faŋan fɔ ŋanapaŋnɛ di.
44013048	Faith	Ntɛ afum ŋane ti mɔ, kɔ pəmbɔt atɔyɔnɛ Suyif dəbəkəc. Kɔ ŋaŋkor-koru toloku ta Wəbɛ, aŋɛ Kanu kənacəmbərɛ kəyi wəyeŋ ka doru o doru mɔ, kɔ ŋayɔnɛ alaŋ.
44004002	Description	Pənatɛlɛ ŋa ntɛ ŋanane Piyɛr kɔ Saŋ ŋac-təksɛ kɔ ŋac-cam afum kəyɛfɛ ka defi fənɔntər fa Yesu.
59004017	Sin	Kɔ fum ɛncərɛ tɔkɔ aŋyɔ pətɔt ta ɔŋyɔ pi-ɛ, wəkakɔ ɔyɔ tes tɛlɛc.
44007041	Sin	Mata mamɔkɔ, kɔ ŋalompəs tɛrəŋka ta tura, kɔ ŋaloŋnɛ nnɔ tɛrəŋka kiriŋ, kɔ ŋambocɛ kəsata yɛbəc ya waca waŋan.
44002040	Recommendation	Kɔ Piyɛr oloku ŋa sɔ moloku mɛlarəm ntɛ tɔŋsɔŋɛ ŋanenɛ kɔ mes mmɛ mɛnacepər fɔr yɔn kiriŋ mɔ. K’eŋgbiŋər ŋa, pəc-loku: «Nəyacnɛ dɛtɛmp dandɛ dɛŋkafəlɛ-kafəlɛ mɔ!»
44027001	Description	Ntɛ antəŋnɛ oŋ a səbɛkɛ debil kəkɔ ka atɔf ŋa Itali mɔ, k’asɔŋ Pol kɔ afum alɔma akɔ ŋanayi dəbili mɔ wəsɔdar wəpɔŋ wəlɔma nwɛ aŋc-we Yuliyus mɔ. Wəbum ka wəbɛ wəka Rom ɛnayɔnɛ, k’asom kɔ kəkɛkəs ŋa.
59001027	Faith	Dinɛ dosoku ndɛ dɔntɔyɔ ali tɛbɛlək ta pəbir-bir nde fɔr ya Kanu Papa kosu kiriŋ mɔ dɔyɔnɛ ntɛ: Nəgbɛkərɛ awut aŋɛ akɛrɛ kɔ akas aŋa ŋafi mɔ, kɔ aran aŋɛ awos aŋa ŋafi mɔ dəpucuca paŋan. Nəkɛmbərnɛ mes mɛlɛc ma doru fəp.
44007058	Violence	Kɔ ŋambɛləs kɔ haŋ kɔ ŋawurɛnɛ kɔ dare, kɔ ŋaŋcacas kɔ masar. Atəŋnɛ aka ti ŋanaboc suma saŋan sa kəroŋ wətɛmp dəntɔf, nwɛ aŋc-we Sol mɔ.
44021024	Recommendation	Məlɛk ŋa, nəkɔ kəlɔ kɔpɔŋ ka Kanu, məsɔkəsnɛ kɔ ŋa. Kɔ məwosɛ-ɛ, məlɛk kəwurɛ pəsam pa kəway kəŋan ka kəloŋnɛ, ntɛ tɔŋsɔŋɛ ŋafonnɛ səbomp mɔ. Ti disrɛ fəp fəndetam kəcərɛ a mes mɔkɔ asɔŋɛ ŋa kəlaŋ tetam mɔ fəp mɔyɔnɛ fɛ kaŋce, a məna sɔ yati məleləs teta sariyɛ sa Musa.
44001026	Description	Kɔ ŋaŋkot yampuŋ-puŋ kɔ tosurɛnɛ Matiyas nwɛ anabɛrɛnɛ Asom aŋɛ wəco kɔ pin mɔ.
59004009	Recommendation	Nəŋaŋnɛ tɛlər kəyi konu pucuca, nəndɛ kəbal ka pi, nəbok! Kəsel konu kəsəkpər kəyɔnɛ nu kəbok ka kəbal, pəbotu ponu pɔyɔnɛ nu kəmɔncnɛ.
44011019	Description	Ntɛ andif Etiyɛn mɔ, k’ aŋcop kətɔrəs afum alaŋ kɔ tɔsɔŋɛ ŋa kəsaməsər. Alɔma ŋanakɔ atɔf ŋa Fenisi, alɔma ŋakɔ Sipər, alɔma ŋakɔ haŋ Antiyɔk, ŋaŋc-luksɛ fɛ nwɛ o nwɛ sɔ toloku ta Kanu mɛnɛ aSuyif gbəcərəm.
44028018	Description	Ntɛ ayifət im mɔ, abɛ akakɔ ŋanafaŋ kəsak im, bawo ŋananəŋk fɛ ntɛ o ntɛ pəmar padif’ em mɔ.
59002014	Faith	Ake dəkəcəmɛ dɔ tatɔkɔ dɔyɔ-ɛ, awɛnc'im aŋa, fum kəc-loku: «Ilaŋ» mba k'ɔntɔ kəc-mentər ti dəmɔyɔ mɔtɔt-ɛ? Kəlaŋ kaŋkɔ kəntam kəyac kɔ ba?
44012023	Violence	Gbəŋcana babɔkɔ kɔ mɛlɛkɛ ma Wəbɛ mosut kɔ, bawo ɛnayek-yekəs fɛ Kanu, kɔ yɛt yoŋcop kəsɔm kɔ, k’efi.
44013047	Grace	Bawo Wəbɛ osom su ntɛ: ‹Isɔŋ’ am kəyɔnɛ pəwaŋkəra pa tɔf, ntɛ tɔsɔŋɛ məkekərɛ kəyac ka afum haŋ nde cəpəc ca doru fəp cəyi mɔ.›»
44002033	Description	Kɔ Kanu kəmpɛnɛ Yesu kəfo kəleli, k’ɛndəs kɔ kəca kɔn kətɔt. Kɔ Yesu ɔsɔtər nkɔn apa Kanu Amera Ŋecempi nŋɛ analoku kədesɔŋ mɔ, k’eyerəs tatɔkɔ nənəŋk kɔ nəne mɔ.
59005013	Recommendation	Fum eyi nu dacɔ nwɛ eyi pəcuca mɔ ba? Pəmar pətola Kanu. Fum eyi pəbotu nu dacɔ ba? Pəleŋəs kəkor-koru.
44020010	Description	Kɔ Pol ontor, k’ɔŋkɔ pəsipnɛ kɔ, k’ɛlɛk kɔ dəwaca, k’oloku: «Ta pəyi nu yama-yama. Eyi wəyeŋ!»
44020035	Recommendation	Imentər nu a kɔ məŋbəc tatɔkɔ-ɛ, mɛnɛ nəmar atɔyɔ fənɔntər. Məc-cɛm-cɛmnɛ moloku ma Wəbɛ Yesu, nkɔn nwɛ ɛnaloku: ‹Kəpocɛ kəŋcepər kəsɔtɔ.› »
44011017	Grace	Kɔ pəyɔnɛ fɔ kəpocɛ kin kayi kɔ ŋanasɔtər Kanu pəmɔ səna aŋɛ səlaŋ Yesu Krist mɔ-ɛ, anɔ inatam kəyɔnɛ-ɛ ntɛ iŋkɔyamsər Kanu mɔ?»
44013038	Grace	Awɛŋc im aŋa, nəcərɛ ti: Teta nkɔn Yesu t’ aŋcamɛ nu kəŋaŋnɛnɛ ka kiciya, kiciya nkɛ sariyɛ sa Musa sənatɔ-tam kəsɔkəs nu mɔ.
44007029	Description	Kɔ moloku mamɔkɔ mɔsɔŋɛ Musa kəyɛksɛ, k’ɔŋkɔ pəndɛ decikəra atɔf ŋa Madiyaŋ. Difɔ ɛnakom awut arkun mɛrəŋ.
59004001	Sin	Deke kəwan kəlarəm kɔ deke kəgbɛklɛnɛ kəlarəm kəŋyɛfɛ nu dacɔ-ɛ, kɔ pəntɔyɔnɛ dəmɛfaŋ mɛlɛc mmɛ moŋsutɛnɛ dis donu fəp disrɛ mɔ?
44020029	Violence	Iŋcərɛ a k’indekɔt-ɛ, afum alɛc ŋandetɔrəs kəloŋkanɛ konu pəmɔ calma cəwɛy-wɛy ncɛ cəmbɛrɛ cəntɔdesak yɔcɔl mɔ.
59004004	Sin	Asumpər dalakɔ! Nəncərɛ fɛ a kəyɔnɛ wanapa ka doru dandɛ kəyɔnɛ wəterɛnɛ ka Kanu ba? Məna nwɛ məŋfaŋ kəyɔnɛ wanapa ka pəlɛc pa doru mɔ, məsɔŋɛnɛ kəyɔnɛ ka wəterɛnɛ ka Kanu.
44016006	Description	Ntɛ Amera Ŋecempi ŋa Kanu ŋɛyamsɛ Pol kɔ Silas kəloku toloku tɔtɔt ta Kanu atɔf ŋa Asi mɔ, kɔ ŋaŋcali atɔf ŋa Firiki kɔ atɔf ŋa Kalat.
59004008	Recommendation	Nəlɔtərnɛ Kanu, ki sɔ kəŋlɔtərnɛ nu. Nəsɔkəsnɛ waca nəna aciya! Məsɔkəsnɛ abəkəc məna nwɛ o nwɛ məntɔtɔmpər pɛcɛm-cɛmnɛ pin mɔ!
59002009	Sin	Mba kɔ nəncəmɛnɛ afum-ɛ, nənciya tɛm tatɔkɔ, sariyɛ səmar kəsumpər un aciya, bawo nəleləs fɛ si.
44021019	Grace	Kɔ Pol ɛfaynɛ ŋa, k’ɛyɛfɛ kəlɔmər ŋa tin tin tin mes fəp mmɛ Kanu kənamar kɔ kəyɔ aSuyif dacɔ mɔ.
59003009	Faith	Pi pɔ səŋkor-korɛ nwɛ ɔyɔnɛ Mariki kɔ Papa mɔ, mba sɔ pi pɔ səntolanɛ pəlɛc afum aŋɛ Kanu kəlompəs ŋawurɛnɛ kɔ nkɔn mɔ.
44026009	Sin	Ina wəkawɛ yati, inacɛm-cɛmnɛ kəsiməs kɔ tewe ta Yesu wəNasarɛt səpɔ fəp.
59001019	Recommendation	Nəcərɛ tantɛ bel-bel awɛnc'im aŋa: Pəmar nwɛ o nwɛ pəcɛlək kəcəŋkəl, ta pəbɛlkər kəlok-loku, pəc-won kətɛlɛ kɔ,
44003026	Grace	Te tonu tɔ, Kanu kənanuŋkɛnɛ kəyekti wəcar kɔn, k’osom kɔ kədetolanɛ nu, pəsəkpər nu nwɛ o nwɛ abəkəc ŋɔn ŋɛlɛc, ŋɔyɔnɛ kɔ ŋɔtɔt.»
44010039	Violence	Səyɔnɛ atəŋnɛ a mes fəp mmɛ Yesu ɛnayɔ nde atɔf ŋa aSuyif kɔ Yerusalɛm mɔ. Nkɔn nwɛ ŋananim, ŋacaŋ kɔ dəkətɔk mɔ,
44005015	Description	Pac-kɛrɛ atɔtamnɛ səpɔ, pac-kɛrɛ ŋa dəyala kɔ dəsəpoko ntɛ tɔsɔŋɛ kɔ Piyɛr ender-ɛ, andulu ŋɔn gbəcərəm ŋɛtam kəbəp wəlɔma.
44014014	Description	Mba ntɛ asom a Yesu Barnabas kɔ Pol ŋane ti mɔ, kɔ ŋawal-wali yamos yaŋan, kɔ ŋambɛrɛ afum dacɔ ŋac-kulɛ-kulɛ:
59001026	Sin	Kɔ fum ɛncɛm-cɛmnɛ kəyɔnɛ wəka dinɛ ta ɛŋkɛmbərnɛ kəloku-loku-ɛ, abəkəc ŋɔn ŋeyi kənɛmpəs, dinɛ dɔn dɔsɔk fɛ.
44007011	Description	Kɔ dor dɔpɔŋ dende deyi Misira fəp kɔ atɔf ŋa Kanahan. Pəcuca pɛnabɛk, atem asu ŋaŋc-sɔtɔ fɛ yeri.
44027034	Recommendation	Intola nu oŋ kədi yeri, bawo pəmar nədi yi ntɛ tɔŋsɔŋɛ nəyacnɛ mɔ. Ali wəkin nu dacɔ, kəfon kɔn da dəromp kəfɔ-sɔlər kɔ!»
44017030	Recommendation	Kanu kənacepsər fɛ afum akɔ ŋanayi tɛm ntɛ anatɔcərɛ mes mɔ, mba kəfaŋ oŋ afum a doru fəp a ŋasəkpər bəkəc.
44013034	Grace	Kanu kənaloku a kəndeyekti kɔ afi dacɔ, ntɛ tɔŋsɔŋɛ ta oluksərnɛ pəte mɔ. It’ ɛnasɔŋɛ pəloku: ‹Indesɔŋ un memer mosoku mmɛ inasɔŋ Dawuda mɔ, memer mmɛ mɔyɔnɛ kaŋce mɔ.›
44011021	Faith	Kəca ka Wəbɛ Yesu kənayi alaŋ akakɔ kəroŋ. Kɔ afum alarəm ŋayɔnɛ alaŋ, kɔ ŋaŋkafəli bəkəc yaŋan nnɔ Wəbɛ Yesu eyi mɔ.
44019002	Faith	K’eyif ŋa: «Nənasɔtɔ Amera Ŋecempi ŋa Kanu kəyɛfɛ ntɛ nənayɔnɛ alaŋ Yesu mɔ ba?» Kɔ ŋaluksɛ Pol: «Səntane fɛ yati teta Amera Ŋecempi.»
59004003	Sin	Nəntola Kanu ta nəsɔtɔ-ɛ, bawo bəkəc yɛlɛc yɔ nəntolanɛ, ntɛ tɔŋsɔŋɛ nətam kəsɔtɔ kələsər-ləsər teta mɛfaŋ monu mɔ.
44024014	Faith	Kaŋce intam kəwosɛ nnɔ fɔr yam kiriŋ a Kanu ka atem em k’iŋkor-koru, k’iŋcəmɛ dɔpɔ da Wəbɛ darəŋ ndɛ ŋa ŋaŋcɛm-cɛmnɛ a yem yɔ mɔ. Mba ina ilaŋ ntɛ o ntɛ aŋcic dəkitabu Tawureta Musa kɔ Sayibɛ-e mɔ.
44008009	Description	Wərkun wəlɔma ɛnayi di pac-we kɔ Simɔŋ. Ɛnawon dare dadɔkɔ, pəyɔnɛ dure, pəc-sɔŋɛ aka Samari cusu kəwos, pəc-wenɛ sɔ fum wəpɔŋ.
59001022	Recommendation	Nəcəmɛ toloku darəŋ, ta nəyɔnɛ acəŋkəl gbəcərəm aŋɛ ŋantiŋkərnɛ mɔ!
44022004	Violence	K’inatɔrəs afum alɔma aŋɛ ŋanacəmɛ dɔpɔ da Yesu dandɛ darəŋ mɔ haŋ kɔ ŋafi. K’iŋkot aran kɔ arkun, k’imbɛr ŋa dəbili.
59005004	Sin	Nənəŋk! Kəway nkɛ nənagbɔk abəcɛ anu dalɛ mɔ, kəŋkulɛ. Kəbokɛnɛ ka atɛl anu kəŋkɔ kəbɛrɛ Mariki ma asɔdar a darenc dələŋəs.
44017025	Grace	Waca wa fum wɔfɔtam kəmar Kanu kəyi, pəmɔ ntɛ kəŋfaŋər fum tɔlɔm mɔ. Nkɔn ompocɛ afum yeyinɛ yaŋan doru, kəpɛnɛ kifir kɔ kətorɛ, kəbəp ka ca yɛləpəs nyɛ fəp.
44019011	Grace	Kanu kəŋc-sɔŋɛ waca wa Pol kəyɔ mes mɛwɛy-wɛy mmɛ mɛnacuca kənəŋk mɔ.
44002028	Grace	Məsɔŋ’ em kəcərɛ səpɔ sa kəcepərɛnɛ doru, kiyi kam ina kəsək kəndekɔ-las’ im pəbotu.›
44002013	Description	Mba kɔ alɔma ŋaŋfani ŋa, ŋac-loku: «Member mobotu mɔ ŋanɛmbərɛ!»
44013030	Description	Mba Kanu kənayekti kɔ afum afi dacɔ.
59005014	Recommendation	Fum wətɔtamnɛ eyi nu dacɔ ba? Pəmar fum wəkakɔ pəwe abeki a kəloŋkanɛ ka alaŋ, ŋatola Kanu tetɔn, ŋabɔy kɔ moro mepic dəromp tewe ta Mariki.
44007023	Description	Ntɛ Musa ɔsɔtɔ meren wəco maŋkəlɛ (40) mɔ, k’ende pəcɛm-cɛmnɛ kəkɔ-nəŋk awɛŋc aŋa, afum a Yisrayel.
44023027	Violence	Wərkun wəkawɛ, aSuyif alɔma ŋalɛk kɔ ŋac-kɔ kənim. Mba alok’ im a wəkom wəRom ɔfɔ, it’ ɔsɔŋ em kəder kɔ asɔdar em kəbaŋər ŋa kɔ.
44019029	Description	Kɔ pəyama-yama papɔkɔ posumpər dare fəp, kətəŋnɛ disrɛ kɔ afum ŋambəpsɛnɛ abaŋka ŋaŋan ŋɔpɔŋ. Kɔ ŋaliŋəs asol a Pol Kayus kɔ Aristarko, aŋɛ ŋanayɛfɛ Masedon mɔ, kɔ ŋaŋkekərɛ.
44003014	Sin	Nəna nənace nwɛ ɔyɔnɛ wəcempi kɔ wəlompu kɔ nəloku a pawosɛ kəsakɛ nu wədifət afum dare disrɛ.
44015009	Faith	Ali kəgbɛy kəfɛt ɛŋgbɛy fɛ su kɔ atɔyɔnɛ Suyif, bawo kəlaŋ k’ ɔsɔkəsɛ ŋa bəkəc.
44002024	Description	Kanu kəyekti kɔ kəŋgbintər kɔ pəcuy pa defi, bawo defi dɛnatam fɛ kəmɛŋkərnɛ kɔ.
59002007	Sin	Bafɔ ŋa ŋaŋlɔməs tewe tɔtɔt ta Mariki ba?
59002008	Recommendation	Kɔ pəyɔnɛ a nəcəmɛ sariyɛ sa abɛ darəŋ pəmɔ tɔkɔ yecicəs yosoku yoloku ti mɔ: Məbɔtər wɛnc əm pəmɔ məna sərka-ɛ! Kɔ nəyɔ ntɛ, nəyɔ bel-bel.
44023005	Recommendation	Kɔ Pol oluksɛ ŋa: «Awɛŋc im aŋa, iŋcərɛ fɛ a nkɔn ɔyɔnɛ wəloŋnɛ wəpɔŋ. Itɔ aŋcic kitabu disrɛ: ‹Pəmar fɛ məlɔməs wəkiriŋ wəka afum am.›»
44014017	Grace	Ali ntɛ nkɔn Kanu kənatɔ-sak kəc-mentər’ un dɔtɔt dəmɔyɔ ma Ki mɔ, bawo kəŋc-sɔŋ un wəcafən, kəŋc-sɔŋɛ sɔ yɔbɔf yonu kəkom pəlarəm, kɔ kəŋc-sɔŋ un sɔ yeri yɛlarəm, kɔ kəŋc-las’ un sɔ pəbotu dəbəkəc.»
44012020	Description	Herodu ɛnayi kəyɛfərɛnɛ kɔ aka sədare sa Tir kɔ Sidɔŋ. Mba kətəŋnɛ disrɛ aka sədare sasɔkɔ ŋander ŋabəp Herodu. Ntɛ ŋasɛp kəsɔtər Bəlastus nwɛ ɛnayɔnɛ wətɔmpər ka mes ma dukulɔ dɔn kəwosɛ kəyac ŋa mɔ, kɔ ŋantola wəbɛ Herodu pəforu, bawo nde atɔf ŋɔn difɔ yaŋan yɔŋc-sɔtɔ yeri.
44024005	Sin	Səŋkɔkcɛ a fum wəkawɛ wəbɛrəs afum dacɔ ɔyɔnɛ, nkɔn ɔŋsɔŋɛ aSuyif fəp kəgbɛkəlɛnɛ doru mofo fəp. Wəkiriŋ wəka kəgba ka afum a Nasarɛt ɔyɔnɛ.
44013019	Description	Ntɛ Kanu kənim afum a cusuŋka camət-mɛrəŋ nde atɔf ŋa Kanahan mɔ, kɔ kəsɔŋ atɔf ŋaŋɔkɔ afum ɔn ntɛ tɔŋsɔŋɛ ŋɔyɔnɛ ŋa kɛ mɔ.
44007051	Sin	Nəna afum ataŋi ləŋəs, ayɔ bəkəc pəmɔ bilakoro! Haŋ mɔkɔ nəna nəyi kəwɛnəs Amera Ŋecempi ŋa Kanu pəmɔ atem anu!
59005001	Recommendation	Ndɛkəl oŋ nəcəŋkəl'im, nəna aka daka! Nəbok nəsəŋɛ-səŋɛ teta pəcuy mpɛ pendebəp nu mɔ!
59005005	Sin	Nənacepərɛnɛ doru donu kəsɔtɔ daka dɛlarəm disrɛ kɔ nəŋcepərər tɛfaŋ tonu. Bəkəc yonu yɛnanɛmbərɛ pəmɔ ntɛ asɔŋəs pɔcɔl yeri pɛtəf teta dɔsɔk ndɛ aŋkɔ-fay pi mɔ.
59002012	Recommendation	Pəmar nəlok-loku kɔ nəyɔ pəmɔ afum aŋɛ aŋkɔ-kitinɛ sariyɛ nsɛ səsɔŋ afum akakɔ kəsikəlɛ mɔ.
44010015	Recommendation	Ta mɛrəŋ kɔ dim ndɛ dolok-lokər kɔ sɔ: «Paka mpɛ Kanu kəcempəs mɔ, ta məna məyik-yikəs pi.»
44007025	Description	Kɔ Musa ɛŋcɛm-cɛmnɛ a awɛŋc aŋa ŋaŋtam kəc-gbɛkərɛ a Kanu kəntam kəbaŋ ŋa kɔ ŋaŋcəmɛ kɔ darəŋ-ɛ, mba ŋanacərɛ fɛ ti.
44026014	Violence	Kɔ səntɛmpɛnɛ fəp fosu dəntɔf, k’ine dim doc-lok’ im cəArame: ‹Sol, Sol, ta ake tɔ məntɔrəs em-ɛ? Pəŋcuc’ am kəbər tɛfaŋ ta wəbɛ kam.›
59001021	Recommendation	Nəliŋnɛ pəyik-yik fəp kɔ mes mɛlɛc fəp mmɛ nəc-yɔ mɔ, nəbaŋɛ waca mɛrəŋ toloku ntɛ anatəp nu. Toloku ntɛ tɛntam kəyac kəyi konu doru mɔ.
44009005	Description	Kɔ Sol eyif kɔ, «Wəbɛ, məna an’ ɔfɔ-ɛ?» «Ina, Yesu iyɔnɛ, nwɛ məyi kətɔrəs mɔ.
44007033	Recommendation	Kɔ Wəbɛ oloku kɔ: ‹Məwurɛ cɔfta cam dəwɛcək, bawo kəfo kaŋkɔ məŋcəmɛ mɔ, kəfo kəcempi kɔ.
44007020	Description	Tɛm tatɔkɔ t’ anakom Musa, nwɛ ɛnabɔt Kanu kənəŋk mɔ. K’antɔmpər kɔ yof maas nde kəlɔ ka kas disrɛ,
44014019	Violence	Kɔ aSuyif alɔma ŋander kəyɛfɛ Antiyɔk ŋa Pisidi kɔ Ikoniyon mɔ, kɔ ŋasɛp haŋ kɔ ŋantalər kənay ka afum akakɔ. Ntɛ tɔ kɔ kənay ka afum aŋɛ ŋayɛfɛ kəcacas Pol. Tɛləpəs kɔ ŋaliŋəs kɔ haŋ dare kəsək, ŋacɛm-cɛmnɛ a efi.
44007052	Sin	Sayibɛ səre atem anu ŋanatɔ-tɔrəs-ɛ? Ŋanadif aŋɛ ŋananuŋkɛnɛ kəcam kəder ka Wəlompu nwɛ nəna nənasɔŋ oŋ a kɔ andif mɔ.
44004036	Description	Isifu wəka kor ka Levy ɛnayi, nwɛ asom a Yesu ŋaŋc-we Barnabas mɔ, tatɔkɔ kusu kəŋan «Wəcəpəs bəkəc.» Nde dare da Sipər anakom kɔ.
44022016	Recommendation	Ndɛkəl oŋ ta ake tɔ məyi kəwonɛ-ɛ? Məyɛfɛ məyɔ pagbət əm dəromum teta Kanu, payak’ əm kiciya kam kəwe ka Wəbɛ disrɛ.›
44002038	Faith	Kɔ Piyɛr oloku ŋa: «Nəsəkpər mera yonu, nəlomp! Nwɛ o nwɛ pəsɔtɔ kəgbət dəromun tewe ta Yesu Krist disrɛ, ntɛ tɔŋsɔŋɛ paŋaŋənɛnɛ kiciya ka wəkayi mɔ, nəndesɔtɔ sɔ Amera Ŋecempi ŋa Kanu.
44003019	Recommendation	Nəsəkpər bəkəc yonu, nəluksərnɛ ntɛ tɔŋsɔŋɛ paŋaŋnɛnɛ kiciya konu mɔ;
59002017	Faith	Itɔ kəlaŋ nkɛ kəntɔmentərnɛ dəmes mɔyɔ mɔtɔt mɔ kəlaŋ kəfi kɔ kəyɔnɛ.
59002020	Faith	Məntamnɛ fɛ ba? Məfaŋ kəcərɛ, a kəlaŋ nkɛ kəntɔsol kɔ mes mɔyɔ mɔtɔt mɔ kəyɔ fɛ dəkəcəmɛ ba?
44007021	Description	mba ntɛ tɔyɔ tɛnatɔyi mɛnɛ kəgbal kɔn mɔ, kɔ wan ka wəbɛ ka Misira wəran efir kɔ, k’ɔŋkɔ pədusum pəyɔ kɔ wan.
44026021	Violence	Tantɛ tɛnasɔŋɛ kɔ aSuyif ŋasumpər im nde kəlɔ kəpɔŋ ka Kanu disrɛ, ŋac-faŋ kənim im.
44017005	Violence	Mba kɔ aSuyif aka dare da Tɛsaloni alɔma ŋayɔ kəraca. Kɔ ŋaloŋka afum alɛc alɔma dɔpɔ dacɔ, kɔ ŋayekti pəyama-yama dare disrɛ. Kɔ ŋaŋkɔ ŋamɛpnɛ kəlɔ ka Yason, ŋac-tɛn Pol kɔ Silas kəkekərɛ ŋa kənay ka afum fɔr kiriŋ.
44019013	Description	Kɔ aSuyif alɔma ŋaŋkɔs-kɔs mofo mɛlarəm, kɔ ŋatubucnɛ Pol kəbɛləs ka yɔŋk yɛlɛc nnɔ acuy ŋayi mɔ, ŋac-loku: «Ilok’ əm: Məwur wəcuy wəkawɛ tewe ta Yesu wəkɔ Pol ɛŋcam mɔ.»
44015040	Grace	Ntɛ Pol ɛnayɛk-yɛk Silas mɔ, awɛŋc aŋa alaŋ ŋantolanɛ kɔ, ŋac-tola Wəbɛ a pəbum ŋa kəmar kɔn disrɛ, kɔ ŋaŋkɔ.
44008021	Sin	Məna məyɔ fɛ daka, məyɔ fɛ tofokəl nnɔ tes tantɛ disrɛ, bawo abəkəc ŋam ŋolomp fɛ fɔr ya Kanu kiriŋ.
44014026	Grace	Dəndo Atali, difɔ Pol kɔ Barnabas ŋanalɛk abil kɔ ŋaŋcali kəkɔ Antiyɔk ŋa Siri, dare ndɛ anatolanɛ ŋa kəmar ka Kanu teta yɛbəc nyɛ ŋanalip mɔ.
59001005	Recommendation	Mba kɔ afum alɔma ŋayi nu dacɔ aŋɛ kəcərɛ kəkɔt kəmbut mɔ-ɛ, pəmar ŋa ŋatola ki Kanu, endesɔŋ ŋa ki. Bawo Kanu kəmpocɛ afum fəp abəkəc ŋɔtɔt ta kənal'əm-ɛ.
44013023	Grace	Kəbənda ka dokombəra da nkɔn Dawuda, difɔ Kanu kənasɔŋ kəkom ka Yesu Krist kədeyɔnɛ ka nwɛ endeyac afum a Yisrayel, pəmɔ ntɛ kənasɔŋ ti atem asu temer mɔ.
59005007	Recommendation	Nəŋaŋnɛ nəkar awɛnc'im aŋa alaŋ, haŋ Mariki pəc-der. Nənəŋk tɔkɔ wəbifti dalɛ ɛŋkar yɛtɛl yɔtɔt ya antɔf mɔ: Ɛncərɛ a mɛnɛ wəcafən ka mɔlɔfɛ kɔ wəka dɛrəŋ dɛlpəs pətuf kərɛsna.
59004011	Recommendation	Awɛnc'im aŋa, ta nəyɛmsɛnɛnɛ! Nwɛ eŋyemsɛnɛ wɛnc, kɔ pəyɔnɛ fɛ ti-ɛ, pəkiti kɔ mɔ, sariyɛ s'eyi kəyemsɛnɛ, sariyɛ s'eyi kəkiti. Kɔ məŋkiti sariyɛ, ta məyɔnɛ fum nwɛ ɛncəmɛ si darəŋ mɔ-ɛ, wəboc kiti ka si məyɔnɛ.
44008032	Description	Moloku ma kitabu mmɛ ɛŋc-karaŋ mɔ mɛnayɔnɛ mmɛ: «K’aŋkekərɛ kɔ dəkədif pəmɔ aŋkesiya. Pəmɔ aŋkesiya ŋowut nŋɛ ŋɔntɔkulɛ-kulɛ wəfon wəka ŋi dəntɔf mɔ, ɛnawani fɛ kusu.
44013021	Description	Kɔ tɛyɛfɛ dənda kɔ aka Yisrayel ŋawer Kanu wəbɛ. Kɔ kəsɔŋ ŋa Sawul wan ka Kis pəyɔnɛ ŋa wəbɛ meren wəco maŋkəlɛ (40). Fum wəka kusuŋka ka Beŋyamin ɛnayi.
44010012	Description	Sɛm dokom fəp yɛnayi manta mamɔkɔ disrɛ, kəyɛfɛ sɛm ya wɛcək maŋkəlɛ, yeliŋɛ-liŋɛ haŋ kəbəp bɛmp ya dareŋc.
44016022	Violence	Kɔ kənay ka afum ŋayɛfɛ kɔ ŋaŋcəmɛ ŋa dəbəkəc. Kɔ aboc kiti a dare dadɔkɔ ŋawurɛ ŋa yamos, k’asutɛ ŋa cəŋgban-gban.
44009013	Description	Mba Ananiyas oluksɛ: «Wəbɛ, inenɛ afum alarəm ŋac-lɔm pəlɛc mpɛ fum wəkakɔ ɔyɔ afum am acempi nde Yerusalɛm mɔ.
