62003016	Faith	主为我们舍命，我们从此就知道何为爱；我们也当为弟兄舍命。
43013001	Grace	逾越节以前，耶稣知道自己离世归父的时候到了。他既然爱世间属自己的人，就爱他们到底。
58003017	Sin	神四十年之久，又厌烦谁呢？岂不是那些犯罪、尸首倒在旷野的人吗？
60001014	Recommendation	你们既作顺命的儿女，就不要效法从前蒙昧无知的时候那放纵私欲的样子。
45011032	Grace	因为 神将众人都圈在不顺服之中，特意要怜恤众人。
66006006	Description	我听见在四活物中似乎有声音说：「一钱银子买一升麦子，一钱银子买三升大麦；油和酒不可糟蹋。」
59004010	Recommendation	务要在主面前自卑，主就必叫你们升高。
44017031	Grace	因为他已经定了日子，要借着他所设立的人按公义审判天下，并且叫他从死里复活，给万人作可信的凭据。」
43019002	Description	兵丁用荆棘编做冠冕戴在他头上，给他穿上紫袍，
54005014	Recommendation	所以我愿意年轻的寡妇嫁人，生养儿女，治理家务，不给敌人辱骂的把柄。
43014011	Faith	你们当信我，我在父里面，父在我里面；即或不信，也当因我所做的事信我。
66020014	Violence	死亡和阴间也被扔在火湖里；这火湖就是第二次的死。
58009026	Description	如果这样，他从创世以来，就必多次受苦了。但如今在这末世显现一次，把自己献为祭，好除掉罪。
44013018	Description	又在旷野容忍他们，约有四十年。
46011033	Recommendation	所以我弟兄们，你们聚会吃的时候，要彼此等待。
66006012	Violence	揭开第六印的时候，我又看见地大震动，日头变黑像毛布，满月变红像血，
58011035	Violence	有妇人得自己的死人复活。又有人忍受严刑，不肯苟且得释放，为要得着更美的复活。
44016037	Violence	保罗却说：「我们是罗马人，并没有定罪，他们就在众人面前打了我们，又把我们下在监里，现在要私下撵我们出去吗？这是不行的。叫他们自己来领我们出去吧！」
45013009	Recommendation	像那不可奸淫，不可杀人，不可偷盗，不可贪婪，或有别的诫命，都包在爱人如己这一句话之内了。
62003003	Faith	凡向他有这指望的，就洁净自己，像他洁净一样。
45007022	Faith	因为按着我里面的意思，我是喜欢 神的律；
50004004	Recommendation	你们要靠主常常喜乐。我再说，你们要喜乐。
66001012	Description	我转过身来，要看是谁发声与我说话；既转过来，就看见七个金灯台。
58003018	Sin	又向谁起誓，不容他们进入他的安息呢？岂不是向那些不信从的人吗？
43010008	Sin	凡在我以先来的都是贼，是强盗；羊却不听他们。
60002018	Recommendation	你们作仆人的，凡事要存敬畏的心顺服主人；不但顺服那善良温和的，就是那乖僻的也要顺服。
44006013	Description	设下假见证，说：「这个人说话，不住地糟践圣所和律法。
47005018	Faith	一切都是出于 神；他借着基督使我们与他和好，又将劝人与他和好的职分赐给我们。
59005010	Recommendation	弟兄们，你们要把那先前奉主名说话的众先知当作能受苦能忍耐的榜样。
44002021	Faith	到那时候， 凡求告主名的，就必得救。
66007012	Faith	说： 阿们！颂赞、荣耀、智慧、 感谢、尊贵、权柄、大力 都归与我们的 神， 直到永永远远。阿们！
60003003	Recommendation	你们不要以外面的辫头发，戴金饰，穿美衣为妆饰，
55001008	Faith	你不要以给我们的主作见证为耻，也不要以我这为主被囚的为耻；总要按 神的能力，与我为福音同受苦难。
43017019	Description	我为他们的缘故，自己分别为圣，叫他们也因真理成圣。
66003002	Recommendation	你要警醒，坚固那剩下将要衰微的；因我见你的行为，在我 神面前，没有一样是完全的。
66016004	Description	第三位天使把碗倒在江河与众水的泉源里，水就变成血了。
45005002	Faith	我们又借着他，因信得进入现在所站的这恩典中，并且欢欢喜喜盼望 神的荣耀。
49005005	Sin	因为你们确实地知道，无论是淫乱的，是污秽的，是有贪心的，在基督和 神的国里都是无分的。有贪心的，就与拜偶像的一样。
58011008	Faith	亚伯拉罕因着信，蒙召的时候就遵命出去，往将来要得为业的地方去；出去的时候，还不知往哪里去。
49005018	Recommendation	不要醉酒，酒能使人放荡；乃要被圣灵充满。
61002002	Sin	将有许多人随从他们邪淫的行为，便叫真道因他们的缘故被毁谤。
49002018	Faith	因为我们两下借着他被一个圣灵所感，得以进到父面前。
44021025	Recommendation	至于信主的外邦人，我们已经写信拟定，叫他们谨忌那祭偶像之物，和血，并勒死的牲畜，与奸淫。」
44005003	Sin	彼得说：「亚拿尼亚！为什么撒但充满了你的心，叫你欺哄圣灵，把田地的价银私自留下几分呢？
49004014	Recommendation	使我们不再作小孩子，中了人的诡计和欺骗的法术，被一切异教之风摇动，飘来飘去，就随从各样的异端；
46006009	Sin	你们岂不知不义的人不能承受 神的国吗？不要自欺！无论是淫乱的、拜偶像的、奸淫的、作娈童的、亲男色的、
58010025	Recommendation	你们不可停止聚会，好像那些停止惯了的人，倒要彼此劝勉，既知道那日子临近，就更当如此。
51003005	Sin	所以，要治死你们在地上的肢体，就如淫乱、污秽、邪情、恶欲，和贪婪（贪婪就与拜偶像一样）。
52005008	Faith	但我们既然属乎白昼，就应当谨守，把信和爱当作护心镜遮胸，把得救的盼望当作头盔戴上。
55001007	Grace	因为 神赐给我们，不是胆怯的心，乃是刚强、仁爱、谨守的心。
62002004	Sin	人若说「我认识他」，却不遵守他的诫命，便是说谎话的，真理也不在他心里了。
50002002	Faith	你们就要意念相同，爱心相同，有一样的心思，有一样的意念，使我的喜乐可以满足。
43007030	Description	他们就想要捉拿耶稣；只是没有人下手，因为他的时候还没有到。
54006018	Recommendation	又要嘱咐他们行善，在好事上富足，甘心施舍，乐意供给人，
43018030	Description	他们回答说：「这人若不是作恶的，我们就不把他交给你。」
45014006	Faith	守日的人是为主守的。吃的人是为主吃的，因他感谢 神；不吃的人是为主不吃的，也感谢 神。
45012012	Recommendation	在指望中要喜乐；在患难中要忍耐；祷告要恒切。
44024023	Description	于是吩咐百夫长看守保罗，并且宽待他，也不拦阻他的亲友来供给他。
46013007	Description	凡事包容，凡事相信，凡事盼望，凡事忍耐。
47004013	Faith	但我们既有信心，正如经上记着说：「我因信，所以如此说话。」我们也信，所以也说话。
52005014	Recommendation	我们又劝弟兄们，要警戒不守规矩的人，勉励灰心的人，扶助软弱的人，也要向众人忍耐。
66016010	Description	第五位天使把碗倒在兽的座位上，兽的国就黑暗了。人因疼痛就咬自己的舌头；
48006016	Grace	凡照此理而行的，愿平安、怜悯加给他们，和 神的以色列民。
44018025	Faith	这人已经在主的道上受了教训，心里火热，将耶稣的事详细讲论教训人；只是他单晓得约翰的洗礼。
46010031	Recommendation	所以，你们或吃或喝，无论做什么，都要为荣耀 神而行。
62002027	Recommendation	你们从主所受的恩膏常存在你们心里，并不用人教训你们，自有主的恩膏在凡事上教训你们。这恩膏是真的，不是假的；你们要按这恩膏的教训住在主里面。
59002026	Faith	身体没有灵魂是死的，信心没有行为也是死的。
44027035	Description	保罗说了这话，就拿着饼，在众人面前祝谢了 神，擘开吃。
44015020	Sin	只要写信，吩咐他们禁戒偶像的污秽和奸淫，并勒死的牲畜和血。
44023003	Sin	保罗对他说：「你这粉饰的墙， 神要打你！你坐堂为的是按律法审问我，你竟违背律法，吩咐人打我吗？」
45008001	Description	如今，那些在基督耶稣里的就不定罪了。
52005009	Grace	因为 神不是预定我们受刑，乃是预定我们借着我们主耶稣基督得救。
66020008	Violence	出来要迷惑地上四方的列国，就是歌革和玛各，叫他们聚集争战。他们的人数多如海沙。
46006011	Grace	你们中间也有人从前是这样；但如今你们奉主耶稣基督的名，并借着我们 神的灵，已经洗净，成圣，称义了。
55001012	Faith	为这缘故，我也受这些苦难。然而我不以为耻；因为知道我所信的是谁，也深信他能保全我所交付他的，直到那日。
49006018	Faith	靠着圣灵，随时多方祷告祈求；并要在此警醒不倦，为众圣徒祈求，
52001001	Grace	保罗、西拉、提摩太写信给帖撒罗尼迦在父 神和主耶稣基督里的教会。愿恩惠、平安归与你们！
50004005	Faith	当叫众人知道你们谦让的心。主已经近了。
46011026	Faith	你们每逢吃这饼，喝这杯，是表明主的死，直等到他来。
59005015	Faith	出于信心的祈祷要救那病人，主必叫他起来；他若犯了罪，也必蒙赦免。
55001003	Faith	我感谢 神，就是我接续祖先用清洁的良心所事奉的 神。祈祷的时候，不住的想念你，
66006016	Description	向山和岩石说：「倒在我们身上吧！把我们藏起来，躲避坐宝座者的面目和羔羊的忿怒；
66002017	Description	圣灵向众教会所说的话，凡有耳的，就应当听！得胜的，我必将那隐藏的吗哪赐给他，并赐他一块白石，石上写着新名；除了那领受的以外，没有人能认识。』」
61002003	Sin	他们因有贪心，要用捏造的言语在你们身上取利。他们的刑罚，自古以来并不迟延；他们的灭亡也必速速来到。
53002011	Sin	故此， 神就给他们一个生发错误的心，叫他们信从虚谎，
45002024	Sin	神的名在外邦人中，因你们受了亵渎，正如经上所记的。
55003008	Sin	从前雅尼和佯庇怎样敌挡摩西，这等人也怎样敌挡真道。他们的心地坏了，在真道上是可废弃的。
66003019	Recommendation	凡我所疼爱的，我就责备管教他；所以你要发热心，也要悔改。
45005001	Faith	我们既因信称义，就借着我们的主耶稣基督得与 神相和。
54004016	Recommendation	你要谨慎自己和自己的教训，要在这些事上恒心；因为这样行，又能救自己，又能救听你的人。
44026011	Violence	在各会堂，我屡次用刑强逼他们说亵渎的话，又分外恼恨他们，甚至追逼他们，直到外邦的城邑。」
48005019	Sin	情欲的事都是显而易见的，就如奸淫、污秽、邪荡、
46003007	Grace	可见栽种的，算不得什么，浇灌的，也算不得什么；只在那叫他生长的 神。
46001007	Faith	以致你们在恩赐上没有一样不及人的，等候我们的主耶稣基督显现。
66014002	Description	我听见从天上有声音，像众水的声音和大雷的声音，并且我所听见的好像弹琴的所弹的琴声。
44010043	Faith	众先知也为他作见证说：『凡信他的人必因他的名得蒙赦罪。』」
45002007	Faith	凡恒心行善、寻求荣耀、尊贵和不能朽坏之福的，就以永生报应他们；
66001004	Grace	约翰写信给亚细亚的七个教会。但愿从那昔在、今在、以后永在的 神，和他宝座前的七灵，
44019004	Faith	保罗说：「约翰所行的是悔改的洗，告诉百姓当信那在他以后要来的，就是耶稣。」
61002009	Violence	主知道搭救敬虔的人脱离试探，把不义的人留在刑罚之下，等候审判的日子。
58011016	Grace	他们却羡慕一个更美的家乡，就是在天上的。所以 神被称为他们的 神，并不以为耻，因为他已经给他们预备了一座城。
54004007	Recommendation	只是要弃绝那世俗的言语和老妇荒谬的话，在敬虔上操练自己。
66020009	Violence	他们上来遍满了全地，围住圣徒的营与蒙爱的城，就有火从天降下，烧灭了他们。
44010048	Description	就吩咐奉耶稣基督的名给他们施洗。他们又请彼得住了几天。
45002019	Grace	又深信自己是给瞎子领路的，是黑暗中人的光，
62002025	Grace	主所应许我们的就是永生。
59003017	Description	惟独从上头来的智慧，先是清洁，后是和平，温良柔顺，满有怜悯，多结善果，没有偏见，没有假冒。
43003035	Faith	父爱子，已将万有交在他手里。
61003009	Grace	主所应许的尚未成就，有人以为他是耽延，其实不是耽延，乃是宽容你们，不愿有一人沉沦，乃愿人人都悔改。
46007007	Grace	我愿意众人像我一样；只是各人领受 神的恩赐，一个是这样，一个是那样。
46014001	Recommendation	你们要追求爱，也要切慕属灵的恩赐，其中更要羡慕的，是作先知讲道。
47004006	Grace	那吩咐光从黑暗里照出来的 神，已经照在我们心里，叫我们得知 神荣耀的光显在耶稣基督的面上。
44018024	Description	有一个犹太人，名叫亚波罗，来到以弗所。他生在亚历山大，是有学问的，最能讲解圣经。
58013012	Grace	所以，耶稣要用自己的血叫百姓成圣，也就在城门外受苦。
56002015	Recommendation	这些事你要讲明，劝戒人，用各等权柄责备人；不可叫人轻看你。
62004009	Grace	神差他独生子到世间来，使我们借着他得生， 神爱我们的心在此就显明了。
43017024	Grace	父啊，我在哪里，愿你所赐给我的人也同我在那里，叫他们看见你所赐给我的荣耀；因为创立世界以前，你已经爱我了。
45003016	Sin	所经过的路便行残害暴虐的事。
58004014	Faith	我们既然有一位已经升入高天尊荣的大祭司，就是 神的儿子耶稣，便当持定所承认的道。
61001017	Grace	他从父 神得尊贵荣耀的时候，从极大荣光之中有声音出来，向他说：「这是我的爱子，我所喜悦的。」
46012011	Description	这一切都是这位圣灵所运行、随己意分给各人的。
66008012	Description	第四位天使吹号，日头的三分之一、月亮的三分之一、星辰的三分之一都被击打，以致日月星的三分之一黑暗了，白昼的三分之一没有光，黑夜也是这样。
44018017	Violence	众人便揪住管会堂的所提尼，在堂前打他。这些事迦流都不管。
43010039	Violence	他们又要拿他，他却逃出他们的手走了。
47004016	Faith	所以，我们不丧胆。外体虽然毁坏，内心却一天新似一天。
43012003	Description	马利亚就拿着一斤极贵的真哪哒香膏，抹耶稣的脚，又用自己头发去擦，屋里就满了膏的香气。
58011009	Faith	他因着信，就在所应许之地作客，好像在异地居住帐棚，与那同蒙一个应许的以撒、雅各一样。
50003017	Recommendation	弟兄们，你们要一同效法我，也当留意看那些照我们榜样行的人。
48006002	Recommendation	你们各人的重担要互相担当，如此，就完全了基督的律法。
59002024	Faith	这样看来，人称义是因着行为，不是单因着信。
45009014	Faith	这样，我们可说什么呢？难道 神有什么不公平吗？断乎没有！
45014001	Recommendation	信心软弱的，你们要接纳，但不要辩论所疑惑的事。
66012007	Violence	在天上就有了争战。米迦勒同他的使者与龙争战，龙也同它的使者去争战，
49004026	Recommendation	生气却不要犯罪；不可含怒到日落，
60003009	Recommendation	不以恶报恶，以辱骂还辱骂，倒要祝福；因你们是为此蒙召，好叫你们承受福气。
43008029	Grace	那差我来的是与我同在；他没有撇下我独自在这里，因为我常做他所喜悦的事。」
49006014	Recommendation	所以要站稳了，用真理当作带子束腰，用公义当作护心镜遮胸，
66001020	Description	论到你所看见、在我右手中的七星和七个金灯台的奥秘，那七星就是七个教会的使者，七灯台就是七个教会。」
58002009	Grace	惟独见那成为比天使小一点的耶稣；因为受死的苦，就得了尊贵荣耀为冠冕，叫他因着 神的恩，为人人尝了死味。
50002013	Grace	因为你们立志行事都是 神在你们心里运行，为要成就他的美意。
43015011	Grace	「这些事我已经对你们说了，是要叫我的喜乐存在你们心里，并叫你们的喜乐可以满足。
54001001	Description	奉我们救主 神和我们的盼望基督耶稣之命，作基督耶稣使徒的保罗
54002009	Recommendation	又愿女人廉耻、自守，以正派衣裳为妆饰，不以编发、黄金、珍珠，和贵价的衣裳为妆饰，
43002015	Violence	耶稣就拿绳子做成鞭子，把牛羊都赶出殿去，倒出兑换银钱之人的银钱，推翻他们的桌子，
49002010	Grace	我们原是他的工作，在基督耶稣里造成的，为要叫我们行善，就是 神所预备叫我们行的。
60004012	Recommendation	亲爱的弟兄啊，有火炼的试验临到你们，不要以为奇怪（似乎是遭遇非常的事），
66019007	Recommendation	我们要欢喜快乐， 将荣耀归给他。 因为，羔羊婚娶的时候到了； 新妇也自己预备好了，
49006017	Recommendation	并戴上救恩的头盔，拿着圣灵的宝剑，就是 神的道；
44007024	Violence	到了那里，见他们一个人受冤屈，就护庇他，为那受欺压的人报仇，打死了那埃及人。
53003013	Recommendation	弟兄们，你们行善不可丧志。
46016013	Faith	你们务要警醒，在真道上站立得稳，要作大丈夫，要刚强。
44007043	Sin	你们抬着摩洛的帐幕和理番神的星， 就是你们所造为要敬拜的像。 因此，我要把你们迁到巴比伦外去。
53002015	Recommendation	所以，弟兄们，你们要站立得稳，凡所领受的教训，不拘是我们口传的，是信上写的，都要坚守。
47005005	Grace	为此，培植我们的就是 神，他又赐给我们圣灵作凭据。
54002011	Recommendation	女人要沉静学道，一味地顺服。
54005019	Recommendation	控告长老的呈子，非有两三个见证就不要收。
45016016	Recommendation	你们亲嘴问安，彼此务要圣洁。基督的众教会都问你们安。
66018019	Description	他们又把尘土撒在头上，哭泣悲哀，喊着说： 哀哉！哀哉！这大城啊。 凡有船在海中的，都因她的珍宝成了富足！ 她在一时之间就成了荒场！
62003001	Grace	你看父赐给我们是何等的慈爱，使我们得称为 神的儿女；我们也真是他的儿女。世人所以不认识我们，是因未曾认识他。
60005005	Recommendation	你们年幼的，也要顺服年长的。就是你们众人也都要以谦卑束腰，彼此顺服；因为 神阻挡骄傲的人， 赐恩给谦卑的人。
45003004	Faith	断乎不能！不如说， 神是真实的，人都是虚谎的。如经上所记： 你责备人的时候，显为公义； 被人议论的时候，可以得胜。
44009014	Violence	并且他在这里有从祭司长得来的权柄捆绑一切求告你名的人。」
61002001	Sin	从前在百姓中有假先知起来，将来在你们中间也必有假师傅，私自引进陷害人的异端，连买他们的主他们也不承认，自取速速地灭亡。
43005018	Violence	所以犹太人越发想要杀他；因他不但犯了安息日，并且称 神为他的父，将自己和 神当作平等。
46011002	Faith	我称赞你们，因你们凡事记念我，又坚守我所传给你们的。
44002025	Faith	大卫指着他说： 我看见主常在我眼前； 他在我右边，叫我不至于摇动。
60001023	Grace	你们蒙了重生，不是由于能坏的种子，乃是由于不能坏的种子，是借着 神活泼常存的道。
59005016	Recommendation	所以你们要彼此认罪，互相代求，使你们可以得医治。义人祈祷所发的力量是大有功效的。
43006047	Faith	我实实在在地告诉你们，信的人有永生。
43014018	Grace	我不撇下你们为孤儿，我必到你们这里来。
45003002	Grace	凡事大有好处：第一是 神的圣言交托他们。
49006005	Recommendation	你们作仆人的，要惧怕战兢，用诚实的心听从你们肉身的主人，好像听从基督一般。
45002004	Grace	还是你藐视他丰富的恩慈、宽容、忍耐，不晓得他的恩慈是领你悔改呢？
62005014	Faith	我们若照他的旨意求什么，他就听我们，这是我们向他所存坦然无惧的心。
45015013	Faith	但愿使人有盼望的 神，因信将诸般的喜乐、平安充满你们的心，使你们借着圣灵的能力大有盼望！
43019041	Description	在耶稣钉十字架的地方有一个园子，园子里有一座新坟墓，是从来没有葬过人的。
66019020	Violence	那兽被擒拿；那在兽面前曾行奇事、迷惑受兽印记和拜兽像之人的假先知，也与兽同被擒拿。他们两个就活活地被扔在烧着硫磺的火湖里；
45012020	Recommendation	所以，「你的仇敌若饿了，就给他吃，若渴了，就给他喝；因为你这样行就是把炭火堆在他的头上。」
51003016	Recommendation	当用各样的智慧，把基督的道理丰丰富富地存在心里，用诗章、颂词、灵歌，彼此教导，互相劝戒，心被恩感，歌颂 神。
51003019	Recommendation	你们作丈夫的，要爱你们的妻子，不可苦待她们。
54005016	Recommendation	信主的妇女，若家中有寡妇，自己就当救济她们，不可累着教会，好使教会能救济那真无倚靠的寡妇。
62005011	Grace	这见证就是 神赐给我们永生；这永生也是在他儿子里面。
62005012	Faith	人有了 神的儿子就有生命，没有 神的儿子就没有生命。
43008036	Grace	所以天父的儿子若叫你们自由，你们就真自由了。
49003013	Faith	所以，我求你们不要因我为你们所受的患难丧胆，这原是你们的荣耀。
45016018	Sin	因为这样的人不服事我们的主基督，只服事自己的肚腹，用花言巧语诱惑那些老实人的心。
45001029	Sin	装满了各样不义、邪恶、贪婪、恶毒；满心是嫉妒、凶杀、争竞、诡诈、毒恨；
55001014	Recommendation	从前所交托你的善道，你要靠着那住在我们里面的圣灵牢牢地守着。
48006008	Faith	顺着情欲撒种的，必从情欲收败坏；顺着圣灵撒种的，必从圣灵收永生。
46010009	Recommendation	也不要试探主，像他们有人试探的，就被蛇所灭。
46013005	Recommendation	不做害羞的事，不求自己的益处，不轻易发怒，不计算人的恶，
66009009	Description	胸前有甲，好像铁甲。它们翅膀的声音，好像许多车马奔跑上阵的声音。
43015022	Sin	我若没有来教训他们，他们就没有罪；但如今他们的罪无可推诿了。
51004005	Recommendation	你们要爱惜光阴，用智慧与外人交往。
45006006	Faith	因为知道我们的旧人和他同钉十字架，使罪身灭绝，叫我们不再作罪的奴仆；
62003010	Sin	从此就显出谁是 神的儿女，谁是魔鬼的儿女。凡不行义的就不属 神，不爱弟兄的也是如此。
45008007	Sin	原来体贴肉体的，就是与 神为仇；因为不服 神的律法，也是不能服，
44002026	Faith	所以，我心里欢喜， 我的灵快乐； 并且我的肉身要安居在指望中。
46010020	Sin	我乃是说，外邦人所献的祭是祭鬼，不是祭 神。我不愿意你们与鬼相交。
44013001	Description	在安提阿的教会中，有几位先知和教师，就是巴拿巴和称呼尼结的西面、古利奈人路求，与分封之王希律同养的马念，并扫罗。
49005006	Recommendation	不要被人虚浮的话欺哄；因这些事， 神的忿怒必临到那悖逆之子。
56001011	Sin	这些人的口总要堵住。他们因贪不义之财，将不该教导的教导人，败坏人的全家。
43013011	Sin	耶稣原知道要卖他的是谁，所以说：「你们不都是干净的。」
43010001	Sin	「我实实在在地告诉你们，人进羊圈，不从门进去，倒从别处爬进去，那人就是贼，就是强盗。
61002015	Sin	他们离弃正路，就走差了，随从比珥之子巴兰的路。巴兰就是那贪爱不义之工价的先知，
44014005	Violence	那时，外邦人和犹太人，并他们的官长，一齐拥上来，要凌辱使徒，用石头打他们。
43021017	Description	第三次对他说：「约翰的儿子西门，你爱我吗？」彼得因为耶稣第三次对他说「你爱我吗」，就忧愁，对耶稣说：「主啊，你是无所不知的；你知道我爱你。」耶稣说：「你喂养我的羊。
66021027	Sin	凡不洁净的，并那行可憎与虚谎之事的，总不得进那城；只有名字写在羔羊生命册上的才得进去。
66017004	Sin	那女人穿着紫色和朱红色的衣服，用金子、宝石、珍珠为妆饰；手拿金杯，杯中盛满了可憎之物，就是她淫乱的污秽。
51003014	Recommendation	在这一切之外，要存着爱心，爱心就是联络全德的。
43012023	Description	耶稣说：「人子得荣耀的时候到了。
45002022	Sin	你说人不可奸淫，自己还奸淫吗？你厌恶偶像，自己还偷窃庙中之物吗？
45007008	Sin	然而，罪趁着机会，就借着诫命叫诸般的贪心在我里头发动；因为没有律法，罪是死的。
44026017	Grace	我也要救你脱离百姓和外邦人的手。
56003003	Sin	我们从前也是无知、悖逆、受迷惑、服事各样私欲，和宴乐，常存恶毒嫉妒的心，是可恨的，又是彼此相恨。
54005021	Recommendation	我在 神和基督耶稣并蒙拣选的天使面前嘱咐你：要遵守这些话，不可存成见，行事也不可有偏心。
58010035	Recommendation	所以，你们不可丢弃勇敢的心；存这样的心必得大赏赐。
46004002	Faith	所求于管家的，是要他有忠心。
44009043	Description	此后，彼得在约帕一个硝皮匠西门的家里住了多日。
46003016	Grace	岂不知你们是 神的殿， 神的灵住在你们里头吗？
58010019	Faith	弟兄们，我们既因耶稣的血得以坦然进入至圣所，
43008021	Sin	耶稣又对他们说：「我要去了，你们要找我，并且你们要死在罪中。我所去的地方，你们不能到。」
51003012	Recommendation	所以，你们既是 神的选民，圣洁蒙爱的人，就要存怜悯、恩慈、谦虚、温柔、忍耐的心。
43012026	Faith	若有人服事我，就当跟从我；我在哪里，服事我的人也要在那里；若有人服事我，我父必尊重他。」
54003004	Description	好好管理自己的家，使儿女凡事端庄顺服。
52005011	Recommendation	所以，你们该彼此劝慰，互相建立，正如你们素常所行的。
62003011	Recommendation	我们应当彼此相爱。这就是你们从起初所听见的命令。
46007026	Recommendation	因现今的艰难，据我看来，人不如守素安常才好。
43003001	Description	有一个法利赛人，名叫尼哥德慕，是犹太人的官。
59002025	Description	妓女喇合接待使者，又放他们从别的路上出去，不也是一样因行为称义吗？
54002015	Faith	然而，女人若常存信心、爱心，又圣洁自守，就必在生产上得救。
44013017	Grace	这以色列民的 神拣选了我们的祖宗，当民寄居埃及的时候抬举他们，用大能的手领他们出来；
44015008	Grace	知道人心的 神也为他们作了见证，赐圣灵给他们，正如给我们一样；
59002011	Sin	原来那说「不可奸淫」的，也说「不可杀人」；你就是不奸淫，却杀人，仍是成了犯律法的。
43010028	Grace	我又赐给他们永生；他们永不灭亡，谁也不能从我手里把他们夺去。
45016020	Grace	赐平安的 神快要将撒但践踏在你们脚下。愿我主耶稣基督的恩常和你们同在！
55003005	Sin	有敬虔的外貌，却背了敬虔的实意；这等人你要躲开。
45012005	Description	我们这许多人，在基督里成为一身，互相联络作肢体，也是如此。
56003008	Faith	这话是可信的。我也愿你把这些事切切实实地讲明，使那些已信 神的人留心做正经事业。这都是美事，并且与人有益。
59002023	Faith	这就应验经上所说：「亚伯拉罕信 神，这就算为他的义。」他又得称为 神的朋友。
59002001	Faith	我的弟兄们，你们信奉我们荣耀的主耶稣基督，便不可按着外貌待人。
45003013	Sin	他们的喉咙是敞开的坟墓； 他们用舌头弄诡诈， 嘴唇里有虺蛇的毒气，
49005028	Recommendation	丈夫也当照样爱妻子，如同爱自己的身子；爱妻子便是爱自己了。
45009030	Faith	这样，我们可说什么呢？那本来不追求义的外邦人反得了义，就是因信而得的义。
54003009	Faith	要存清洁的良心，固守真道的奥秘。
54006002	Recommendation	仆人有信道的主人，不可因为与他是弟兄就轻看他；更要加意服事他；因为得服事之益处的，是信道蒙爱的。 你要以此教训人，劝勉人。
45003003	Faith	即便有不信的，这有何妨呢？难道他们的不信就废掉 神的信吗？
43019034	Violence	惟有一个兵拿枪扎他的肋旁，随即有血和水流出来。
43015012	Recommendation	你们要彼此相爱，像我爱你们一样；这就是我的命令。
45006013	Recommendation	也不要将你们的肢体献给罪作不义的器具；倒要像从死里复活的人，将自己献给 神，并将肢体作义的器具献给 神。
58010039	Faith	我们却不是退后入沉沦的那等人，乃是有信心以致灵魂得救的人。
45011026	Grace	于是以色列全家都要得救。如经上所记： 必有一位救主从锡安出来， 要消除雅各家的一切罪恶；
52002015	Violence	这犹太人杀了主耶稣和先知，又把我们赶出去。他们不得 神的喜悦，且与众人为敌，
58010026	Sin	因为我们得知真道以后，若故意犯罪，赎罪的祭就再没有了；
49002006	Grace	他又叫我们与基督耶稣一同复活，一同坐在天上，
49004025	Recommendation	所以，你们要弃绝谎言，各人与邻舍说实话，因为我们是互相为肢体。
48002005	Faith	我们就是一刻的工夫也没有容让顺服他们，为要叫福音的真理仍存在你们中间。
46014013	Recommendation	所以那说方言的，就当求着能翻出来。
44009001	Violence	扫罗仍然向主的门徒口吐威吓凶杀的话，去见大祭司，
43017013	Description	现在我往你那里去，我还在世上说这话，是叫他们心里充满我的喜乐。
60004013	Recommendation	倒要欢喜；因为你们是与基督一同受苦，使你们在他荣耀显现的时候，也可以欢喜快乐。
44011006	Description	我定睛观看，见内中有地上四足的牲畜和野兽、昆虫，并天上的飞鸟。
51003008	Recommendation	但现在你们要弃绝这一切的事，以及恼恨、忿怒、恶毒、毁谤，并口中污秽的言语。
44018003	Description	他们本是制造帐棚为业。保罗因与他们同业，就和他们同住做工。
45006012	Sin	所以，不要容罪在你们必死的身上作王，使你们顺从身子的私欲。
53003012	Recommendation	我们靠主耶稣基督吩咐、劝戒这样的人，要安静做工，吃自己的饭。
44007009	Sin	「先祖嫉妒约瑟，把他卖到埃及去； 神却与他同在，
44011028	Description	内中有一位，名叫亚迦布，站起来，借着圣灵指明天下将有大饥荒。（这事到克劳第年间果然有了。）
44020036	Description	保罗说完了这话，就跪下同众人祷告。
48005024	Faith	凡属基督耶稣的人，是已经把肉体连肉体的邪情私欲同钉在十字架上了。
59001002	Recommendation	我的弟兄们，你们落在百般试炼中，都要以为大喜乐；
62001006	Sin	我们若说是与 神相交，却仍在黑暗里行，就是说谎话，不行真理了。
44010011	Description	看见天开了，有一物降下，好像一块大布，系着四角，缒在地上，
44002009	Description	我们帕提亚人、米底亚人、以拦人，和住在美索不达米亚、犹太、加帕多家、本都、亚细亚、
51001010	Faith	好叫你们行事为人对得起主，凡事蒙他喜悦，在一切善事上结果子，渐渐地多知道 神；
54001018	Recommendation	我儿提摩太啊，我照从前指着你的预言，将这命令交托你，叫你因此可以打那美好的仗。
66019001	Faith	此后，我听见好像群众在天上大声说： 哈利路亚！ 救恩、荣耀、权能都属乎我们的 神！
49002001	Grace	你们死在过犯罪恶之中，他叫你们活过来。
46010021	Sin	你们不能喝主的杯又喝鬼的杯，不能吃主的筵席又吃鬼的筵席。
49005003	Recommendation	至于淫乱并一切污秽，或是贪婪，在你们中间连提都不可，方合圣徒的体统。
56001015	Sin	在洁净的人，凡物都洁净；在污秽不信的人，什么都不洁净，连心地和天良也都污秽了。
44009021	Description	凡听见的人都惊奇，说：「在耶路撒冷残害求告这名的，不是这人吗？并且他到这里来，特要捆绑他们，带到祭司长那里。」
58008006	Description	如今耶稣所得的职任是更美的，正如他作更美之约的中保；这约原是凭更美之应许立的。
50001021	Faith	因我活着就是基督，我死了就有益处。
50001006	Faith	我深信那在你们心里动了善工的，必成全这工，直到耶稣基督的日子。
62005020	Faith	我们也知道， 神的儿子已经来到，且将智慧赐给我们，使我们认识那位真实的，我们也在那位真实的里面，就是在他儿子耶稣基督里面。这是真神，也是永生。
45012018	Recommendation	若是能行，总要尽力与众人和睦。
58010023	Faith	也要坚守我们所承认的指望，不至摇动，因为那应许我们的是信实的。
43014027	Grace	我留下平安给你们；我将我的平安赐给你们。我所赐的，不像世人所赐的。你们心里不要忧愁，也不要胆怯。
47005006	Faith	所以，我们时常坦然无惧，并且晓得我们住在身内，便与主相离。
43012047	Grace	若有人听见我的话不遵守，我不审判他。我来本不是要审判世界，乃是要拯救世界。
62003012	Sin	不可像该隐；他是属那恶者，杀了他的兄弟。为什么杀了他呢？因自己的行为是恶的，兄弟的行为是善的。
66016020	Description	各海岛都逃避了，众山也不见了。
58011012	Description	所以从一个仿佛已死的人就生出子孙，如同天上的星那样众多，海边的沙那样无数。
54001017	Faith	但愿尊贵、荣耀归与那不能朽坏、不能看见、永世的君王、独一的 神，直到永永远远。阿们！
66014007	Faith	他大声说：「应当敬畏 神，将荣耀归给他！因他施行审判的时候已经到了。应当敬拜那创造天地海和众水泉源的。」
44006001	Description	那时，门徒增多，有说希腊话的犹太人向希伯来人发怨言，因为在天天的供给上忽略了他们的寡妇。
60002021	Grace	你们蒙召原是为此；因基督也为你们受过苦，给你们留下榜样，叫你们跟随他的脚踪行。
53003010	Recommendation	我们在你们那里的时候，曾吩咐你们说，若有人不肯做工，就不可吃饭。
43003016	Grace	「 神爱世人，甚至将他的独生子赐给他们，叫一切信他的，不致灭亡，反得永生。
44019015	Description	恶鬼回答他们说：「耶稣我认识，保罗我也知道。你们却是谁呢？」
66019019	Violence	我看见那兽和地上的君王，并他们的众军都聚集，要与骑白马的并他的军兵争战。
44027002	Description	有一只亚大米田的船，要沿着亚细亚一带地方的海边走，我们就上了那船开行；有马其顿的帖撒罗尼迦人亚里达古和我们同去。
58013003	Recommendation	你们要记念被捆绑的人，好像与他们同受捆绑；也要记念遭苦害的人，想到自己也在肉身之内。
51003017	Recommendation	无论做什么，或说话或行事，都要奉主耶稣的名，借着他感谢父 神。
48006006	Recommendation	在道理上受教的，当把一切需用的供给施教的人。
44007005	Description	在这地方， 神并没有给他产业，连立足之地也没有给他；但应许要将这地赐给他和他的后裔为业；那时他还没有儿子。
44007019	Description	他用诡计待我们的宗族，苦害我们的祖宗，叫他们丢弃婴孩，使婴孩不能存活。
43020003	Description	彼得和那门徒就出来，往坟墓那里去。
44024016	Faith	我因此自己勉励，对 神对人，常存无亏的良心。
65001013	Description	是海里的狂浪，涌出自己可耻的沫子来；是流荡的星，有墨黑的幽暗为他们永远存留。
48001012	Description	因为我不是从人领受的，也不是人教导我的，乃是从耶稣基督启示来的。
45007005	Sin	因为我们属肉体的时候，那因律法而生的恶欲就在我们肢体中发动，以致结成死亡的果子。
54002007	Faith	我为此奉派作传道的，作使徒，作外邦人的师傅，教导他们相信，学习真道。我说的是真话，并不是谎言。
62003024	Faith	遵守 神命令的，就住在 神里面， 神也住在他里面。我们所以知道 神住在我们里面是因他所赐给我们的圣灵。
46010024	Recommendation	无论何人，不要求自己的益处，乃要求别人的益处。
45012016	Recommendation	要彼此同心；不要志气高大，倒要俯就卑微的人。不要自以为聪明。
49004031	Recommendation	一切苦毒、恼恨、忿怒、嚷闹、毁谤，并一切的恶毒，都当从你们中间除掉；
51001025	Faith	我照 神为你们所赐我的职分作了教会的执事，要把 神的道理传得全备，
66001014	Description	他的头与发皆白，如白羊毛，如雪；眼目如同火焰；
47004015	Grace	凡事都是为你们，好叫恩惠因人多越发加增，感谢格外显多，以致荣耀归与 神。
43006056	Faith	吃我肉、喝我血的人常在我里面，我也常在他里面。
43011027	Faith	马大说：「主啊，是的，我信你是基督，是 神的儿子，就是那要临到世界的。」
44002042	Faith	都恒心遵守使徒的教训，彼此交接，擘饼，祈祷。
58001009	Grace	你喜爱公义，恨恶罪恶； 所以 神，就是你的 神，用喜乐油膏你， 胜过膏你的同伴；
44012002	Violence	用刀杀了约翰的哥哥雅各。
55002016	Recommendation	但要远避世俗的虚谈，因为这等人必进到更不敬虔的地步。
62003015	Sin	凡恨他弟兄的，就是杀人的；你们晓得凡杀人的，没有永生存在他里面。
43021015	Faith	他们吃完了早饭，耶稣对西门·彼得说：「约翰的儿子西门，你爱我比这些更深吗？」彼得说：「主啊，是的，你知道我爱你。」耶稣对他说：「你喂养我的小羊。」
46012008	Grace	这人蒙圣灵赐他智慧的言语，那人也蒙这位圣灵赐他知识的言语，
44007013	Description	第二次约瑟与弟兄们相认，他的亲族也被法老知道了。
60003010	Recommendation	因为经上说： 人若爱生命， 愿享美福， 须要禁止舌头不出恶言， 嘴唇不说诡诈的话；
44004032	Description	那许多信的人都是一心一意的，没有一人说他的东西有一样是自己的，都是大家公用。
46015003	Grace	我当日所领受又传给你们的：第一，就是基督照圣经所说，为我们的罪死了，
66018024	Violence	先知和圣徒，并地上一切被杀之人的血，都在这城里看见了。
44013048	Faith	外邦人听见这话，就欢喜了，赞美 神的道；凡预定得永生的人都信了。
66022020	Description	证明这事的说：「是了，我必快来！」阿们！主耶稣啊，我愿你来！
50004009	Recommendation	你们在我身上所学习的，所领受的，所听见的，所看见的，这些事你们都要去行，赐平安的 神就必与你们同在。
53003015	Recommendation	但不要以他为仇人，要劝他如弟兄。
51002008	Recommendation	你们要谨慎，恐怕有人用他的理学和虚空的妄言，不照着基督，乃照人间的遗传和世上的小学就把你们掳去。
50003014	Faith	向着标竿直跑，要得 神在基督耶稣里从上面召我来得的奖赏。
56002014	Faith	他为我们舍了自己，要赎我们脱离一切罪恶，又洁净我们，特作自己的子民，热心为善。
43005024	Faith	我实实在在地告诉你们，那听我话、又信差我来者的，就有永生；不至于定罪，是已经出死入生了。
66021015	Description	对我说话的，拿着金苇子当尺，要量那城和城门城墙。
50003019	Sin	他们的结局就是沉沦；他们的神就是自己的肚腹。他们以自己的羞辱为荣耀，专以地上的事为念。
54003006	Sin	初入教的不可作监督，恐怕他自高自大，就落在魔鬼所受的刑罚里。
65001003	Recommendation	亲爱的弟兄啊，我想尽心写信给你们，论我们同得救恩的时候，就不得不写信劝你们，要为从前一次交付圣徒的真道竭力地争辩。
44004002	Description	因他们教训百姓，本着耶稣，传说死人复活，就很烦恼，
66018005	Sin	因她的罪恶滔天； 她的不义， 神已经想起来了。
43004046	Description	耶稣又到了加利利的迦拿，就是他从前变水为酒的地方。有一个大臣，他的儿子在迦百农患病。
45012011	Recommendation	殷勤，不可懒惰；要心里火热，常常服事主。
60001008	Faith	你们虽然没有见过他，却是爱他；如今虽不得看见，却因信他就有说不出来、满有荣光的大喜乐；
62004013	Grace	神将他的灵赐给我们，从此就知道我们是住在他里面，他也住在我们里面。
43019029	Description	有一个器皿盛满了醋，放在那里；他们就拿海绒蘸满了醋，绑在牛膝草上，送到他口。
51001013	Grace	他救了我们脱离黑暗的权势，把我们迁到他爱子的国里；
45016017	Recommendation	弟兄们，那些离间你们、叫你们跌倒、背乎所学之道的人，我劝你们要留意躲避他们。
45012007	Recommendation	或作执事，就当专一执事；或作教导的，就当专一教导；
43016023	Faith	到那日，你们什么也就不问我了。我实实在在地告诉你们，你们若向父求什么，他必因我的名赐给你们。
66021019	Description	城墙的根基是用各样宝石修饰的：第一根基是碧玉；第二是蓝宝石；第三是绿玛瑙；第四是绿宝石；
59004017	Sin	人若知道行善，却不去行，这就是他的罪了。
66019005	Faith	有声音从宝座出来说： 神的众仆人哪， 凡敬畏他的，无论大小， 都要赞美我们的 神！
47005002	Faith	我们在这帐棚里叹息，深想得那从天上来的房屋，好像穿上衣服；
48006004	Recommendation	各人应当察验自己的行为；这样，他所夸的就专在自己，不在别人了，
46007036	Recommendation	若有人以为自己待他的女儿不合宜，女儿也过了年岁，事又当行，他就可随意办理，不算有罪，叫二人成亲就是了。
43016002	Violence	人要把你们赶出会堂，并且时候将到，凡杀你们的就以为是事奉 神。
66015001	Description	我又看见在天上有异象，大而且奇，就是七位天使掌管末了的七灾，因为 神的大怒在这七灾中发尽了。
43018023	Description	耶稣说：「我若说的不是，你可以指证那不是；我若说的是，你为什么打我呢？」
50004003	Recommendation	我也求你这真实同负一轭的，帮助这两个女人，因为她们在福音上曾与我一同劳苦；还有革利免，并其余和我一同做工的，他们的名字都在生命册上。
66016006	Sin	他们曾流圣徒与先知的血， 现在你给他们血喝； 这是他们所该受的。
45006002	Sin	断乎不可！我们在罪上死了的人岂可仍在罪中活着呢？
66017011	Violence	那先前有如今没有的兽，就是第八位；他也和那七位同列，并且归于沉沦。
48004030	Recommendation	然而经上是怎么说的呢？是说：「把使女和她儿子赶出去！因为使女的儿子不可与自主妇人的儿子一同承受产业。」
54006009	Sin	但那些想要发财的人，就陷在迷惑、落在网罗和许多无知有害的私欲里，叫人沉在败坏和灭亡中。
66017016	Violence	你所看见的那十角与兽必恨这淫妇，使她冷落赤身，又要吃她的肉，用火将她烧尽。
46008003	Faith	若有人爱 神，这人乃是 神所知道的。
45003009	Sin	这却怎么样呢？我们比他们强吗？决不是的！因我们已经证明：犹太人和希腊人都在罪恶之下。
44007041	Sin	那时，他们造了一个牛犊，又拿祭物献给那像，欢喜自己手中的工作。
66009020	Sin	其余未曾被这些灾所杀的人仍旧不悔改自己手所做的，还是去拜鬼魔和那些不能看、不能听、不能走，金、银、铜、木、石的偶像，
47005011	Faith	我们既知道主是可畏的，所以劝人。但我们在 神面前是显明的，盼望在你们的良心里也是显明的。
49002003	Sin	我们从前也都在他们中间，放纵肉体的私欲，随着肉体和心中所喜好的去行，本为可怒之子，和别人一样。
44002040	Recommendation	彼得还用许多话作见证，劝勉他们说：「你们当救自己脱离这弯曲的世代。」
45008013	Faith	你们若顺从肉体活着，必要死；若靠着圣灵治死身体的恶行，必要活着。
45010011	Faith	经上说：「凡信他的人必不至于羞愧。」
45001008	Faith	第一，我靠着耶稣基督，为你们众人感谢我的 神，因你们的信德传遍了天下。
52001004	Faith	被 神所爱的弟兄啊，我知道你们是蒙拣选的；
60004008	Recommendation	最要紧的是彼此切实相爱，因为爱能遮掩许多的罪。
44027001	Description	非斯都既然定规了，叫我们坐船往意大利去，便将保罗和别的囚犯交给御营里的一个百夫长，名叫犹流。
66015003	Faith	唱 神仆人摩西的歌和羔羊的歌，说： 主 神—全能者啊， 你的作为大哉！奇哉！ 万世之王啊， 你的道途义哉！诚哉！
60002002	Faith	就要爱慕那纯净的灵奶，像才生的婴孩爱慕奶一样，叫你们因此渐长，以致得救。
66014013	Faith	我听见从天上有声音说：「你要写下：从今以后，在主里面而死的人有福了！」圣灵说：「是的，他们息了自己的劳苦，做工的果效也随着他们。」
59001027	Faith	在 神我们的父面前，那清洁没有玷污的虔诚，就是看顾在患难中的孤儿寡妇，并且保守自己不沾染世俗。
51002004	Recommendation	我说这话，免得有人用花言巧语迷惑你们。
66005013	Description	我又听见在天上、地上、地底下、沧海里，和天地间一切所有被造之物，都说： 但愿颂赞、尊贵、荣耀、权势 都归给坐宝座的和羔羊， 直到永永远远！
66008008	Description	第二位天使吹号，就有仿佛火烧着的大山扔在海中；海的三分之一变成血，
44007058	Violence	把他推到城外，用石头打他。作见证的人把衣裳放在一个少年人名叫扫罗的脚前。
45015011	Faith	又说： 外邦啊，你们当赞美主！ 万民哪，你们都当颂赞他！
45011036	Faith	因为万有都是本于他， 倚靠他，归于他。 愿荣耀归给他，直到永远。阿们！
43001029	Faith	次日，约翰看见耶稣来到他那里，就说：「看哪， 神的羔羊，除去世人罪孽的！
58011031	Description	妓女喇合因着信，曾和和平平地接待探子，就不与那些不顺从的人一同灭亡。
43010010	Grace	盗贼来，无非要偷窃，杀害，毁坏；我来了，是要叫羊得生命，并且得的更丰盛。
50003020	Faith	我们却是天上的国民，并且等候救主，就是主耶稣基督从天上降临。
45015007	Recommendation	所以，你们要彼此接纳，如同基督接纳你们一样，使荣耀归与 神。
44021024	Recommendation	你带他们去，与他们一同行洁净的礼，替他们拿出规费，叫他们得以剃头。这样，众人就可知道，先前所听见你的事都是虚的；并可知道，你自己为人，循规蹈矩，遵行律法。
45004012	Faith	又作受割礼之人的父，就是那些不但受割礼，并且按我们的祖宗亚伯拉罕未受割礼而信之踪迹去行的人。
44001026	Description	于是众人为他们摇签，摇出马提亚来；他就和十一个使徒同列。
45004007	Grace	他说： 得赦免其过、遮盖其罪的， 这人是有福的。
66011004	Description	他们就是那两棵橄榄树，两个灯台，立在世界之主面前的。
59004009	Recommendation	你们要愁苦、悲哀、哭泣，将喜笑变作悲哀，欢乐变作愁闷。
64001011	Recommendation	亲爱的兄弟啊，不要效法恶，只要效法善。行善的属乎 神；行恶的未曾见过 神。
45004011	Faith	并且他受了割礼的记号，作他未受割礼的时候因信称义的印证，叫他作一切未受割礼而信之人的父，使他们也算为义；
45006007	Grace	因为已死的人是脱离了罪。
47004010	Faith	身上常带着耶稣的死，使耶稣的生也显明在我们身上。
50002021	Sin	别人都求自己的事，并不求耶稣基督的事。
58011011	Faith	因着信，连撒拉自己，虽然过了生育的岁数，还能怀孕，因她以为那应许她的是可信的。
43006039	Grace	差我来者的意思就是：他所赐给我的，叫我一个也不失落，在末日却叫他复活。
46008006	Faith	然而我们只有一位 神，就是父—万物都本于他；我们也归于他—并有一位主，就是耶稣基督—万物都是借着他有的；我们也是借着他有的。
52003006	Description	但提摩太刚才从你们那里回来，将你们信心和爱心的好消息报给我们，又说你们常常记念我们，切切地想见我们，如同我们想见你们一样。
60005004	Grace	到了牧长显现的时候，你们必得那永不衰残的荣耀冠冕。
47003012	Faith	我们既有这样的盼望，就大胆讲说，
61002012	Sin	但这些人好像没有灵性，生来就是畜类，以备捉拿宰杀的。他们毁谤所不晓得的事，正在败坏人的时候，自己必遭遇败坏。
43012006	Sin	他说这话，并不是挂念穷人，乃因他是个贼，又带着钱囊，常取其中所存的。
62004016	Faith	神爱我们的心，我们也知道也信。 神就是爱；住在爱里面的，就是住在 神里面， 神也住在他里面。
44011019	Description	那些因司提反的事遭患难四散的门徒直走到腓尼基和塞浦路斯，并安提阿；他们不向别人讲道，只向犹太人讲。
54006006	Faith	然而，敬虔加上知足的心便是大利了；
66013007	Violence	又任凭它与圣徒争战，并且得胜；也把权柄赐给它，制伏各族、各民、各方、各国。
60002020	Faith	你们若因犯罪受责打，能忍耐，有什么可夸的呢？但你们若因行善受苦，能忍耐，这在 神看是可喜爱的。
58009015	Grace	为此，他作了新约的中保，既然受死赎了人在前约之时所犯的罪过，便叫蒙召之人得着所应许永远的产业。
45006001	Sin	这样，怎么说呢？我们可以仍在罪中、叫恩典显多吗？
49005004	Recommendation	淫词、妄语，和戏笑的话都不相宜；总要说感谢的话。
66006008	Violence	我就观看，见有一匹灰色马；骑在马上的，名字叫作死，阴府也随着他；有权柄赐给他们，可以用刀剑、饥荒、瘟疫、野兽，杀害地上四分之一的人。
45004016	Faith	所以人得为后嗣是本乎信，因此就属乎恩，叫应许定然归给一切后裔；不但归给那属乎律法的，也归给那效法亚伯拉罕之信的。
44028018	Description	他们审问了我，就愿意释放我；因为在我身上，并没有该死的罪。
45009016	Grace	据此看来，这不在乎那定意的，也不在乎那奔跑的，只在乎发怜悯的 神。
46010008	Sin	我们也不要行奸淫，像他们有人行的，一天就倒毙了二万三千人；
45007023	Sin	但我觉得肢体中另有个律和我心中的律交战，把我掳去，叫我附从那肢体中犯罪的律。
58006001	Faith	所以，我们应当离开基督道理的开端，竭力进到完全的地步，不必再立根基，就如那懊悔死行、信靠 神、
46016011	Recommendation	所以，无论谁都不可藐视他，只要送他平安前行，叫他到我这里来，因我指望他和弟兄们同来。
59002014	Faith	我的弟兄们，若有人说自己有信心，却没有行为，有什么益处呢？这信心能救他吗？
43007025	Description	耶路撒冷人中有的说：「这不是他们想要杀的人吗？
43020022	Faith	说了这话，就向他们吹一口气，说：「你们受圣灵！
45010003	Sin	因为不知道 神的义，想要立自己的义，就不服 神的义了。
62005010	Faith	信 神儿子的，就有这见证在他心里；不信 神的，就是将 神当作说谎的，因不信 神为他儿子作的见证。
43014012	Faith	我实实在在地告诉你们，我所做的事，信我的人也要做，并且要做比这更大的事，因为我往父那里去。
56002009	Recommendation	劝仆人要顺服自己的主人，凡事讨他的喜欢，不可顶撞他，
58012015	Recommendation	又要谨慎，恐怕有人失了 神的恩；恐怕有毒根生出来扰乱你们，因此叫众人沾染污秽；
54003007	Recommendation	监督也必须在教外有好名声，恐怕被人毁谤，落在魔鬼的网罗里。
49004007	Grace	我们各人蒙恩，都是照基督所量给各人的恩赐。
66016003	Description	第二位天使把碗倒在海里，海就变成血，好像死人的血，海中的活物都死了。
49006006	Recommendation	不要只在眼前事奉，像是讨人喜欢的，要像基督的仆人，从心里遵行 神的旨意。
60003016	Recommendation	存着无亏的良心，叫你们在何事上被毁谤，就在何事上可以叫那诬赖你们在基督里有好品行的人自觉羞愧。
43006040	Faith	因为我父的意思是叫一切见子而信的人得永生，并且在末日我要叫他复活。」
44012023	Violence	希律不归荣耀给 神，所以主的使者立刻罚他，他被虫所咬，气就绝了。
47001003	Grace	愿颂赞归与我们的主耶稣基督的父 神，就是发慈悲的父，赐各样安慰的 神。
54001006	Sin	有人偏离这些，反去讲虚浮的话，
45001016	Faith	我不以福音为耻；这福音本是 神的大能，要救一切相信的，先是犹太人，后是希腊人。
46003011	Description	因为那已经立好的根基就是耶稣基督，此外没有人能立别的根基。
49005033	Recommendation	然而，你们各人都当爱妻子，如同爱自己一样。妻子也当敬重她的丈夫。
51002013	Grace	你们从前在过犯和未受割礼的肉体中死了， 神赦免了你们一切过犯，便叫你们与基督一同活过来；
54004014	Recommendation	你不要轻忽所得的恩赐，就是从前借着预言、在众长老按手的时候赐给你的。
66021001	Description	我又看见一个新天新地；因为先前的天地已经过去了，海也不再有了。
52005016	Recommendation	要常常喜乐，
66009006	Description	在那些日子，人要求死，决不得死；愿意死，死却远避他们。
52004014	Faith	我们若信耶稣死而复活了，那已经在耶稣里睡了的人， 神也必将他们与耶稣一同带来。
62004015	Faith	凡认耶稣为 神儿子的， 神就住在他里面，他也住在 神里面。
49004022	Recommendation	就要脱去你们从前行为上的旧人，这旧人是因私欲的迷惑渐渐变坏的；
43010009	Grace	我就是门；凡从我进来的，必然得救，并且出入得草吃。
58011037	Violence	被石头打死，被锯锯死，受试探，被刀杀，披着绵羊山羊的皮各处奔跑，受穷乏、患难、苦害，
62002029	Faith	你们若知道他是公义的，就知道凡行公义之人都是他所生的。
44013047	Grace	因为主曾这样吩咐我们说： 我已经立你作外邦人的光， 叫你施行救恩，直到地极。」
47004002	Faith	乃将那些暗昧可耻的事弃绝了；不行诡诈，不谬讲 神的道理，只将真理表明出来，好在 神面前把自己荐与各人的良心。
44002033	Description	他既被 神的右手高举，又从父受了所应许的圣灵，就把你们所看见所听见的，浇灌下来。
51003010	Recommendation	穿上了新人。这新人在知识上渐渐更新，正如造他主的形象。
43011004	Faith	耶稣听见，就说：「这病不至于死，乃是为 神的荣耀，叫 神的儿子因此得荣耀。」
45001017	Faith	因为 神的义正在这福音上显明出来；这义是本于信，以至于信。如经上所记：「义人必因信得生。」
43019017	Description	他们就把耶稣带了去。耶稣背着自己的十字架出来，到了一个地方，名叫「髑髅地」，希伯来话叫各各他。
45012006	Faith	按我们所得的恩赐，各有不同。或说预言，就当照着信心的程度说预言；
66004007	Description	第一个活物像狮子，第二个像牛犊，第三个脸面像人，第四个像飞鹰。
49005015	Recommendation	你们要谨慎行事，不要像愚昧人，当像智慧人。
45010012	Grace	犹太人和希腊人并没有分别，因为众人同有一位主；他也厚待一切求告他的人。
45010004	Faith	律法的总结就是基督，使凡信他的都得着义。
50004006	Recommendation	应当一无挂虑，只要凡事借着祷告、祈求，和感谢，将你们所要的告诉 神。
46010006	Faith	这些事都是我们的鉴戒，叫我们不要贪恋恶事，像他们那样贪恋的；
66009002	Description	它开了无底坑，便有烟从坑里往上冒，好像大火炉的烟；日头和天空都因这烟昏暗了。
52004006	Recommendation	不要一个人在这事上越分，欺负他的弟兄；因为这一类的事，主必报应，正如我预先对你们说过、又切切嘱咐你们的。
47005017	Faith	若有人在基督里，他就是新造的人，旧事已过，都变成新的了。
43005020	Faith	父爱子，将自己所做的一切事指给他看，还要将比这更大的事指给他看，叫你们希奇。
49004028	Recommendation	从前偷窃的，不要再偷；总要劳力，亲手做正经事，就可有余分给那缺少的人。
57001022	Recommendation	此外你还要给我预备住处；因为我盼望借着你们的祷告，必蒙恩到你们那里去。
58013009	Recommendation	你们不要被那诸般怪异的教训勾引了去；因为人心靠恩得坚固才是好的，并不是靠饮食。那在饮食上专心的从来没有得着益处。
52005012	Recommendation	弟兄们，我们劝你们敬重那在你们中间劳苦的人，就是在主里面治理你们、劝戒你们的；
43009022	Description	他父母说这话，是怕犹太人；因为犹太人已经商议定了，若有认耶稣是基督的，要把他赶出会堂。
50003003	Faith	因为真受割礼的，乃是我们这以 神的灵敬拜、在基督耶稣里夸口、不靠着肉体的。
62003023	Faith	神的命令就是叫我们信他儿子耶稣基督的名，且照他所赐给我们的命令彼此相爱。
66013011	Description	我又看见另有一个兽从地中上来，有两角如同羊羔，说话好像龙。
46014020	Recommendation	弟兄们，在心志上不要作小孩子。然而，在恶事上要作婴孩，在心志上总要作大人。
59005013	Recommendation	你们中间有受苦的呢，他就该祷告；有喜乐的呢，他就该歌颂。
58012012	Recommendation	所以，你们要把下垂的手、发酸的腿挺起来；
60001017	Recommendation	你们既称那不偏待人、按各人行为审判人的主为父，就当存敬畏的心度你们在世寄居的日子，
58010036	Recommendation	你们必须忍耐，使你们行完了 神的旨意，就可以得着所应许的。
58011001	Faith	信就是所望之事的实底，是未见之事的确据。
49004017	Recommendation	所以我说，且在主里确实地说，你们行事不要再像外邦人存虚妄的心行事。
51002016	Recommendation	所以，不拘在饮食上，或节期、月朔、安息日都不可让人论断你们。
66007015	Faith	所以，他们在 神宝座前，昼夜在他殿中事奉他。坐宝座的要用帐幕覆庇他们。
44020010	Description	保罗下去，伏在他身上，抱着他，说：「你们不要发慌，他的灵魂还在身上。」
55002010	Faith	所以，我为选民凡事忍耐，叫他们也可以得着那在基督耶稣里的救恩和永远的荣耀。
60005014	Recommendation	你们要用爱心彼此亲嘴问安。愿平安归与你们凡在基督里的人！
49005021	Recommendation	又当存敬畏基督的心，彼此顺服。
61003017	Recommendation	亲爱的弟兄啊，你们既然预先知道这事，就当防备，恐怕被恶人的错谬诱惑，就从自己坚固的地步上坠落。
51003018	Recommendation	你们作妻子的，当顺服自己的丈夫，这在主里面是相宜的。
54005020	Recommendation	犯罪的人，当在众人面前责备他，叫其余的人也可以惧怕。
45014013	Recommendation	所以，我们不可再彼此论断，宁可定意谁也不给弟兄放下绊脚跌人之物。
45002010	Grace	却将荣耀、尊贵、平安加给一切行善的人，先是犹太人，后是希腊人。
58011034	Violence	灭了烈火的猛势，脱了刀剑的锋刃；软弱变为刚强，争战显出勇敢，打退外邦的全军。
48006017	Faith	从今以后，人都不要搅扰我，因为我身上带着耶稣的印记。
66018021	Violence	有一位大力的天使举起一块石头，好像大磨石，扔在海里，说： 巴比伦大城也必这样猛力地被扔下去， 决不能再见了。
65001020	Faith	亲爱的弟兄啊，你们却要在至圣的真道上造就自己，在圣灵里祷告，
45012002	Recommendation	不要效法这个世界，只要心意更新而变化，叫你们察验何为 神的善良、纯全、可喜悦的旨意。
46015009	Sin	我原是使徒中最小的，不配称为使徒，因为我从前逼迫 神的教会。
62002015	Recommendation	不要爱世界和世界上的事。人若爱世界，爱父的心就不在他里面了。
45002001	Sin	你这论断人的，无论你是谁，也无可推诿。你在什么事上论断人，就在什么事上定自己的罪；因你这论断人的，自己所行却和别人一样。
48002009	Description	又知道所赐给我的恩典，那称为教会柱石的雅各、矶法、约翰，就向我和巴拿巴用右手行相交之礼，叫我们往外邦人那里去，他们往受割礼的人那里去。
43019023	Description	兵丁既然将耶稣钉在十字架上，就拿他的衣服分为四分，每兵一分；又拿他的里衣，这件里衣原来没有缝儿，是上下一片织成的。
45002021	Sin	你既是教导别人，还不教导自己吗？你讲说人不可偷窃，自己还偷窃吗？
46006019	Faith	岂不知你们的身子就是圣灵的殿吗？这圣灵是从 神而来，住在你们里头的；并且你们不是自己的人，
47005014	Grace	原来基督的爱激励我们；因我们想，一人既替众人死，众人就都死了；
58003001	Faith	同蒙天召的圣洁弟兄啊，你们应当思想我们所认为使者、为大祭司的耶稣。
44020035	Recommendation	我凡事给你们作榜样，叫你们知道应当这样劳苦，扶助软弱的人，又当记念主耶稣的话，说：『施比受更为有福。』」
58013004	Recommendation	婚姻，人人都当尊重，床也不可污秽；因为苟合行淫的人， 神必要审判。
43020005	Description	低头往里看，就见细麻布还放在那里，只是没有进去。
66016018	Description	又有闪电、声音、雷轰、大地震，自从地上有人以来，没有这样大、这样厉害的地震。
66019010	Faith	我就俯伏在他脚前要拜他。他说：「千万不可！我和你，并你那些为耶稣作见证的弟兄同是作仆人的，你要敬拜 神。」因为预言中的灵意乃是为耶稣作见证。
46002010	Grace	只有 神借着圣灵向我们显明了，因为圣灵参透万事，就是 神深奥的事也参透了。
50002029	Recommendation	故此，你们要在主里欢欢乐乐地接待他，而且要尊重这样的人；
51003020	Recommendation	你们作儿女的，要凡事听从父母，因为这是主所喜悦的。
47001012	Faith	我们所夸的是自己的良心，见证我们凭着 神的圣洁和诚实；在世为人不靠人的聪明，乃靠 神的恩惠，向你们更是这样。
43014021	Faith	有了我的命令又遵守的，这人就是爱我的；爱我的必蒙我父爱他，我也要爱他，并且要向他显现。」
51002023	Sin	这些规条使人徒有智慧之名，用私意崇拜，自表谦卑，苦待己身，其实在克制肉体的情欲上是毫无功效。
64001006	Recommendation	他们在教会面前证明了你的爱；你若配得过 神，帮助他们往前行，这就好了。
55002023	Recommendation	惟有那愚拙无学问的辩论，总要弃绝，因为知道这等事是起争竞的。
47003018	Faith	我们众人既然敞着脸得以看见主的荣光，好像从镜子里返照，就变成主的形状，荣上加荣，如同从主的灵变成的。
58009014	Grace	何况基督借着永远的灵，将自己无瑕无疵献给 神，他的血岂不更能洗净你们的心，除去你们的死行，使你们事奉那永生 神吗？
44011017	Grace	神既然给他们恩赐，像在我们信主耶稣基督的时候给了我们一样；我是谁，能拦阻 神呢？」
49004030	Faith	不要叫 神的圣灵担忧；你们原是受了他的印记，等候得赎的日子来到。
66003003	Recommendation	所以要回想你是怎样领受、怎样听见的，又要遵守，并要悔改。若不警醒，我必临到你那里，如同贼一样。我几时临到，你也决不能知道。
62003007	Recommendation	小子们哪，不要被人诱惑。行义的才是义人，正如主是义的一样。
62004001	Recommendation	亲爱的弟兄啊，一切的灵，你们不可都信，总要试验那些灵是出于 神的不是，因为世上有许多假先知已经出来了。
44013038	Grace	所以，弟兄们，你们当晓得：赦罪的道是由这人传给你们的。
50003001	Recommendation	弟兄们，我还有话说，你们要靠主喜乐。我把这话再写给你们，于我并不为难，于你们却是妥当。
46011034	Recommendation	若有人饥饿，可以在家里先吃，免得你们聚会，自己取罪。其余的事，我来的时候再安排。
43018031	Description	彼拉多说：「你们自己带他去，按着你们的律法审问他吧。」犹太人说：「我们没有杀人的权柄。」
46012031	Faith	你们要切切地求那更大的恩赐。 我现今把最妙的道指示你们。
58007026	Description	像这样圣洁、无邪恶、无玷污、远离罪人、高过诸天的大祭司，原是与我们合宜的。
50004013	Faith	我靠着那加给我力量的，凡事都能做。
52004003	Recommendation	神的旨意就是要你们成为圣洁，远避淫行；
51004002	Recommendation	你们要恒切祷告，在此警醒感恩。
44007029	Description	摩西听见这话就逃走了，寄居于米甸；在那里生了两个儿子。
46011007	Description	男人本不该蒙着头，因为他是 神的形象和荣耀；但女人是男人的荣耀。
51003015	Faith	又要叫基督的平安在你们心里作主；你们也为此蒙召，归为一体；且要存感谢的心。
58002010	Grace	原来那为万物所属、为万物所本的，要领许多的儿子进荣耀里去，使救他们的元帅，因受苦难得以完全，本是合宜的。
59004001	Sin	你们中间的争战斗殴是从哪里来的呢？不是从你们百体中战斗之私欲来的吗？
46005001	Sin	风闻在你们中间有淫乱的事。这样的淫乱连外邦人中也没有，就是有人收了他的继母。
46010013	Faith	你们所遇见的试探，无非是人所能受的。 神是信实的，必不叫你们受试探过于所能受的；在受试探的时候，总要给你们开一条出路，叫你们能忍受得住。
44020029	Violence	我知道，我去之后必有凶暴的豺狼进入你们中间，不爱惜羊群。
53001004	Faith	甚至我们在 神的各教会里为你们夸口，都因你们在所受的一切逼迫患难中，仍旧存忍耐和信心。
62004012	Faith	从来没有人见过 神，我们若彼此相爱， 神就住在我们里面，爱他的心在我们里面得以完全了。
48001001	Description	作使徒的保罗（不是由于人，也不是借着人，乃是借着耶稣基督，与叫他从死里复活的父 神）
58012003	Recommendation	那忍受罪人这样顶撞的，你们要思想，免得疲倦灰心。
45006005	Faith	我们若在他死的形状上与他联合，也要在他复活的形状上与他联合；
45015010	Recommendation	又说： 你们外邦人当与主的百姓一同欢乐；
54004001	Sin	圣灵明说，在后来的时候，必有人离弃真道，听从那引诱人的邪灵和鬼魔的道理。
56003001	Recommendation	你要提醒众人，叫他们顺服作官的、掌权的，遵他的命，预备行各样的善事。
61003005	Sin	他们故意忘记，从太古，凭 神的命有了天，并从水而出、借水而成的地。
60003018	Grace	因基督也曾一次为罪受苦，就是义的代替不义的，为要引我们到 神面前。按着肉体说，他被治死；按着灵性说，他复活了。
61002021	Sin	他们晓得义路，竟背弃了传给他们的圣命，倒不如不晓得为妙。
53003006	Recommendation	弟兄们，我们奉主耶稣基督的名吩咐你们，凡有弟兄不按规矩而行，不遵守从我们所受的教训，就当远离他。
45005012	Sin	这就如罪是从一人入了世界，死又是从罪来的，于是死就临到众人，因为众人都犯了罪。
58011033	Faith	他们因着信，制伏了敌国，行了公义，得了应许，堵了狮子的口，
47004009	Faith	遭逼迫，却不被丢弃；打倒了，却不至死亡。
59004004	Sin	你们这些淫乱的人哪，岂不知与世俗为友就是与 神为敌吗？所以凡想要与世俗为友的，就是与 神为敌了。
44016006	Description	圣灵既然禁止他们在亚细亚讲道，他们就经过弗吕家、加拉太一带地方。
45010006	Faith	惟有出于信心的义如此说：「你不要心里说：谁要升到天上去呢？（就是要领下基督来；）
66016002	Violence	第一位天使便去，把碗倒在地上，就有恶而且毒的疮生在那些有兽印记、拜兽像的人身上。
66005008	Description	他既拿了书卷，四活物和二十四位长老就俯伏在羔羊面前，各拿着琴和盛满了香的金炉；这香就是众圣徒的祈祷。
62005001	Faith	凡信耶稣是基督的，都是从 神而生，凡爱生他之 神的，也必爱从 神生的。
48005026	Recommendation	不要贪图虚名，彼此惹气，互相嫉妒。
54005001	Recommendation	不可严责老年人，只要劝他如同父亲；劝少年人如同弟兄；
60002012	Recommendation	你们在外邦人中，应当品行端正，叫那些毁谤你们是作恶的，因看见你们的好行为，便在鉴察的日子归荣耀给 神。
50003006	Sin	就热心说，我是逼迫教会的；就律法上的义说，我是无可指摘的。
43004052	Description	他就问什么时候见好的。他们说：「昨日未时热就退了。」
43019031	Violence	犹太人因这日是预备日，又因那安息日是个大日，就求彼拉多叫人打断他们的腿，把他们拿去，免得尸首当安息日留在十字架上。
43019012	Description	从此，彼拉多想要释放耶稣，无奈犹太人喊着说：「你若释放这个人，就不是凯撒的忠臣。凡以自己为王的，就是背叛凯撒了。」
43014001	Faith	「你们心里不要忧愁；你们信 神，也当信我。
50001028	Faith	凡事不怕敌人的惊吓，这是证明他们沉沦，你们得救都是出于 神。
43015016	Grace	不是你们拣选了我，是我拣选了你们，并且分派你们去结果子，叫你们的果子常存，使你们奉我的名，无论向父求什么，他就赐给你们。
58011004	Faith	亚伯因着信，献祭与 神，比该隐所献的更美，因此便得了称义的见证，就是 神指他礼物作的见证。他虽然死了，却因这信，仍旧说话。
46004001	Recommendation	人应当以我们为基督的执事，为 神奥秘事的管家。
66006013	Description	天上的星辰坠落于地，如同无花果树被大风摇动，落下未熟的果子一样。
46010014	Recommendation	我所亲爱的弟兄啊，你们要逃避拜偶像的事。
45012021	Recommendation	你不可为恶所胜，反要以善胜恶。
55002014	Recommendation	你要使众人回想这些事，在主面前嘱咐他们：不可为言语争辩；这是没有益处的，只能败坏听见的人。
59004008	Recommendation	你们亲近 神， 神就必亲近你们。有罪的人哪，要洁净你们的手！心怀二意的人哪，要清洁你们的心！
59002009	Sin	但你们若按外貌待人，便是犯罪，被律法定为犯法的。
52004007	Grace	神召我们，本不是要我们沾染污秽，乃是要我们成为圣洁。
45001018	Sin	原来， 神的忿怒从天上显明在一切不虔不义的人身上，就是那些行不义阻挡真理的人。
62004007	Faith	亲爱的弟兄啊，我们应当彼此相爱，因为爱是从 神来的。凡有爱心的，都是由 神而生，并且认识 神。
62002009	Sin	人若说自己在光明中，却恨他的弟兄，他到如今还是在黑暗里。
60004014	Grace	你们若为基督的名受辱骂，便是有福的；因为 神荣耀的灵常住在你们身上。
44021019	Grace	保罗问了他们安，便将 神用他传教，在外邦人中间所行之事，一一地述说了。
43008046	Sin	你们中间谁能指证我有罪呢？我既然将真理告诉你们，为什么不信我呢？
58010017	Grace	以后就说： 我不再记念他们的罪愆和他们的过犯。
46001005	Grace	又因你们在他里面凡事富足，口才、知识都全备，
45015030	Recommendation	弟兄们，我借着我们主耶稣基督，又借着圣灵的爱，劝你们与我一同竭力，为我祈求 神，
43007020	Violence	众人回答说：「你是被鬼附着了！谁想要杀你？」
45003025	Grace	神设立耶稣作挽回祭，是凭着耶稣的血，借着人的信，要显明 神的义；因为他用忍耐的心宽容人先时所犯的罪，
43018018	Description	仆人和差役因为天冷，就生了炭火，站在那里烤火；彼得也同他们站着烤火。
49006011	Recommendation	要穿戴 神所赐的全副军装，就能抵挡魔鬼的诡计。
43013037	Faith	彼得说：「主啊，我为什么现在不能跟你去？我愿意为你舍命！」
50004007	Faith	神所赐、出人意外的平安必在基督耶稣里保守你们的心怀意念。
59003009	Faith	我们用舌头颂赞那为主、为父的，又用舌头咒诅那照着 神形象被造的人。
46005010	Sin	此话不是指这世上一概行淫乱的，或贪婪的，勒索的，或拜偶像的；若是这样，你们除非离开世界方可。
44026009	Sin	从前我自己以为应当多方攻击拿撒勒人耶稣的名，
61002014	Sin	他们满眼是淫色，止不住犯罪，引诱那心不坚固的人，心中习惯了贪婪，正是被咒诅的种类。
43010012	Description	若是雇工，不是牧人，羊也不是他自己的，他看见狼来，就撇下羊逃走；狼抓住羊，赶散了羊群。
59001019	Recommendation	我亲爱的弟兄们，这是你们所知道的。但你们各人要快快地听，慢慢地说，慢慢地动怒，
46009014	Recommendation	主也是这样命定，叫传福音的靠着福音养生。
43012046	Grace	我到世上来，乃是光，叫凡信我的，不住在黑暗里。
43005014	Description	后来耶稣在殿里遇见他，对他说：「你已经痊愈了，不要再犯罪，恐怕你遭遇的更加利害。」
46016014	Recommendation	凡你们所做的都要凭爱心而做。
43014015	Recommendation	「你们若爱我，就必遵守我的命令。
58012025	Recommendation	你们总要谨慎，不可弃绝那向你们说话的。因为，那些弃绝在地上警戒他们的尚且不能逃罪，何况我们违背那从天上警戒我们的呢？
48004008	Sin	但从前你们不认识 神的时候，是给那些本来不是神的作奴仆；
44003026	Grace	神既兴起他的仆人，就先差他到你们这里来，赐福给你们，叫你们各人回转，离开罪恶。」
44010039	Violence	他在犹太人之地，并耶路撒冷所行的一切事，有我们作见证。他们竟把他挂在木头上杀了。
46001010	Recommendation	弟兄们，我借我们主耶稣基督的名劝你们都说一样的话。你们中间也不可分党，只要一心一意，彼此相合。
51001021	Sin	你们从前与 神隔绝，因着恶行，心里与他为敌。
55002022	Recommendation	你要逃避少年的私欲，同那清心祷告主的人追求公义、信德、仁爱、和平。
51003001	Faith	所以，你们若真与基督一同复活，就当求在上面的事；那里有基督坐在 神的右边。
66008007	Violence	第一位天使吹号，就有雹子与火搀着血丢在地上；地的三分之一和树的三分之一被烧了，一切的青草也被烧了。
66011017	Faith	说： 昔在、今在的主 神— 全能者啊，我们感谢你！ 因你执掌大权作王了。
43004010	Grace	耶稣回答说：「你若知道 神的恩赐，和对你说『给我水喝』的是谁，你必早求他，他也必早给了你活水。」
51003004	Grace	基督是我们的生命，他显现的时候，你们也要与他一同显现在荣耀里。
43020031	Faith	但记这些事要叫你们信耶稣是基督，是 神的儿子，并且叫你们信了他，就可以因他的名得生命。
62004006	Faith	我们是属 神的，认识 神的就听从我们；不属 神的就不听从我们。从此我们可以认出真理的灵和谬妄的灵来。
65001012	Description	这样的人在你们的爱席上与你们同吃的时候，正是礁石。他们作牧人，只知喂养自己，无所惧怕；是没有雨的云彩，被风飘荡；是秋天没有果子的树，死而又死，连根被拔出来；
44005015	Description	甚至有人将病人抬到街上，放在床上或褥子上，指望彼得过来的时候，或者得他的影儿照在什么人身上。
49006016	Faith	此外，又拿着信德当作盾牌，可以灭尽那恶者一切的火箭；
51003023	Recommendation	无论做什么，都要从心里做，像是给主做的，不是给人做的，
58012016	Recommendation	恐怕有淫乱的，有贪恋世俗如以扫的，他因一点食物把自己长子的名分卖了。
43018040	Sin	他们又喊着说：「不要这人，要巴拉巴！」这巴拉巴是个强盗。
55003004	Sin	卖主卖友，任意妄为，自高自大，爱宴乐，不爱 神，
50002009	Grace	所以， 神将他升为至高， 又赐给他那超乎万名之上的名，
61001016	Description	我们从前将我们主耶稣基督的大能和他降临的事告诉你们，并不是随从乖巧捏造的虚言，乃是亲眼见过他的威荣。
61003016	Sin	他一切的信上也都是讲论这事。信中有些难明白的，那无学问、不坚固的人强解，如强解别的经书一样，就自取沉沦。
44014014	Description	巴拿巴、保罗二使徒听见，就撕开衣裳，跳进众人中间，喊着说：
45015008	Faith	我说，基督是为 神真理作了受割礼人的执事，要证实所应许列祖的话，
59001026	Sin	若有人自以为虔诚，却不勒住他的舌头，反欺哄自己的心，这人的虔诚是虚的。
43015020	Recommendation	你们要记念我从前对你们所说的话：『仆人不能大于主人。』他们若逼迫了我，也要逼迫你们；若遵守了我的话，也要遵守你们的话。
43008031	Faith	耶稣对信他的犹太人说：「你们若常常遵守我的道，就真是我的门徒；
44007011	Description	后来埃及和迦南全地遭遇饥荒，大受艰难，我们的祖宗就绝了粮。
63001004	Faith	我见你的儿女，有照我们从父所受之命令遵行真理的，就甚欢喜。
54005008	Faith	人若不看顾亲属，就是背了真道，比不信的人还不好，不看顾自己家里的人，更是如此。
58010022	Faith	并我们心中天良的亏欠已经洒去，身体用清水洗净了，就当存着诚心和充足的信心来到 神面前；
48001023	Description	不过听说那从前逼迫我们的，现在传扬他原先所残害的真道。
44027034	Recommendation	所以我劝你们吃饭，这是关乎你们救命的事；因为你们各人连一根头发也不至于损坏。」
66002003	Faith	你也能忍耐，曾为我的名劳苦，并不乏倦。
56002002	Recommendation	劝老年人要有节制、端庄、自守，在信心、爱心、忍耐上都要纯全无疵。
44017030	Recommendation	世人蒙昧无知的时候， 神并不监察，如今却吩咐各处的人都要悔改。
43019025	Description	站在耶稣十字架旁边的，有他母亲与他母亲的姊妹，并革罗罢的妻子马利亚，和抹大拉的马利亚。
66019013	Description	他穿着溅了血的衣服；他的名称为 神之道。
46008009	Recommendation	只是你们要谨慎，恐怕你们这自由竟成了那软弱人的绊脚石。
44013034	Grace	论到 神叫他从死里复活，不再归于朽坏，就这样说： 我必将所应许大卫那圣洁、 可靠的恩典赐给你们。
43014020	Faith	到那日，你们就知道我在父里面，你们在我里面，我也在你们里面。
62002003	Faith	我们若遵守他的诫命，就晓得是认识他。
43008024	Sin	所以我对你们说，你们要死在罪中。你们若不信我是基督，必要死在罪中。」
66017006	Sin	我又看见那女人喝醉了圣徒的血和为耶稣作见证之人的血。 我看见她，就大大地希奇。
58012017	Description	后来想要承受父所祝的福，竟被弃绝，虽然号哭切求，却得不着门路使他父亲的心意回转。这是你们知道的。
43007012	Description	众人为他纷纷议论，有的说：「他是好人。」有的说：「不然，他是迷惑众人的。」
44011021	Faith	主与他们同在，信而归主的人就很多了。
52002004	Faith	但 神既然验中了我们，把福音托付我们，我们就照样讲，不是要讨人喜欢，乃是要讨那察验我们心的 神喜欢。
46015057	Grace	感谢 神，使我们借着我们的主耶稣基督得胜。
54005005	Faith	那独居无靠、真为寡妇的，是仰赖 神，昼夜不住地祈求祷告。
43016024	Grace	向来你们没有奉我的名求什么，如今你们求，就必得着，叫你们的喜乐可以满足。」
46007021	Recommendation	你是作奴隶蒙召的吗？不要因此忧虑；若能以自由，就求自由更好。
65001019	Sin	这就是那些引人结党、属乎血气、没有圣灵的人。
48001006	Sin	我希奇你们这么快离开那借着基督之恩召你们的，去从别的福音。
58012014	Recommendation	你们要追求与众人和睦，并要追求圣洁；非圣洁没有人能见主。
43021006	Description	耶稣说：「你们把网撒在船的右边，就必得着。」他们便撒下网去，竟拉不上来了，因为鱼甚多。
46007019	Recommendation	受割礼算不得什么，不受割礼也算不得什么，只要守 神的诫命就是了。
45012008	Recommendation	或作劝化的，就当专一劝化；施舍的，就当诚实；治理的，就当殷勤；怜悯人的，就当甘心。
44019002	Faith	问他们说：「你们信的时候受了圣灵没有？」他们回答说：「没有，也未曾听见有圣灵赐下来。」
53003014	Recommendation	若有人不听从我们这信上的话，要记下他，不和他交往，叫他自觉羞愧。
46015050	Sin	弟兄们，我告诉你们说，血肉之体不能承受 神的国，必朽坏的不能承受不朽坏的。
43006027	Recommendation	不要为那必坏的食物劳力，要为那存到永生的食物劳力，就是人子要赐给你们的，因为人子是父 神所印证的。」
59004003	Sin	你们求也得不着，是因为你们妄求，要浪费在你们的宴乐中。
49005020	Faith	凡事要奉我们主耶稣基督的名常常感谢父 神。
48003006	Faith	正如「亚伯拉罕信 神，这就算为他的义」。
66021023	Grace	那城内又不用日月光照；因有 神的荣耀光照，又有羔羊为城的灯。
45008009	Faith	如果 神的灵住在你们心里，你们就不属肉体，乃属圣灵了。人若没有基督的灵，就不是属基督的。
45011023	Faith	而且他们若不是长久不信，仍要被接上，因为 神能够把他们从新接上。
66014005	Description	在他们口中察不出谎言来；他们是没有瑕疵的。
44024014	Faith	但有一件事，我向你承认，就是他们所称为异端的道，我正按着那道事奉我祖宗的 神，又信合乎律法的和先知书上一切所记载的，
45013008	Recommendation	凡事都不可亏欠人，惟有彼此相爱要常以为亏欠，因为爱人的就完全了律法。
66016009	Sin	人被大热所烤，就亵渎那有权掌管这些灾的 神之名，并不悔改将荣耀归给 神。
66021012	Description	有高大的墙，有十二个门，门上有十二位天使，门上又写着以色列十二个支派的名字。
48003013	Grace	基督既为我们受了咒诅，就赎出我们脱离律法的咒诅；因为经上记着：「凡挂在木头上都是被咒诅的。」
48001013	Sin	你们听见我从前在犹太教中所行的事，怎样极力逼迫残害 神的教会。
66020002	Description	他捉住那龙，就是古蛇，又叫魔鬼，也叫撒但，把它捆绑一千年，
44008009	Description	有一个人，名叫西门，向来在那城里行邪术，妄自尊大，使撒马利亚的百姓惊奇；
50003010	Faith	使我认识基督，晓得他复活的大能，并且晓得和他一同受苦，效法他的死，
54005022	Recommendation	给人行按手的礼，不可急促；不要在别人的罪上有分，要保守自己清洁。
56002003	Recommendation	又劝老年妇人，举止行动要恭敬，不说谗言，不给酒作奴仆，用善道教训人，
46007038	Recommendation	这样看来，叫自己的女儿出嫁是好，不叫她出嫁更是好。
59001022	Recommendation	只是你们要行道，不要单单听道，自己欺哄自己。
43007001	Violence	这事以后，耶稣在加利利游行，不愿在犹太游行，因为犹太人想要杀他。
46001030	Grace	但你们得在基督耶稣里是本乎 神， 神又使他成为我们的智慧、公义、圣洁、救赎。
43013005	Description	随后把水倒在盆里，就洗门徒的脚，并用自己所束的手巾擦干。
44022004	Violence	我也曾逼迫奉这道的人，直到死地，无论男女都锁拿下监。
43007043	Description	于是众人因着耶稣起了纷争。
60005002	Recommendation	务要牧养在你们中间 神的群羊，按着 神旨意照管他们；不是出于勉强，乃是出于甘心；也不是因为贪财，乃是出于乐意；
46015056	Sin	死的毒钩就是罪，罪的权势就是律法。
59005004	Sin	工人给你们收割庄稼，你们亏欠他们的工钱，这工钱有声音呼叫，并且那收割之人的冤声已经入了万军之主的耳了。
60002001	Recommendation	所以，你们既除去一切的恶毒、诡诈，并假善、嫉妒，和一切毁谤的话，
46007039	Recommendation	丈夫活着的时候，妻子是被约束的；丈夫若死了，妻子就可以自由，随意再嫁，只是要嫁这在主里面的人。
55002018	Sin	他们偏离了真道，说复活的事已过，就败坏好些人的信心。
48005006	Faith	原来在基督耶稣里，受割礼不受割礼全无功效，惟独使人生发仁爱的信心才有功效。
58005009	Grace	他既得以完全，就为凡顺从他的人成了永远得救的根源，
46016001	Recommendation	论到为圣徒捐钱，我从前怎样吩咐加拉太的众教会，你们也当怎样行。
49005022	Recommendation	你们作妻子的，当顺服自己的丈夫，如同顺服主。
43008012	Faith	耶稣又对众人说：「我是世界的光。跟从我的，就不在黑暗里走，必要得着生命的光。」
65001017	Recommendation	亲爱的弟兄啊，你们要记念我们主耶稣基督之使徒从前所说的话。
44017025	Grace	也不用人手服事，好像缺少什么；自己倒将生命、气息、万物，赐给万人。
62005009	Faith	我们既领受人的见证， 神的见证更该领受了，因 神的见证是为他儿子作的。
45013014	Faith	总要披戴主耶稣基督，不要为肉体安排，去放纵私欲。
58011030	Description	以色列人因着信，围绕耶利哥城七日，城墙就倒塌了。
44019011	Grace	神借保罗的手行了些非常的奇事；
43008034	Sin	耶稣回答说：「我实实在在地告诉你们，所有犯罪的就是罪的奴仆。
62004011	Faith	亲爱的弟兄啊， 神既是这样爱我们，我们也当彼此相爱。
44002028	Grace	你已将生命的道路指示我， 必叫我因见你的面 得着满足的快乐。
54004013	Recommendation	你要以宣读、劝勉、教导为念，直等到我来。
47004008	Description	我们四面受敌，却不被困住；心里作难，却不至失望；
44002013	Description	还有人讥诮说：「他们无非是新酒灌满了。」
66021018	Description	墙是碧玉造的；城是精金的，如同明净的玻璃。
66015006	Description	那掌管七灾的七位天使从殿中出来，穿着洁白光明的细麻衣，胸间束着金带。
45012014	Recommendation	逼迫你们的，要给他们祝福；只要祝福，不可咒诅。
66001015	Description	脚好像在炉中锻炼光明的铜；声音如同众水的声音。
43017026	Grace	我已将你的名指示他们，还要指示他们，使你所爱我的爱在他们里面，我也在他们里面。」
45008032	Grace	神既不爱惜自己的儿子，为我们众人舍了，岂不也把万物和他一同白白地赐给我们吗？
65001018	Sin	他们曾对你们说过，末世必有好讥诮的人随从自己不敬虔的私欲而行。
45011018	Recommendation	你就不可向旧枝子夸口；若是夸口，当知道不是你托着根，乃是根托着你。
47001024	Faith	我们并不是辖管你们的信心，乃是帮助你们的快乐，因为你们凭信才站立得住。
43011001	Description	有一个患病的人，名叫拉撒路，住在伯大尼，就是马利亚和她姊姊马大的村庄。
52004008	Sin	所以，那弃绝的，不是弃绝人，乃是弃绝那赐圣灵给你们的 神。
62004002	Faith	凡灵认耶稣基督是成了肉身来的，就是出于 神的；从此你们可以认出 神的灵来。
65001008	Sin	这些作梦的人也像他们污秽身体，轻慢主治的，毁谤在尊位的。
60003011	Recommendation	也要离恶行善， 寻求和睦，一心追赶。
51001023	Faith	只要你们在所信的道上恒心，根基稳固，坚定不移，不至被引动失去福音的盼望。这福音就是你们所听过的，也是传与普天下万人听的，我—保罗也作了这福音的执事。
43008059	Violence	于是他们拿石头要打他；耶稣却躲藏，从殿里出去了。
49004024	Recommendation	并且穿上新人；这新人是照着 神的形象造的，有真理的仁义和圣洁。
66014012	Faith	圣徒的忍耐就在此；他们是守 神诫命和耶稣真道的。
44013030	Description	神却叫他从死里复活。
43010011	Description	我是好牧人；好牧人为羊舍命。
49003002	Grace	谅必你们曾听见 神赐恩给我，将关切你们的职分托付我，
56003010	Recommendation	分门结党的人，警戒过一两次，就要弃绝他。
43010019	Description	犹太人为这些话又起了纷争。
43003033	Faith	那领受他见证的，就印上印，证明 神是真的。
61003014	Recommendation	亲爱的弟兄啊，你们既盼望这些事，就当殷勤，使自己没有玷污，无可指摘，安然见主；
53003001	Faith	弟兄们，我还有话说：请你们为我们祷告，好叫主的道理快快行开，得着荣耀，正如在你们中间一样，
47004014	Faith	自己知道那叫主耶稣复活的，也必叫我们与耶稣一同复活，并且叫我们与你们一同站在他面前。
59005014	Recommendation	你们中间有病了的呢，他就该请教会的长老来；他们可以奉主的名用油抹他，为他祷告。
44007023	Description	「他将到四十岁，心中起意去看望他的弟兄以色列人；
44023027	Violence	这人被犹太人拿住，将要杀害，我得知他是罗马人，就带兵丁下去救他出来。
44019029	Description	满城都轰动起来。众人拿住与保罗同行的马其顿人该犹和亚里达古，齐心拥进戏园里去。
44003014	Sin	你们弃绝了那圣洁公义者，反求着释放一个凶手给你们。
44015009	Faith	又借着信洁净了他们的心，并不分他们我们。
46011028	Recommendation	人应当自己省察，然后吃这饼、喝这杯。
46015058	Faith	所以，我亲爱的弟兄们，你们务要坚固，不可摇动，常常竭力多做主工；因为知道，你们的劳苦在主里面不是徒然的。
46004016	Recommendation	所以，我求你们效法我。
46001021	Faith	世人凭自己的智慧，既不认识 神， 神就乐意用人所当作愚拙的道理拯救那些信的人；这就是 神的智慧了。
60003001	Recommendation	你们作妻子的要顺服自己的丈夫；这样，若有不信从道理的丈夫，他们虽然不听道，也可以因妻子的品行被感化过来；
47005020	Recommendation	所以，我们作基督的使者，就好像 神借我们劝你们一般。我们替基督求你们与 神和好。
44002024	Description	神却将死的痛苦解释了，叫他复活，因为他原不能被死拘禁。
59002007	Sin	他们不是亵渎你们所敬奉的尊名吗？
54003003	Description	不因酒滋事，不打人，只要温和，不争竞，不贪财；
43004014	Grace	人若喝我所赐的水就永远不渴。我所赐的水要在他里头成为泉源，直涌到永生。」
62002005	Faith	凡遵守主道的，爱 神的心在他里面实在是完全的。从此，我们知道我们是在主里面。
66016013	Description	我又看见三个污秽的灵，好像青蛙，从龙口、兽口并假先知的口中出来。
59002008	Recommendation	经上记着说：「要爱人如己。」你们若全守这至尊的律法才是好的。
47004005	Faith	我们原不是传自己，乃是传基督耶稣为主，并且自己因耶稣作你们的仆人。
46015033	Recommendation	你们不要自欺；滥交是败坏善行。
58013020	Grace	但愿赐平安的 神，就是那凭永约之血、使群羊的大牧人—我主耶稣从死里复活的 神，
50001027	Recommendation	只要你们行事为人与基督的福音相称，叫我或来见你们，或不在你们那里，可以听见你们的景况，知道你们同有一个心志，站立得稳，为所信的福音齐心努力。
46006014	Grace	并且 神已经叫主复活，也要用自己的能力叫我们复活。
55001006	Recommendation	为此我提醒你，使你将 神借我按手所给你的恩赐再如火挑旺起来。
60004006	Grace	为此，就是死人也曾有福音传给他们，要叫他们的肉体按着人受审判，他们的灵性却靠 神活着。
46007023	Recommendation	你们是重价买来的，不要作人的奴仆。
46010010	Recommendation	你们也不要发怨言，像他们有发怨言的，就被灭命的所灭。
47002017	Faith	我们不像那许多人，为利混乱 神的道；乃是由于诚实，由于 神，在 神面前凭着基督讲道。
45015001	Recommendation	我们坚固的人应该担代不坚固人的软弱，不求自己的喜悦。
50002024	Faith	但我靠着主自信我也必快去。
66007001	Description	此后，我看见四位天使站在地的四角，执掌地上四方的风，叫风不吹在地上、海上，和树上。
60004003	Sin	因为往日随从外邦人的心意行邪淫、恶欲、醉酒、荒宴、群饮，并可恶拜偶像的事，时候已经够了。
66011005	Violence	若有人想要害他们，就有火从他们口中出来，烧灭仇敌。凡想要害他们的都必这样被杀。
44023005	Recommendation	保罗说：「弟兄们，我不晓得他是大祭司；经上记着说：『不可毁谤你百姓的官长。』」
66022015	Sin	城外有那些犬类、行邪术的、淫乱的、杀人的、拜偶像的，并一切喜好说谎言、编造虚谎的。
66002014	Sin	然而，有几件事我要责备你：因为在你那里有人服从了巴兰的教训；这巴兰曾教导巴勒将绊脚石放在以色列人面前，叫他们吃祭偶像之物，行奸淫的事。
53001003	Faith	弟兄们，我们该为你们常常感谢 神，这本是合宜的；因你们的信心格外增长，并且你们众人彼此相爱的心也都充足。
46012002	Sin	你们作外邦人的时候，随事被牵引，受迷惑，去服事那哑巴偶像，这是你们知道的。
49005025	Recommendation	你们作丈夫的，要爱你们的妻子，正如基督爱教会，为教会舍己。
45012017	Recommendation	不要以恶报恶；众人以为美的事要留心去做。
60005006	Recommendation	所以，你们要自卑，服在 神大能的手下，到了时候，他必叫你们升高。
44014017	Grace	然而为自己未尝不显出证据来，就如常施恩惠，从天降雨，赏赐丰年，叫你们饮食饱足，满心喜乐。」
54003011	Recommendation	女执事也是如此：必须端庄，不说谗言，有节制，凡事忠心。
66002021	Sin	我曾给她悔改的机会，她却不肯悔改她的淫行。
44012020	Description	希律恼怒泰尔、西顿的人。他们那一带地方是从王的地土得粮，因此就托了王的内侍臣伯拉斯都的情，一心来求和。
43008049	Sin	耶稣说：「我不是鬼附着的；我尊敬我的父，你们倒轻慢我。
43006018	Description	忽然狂风大作，海就翻腾起来。
45008018	Faith	我想，现在的苦楚若比起将来要显于我们的荣耀就不足介意了。
62002012	Grace	小子们哪，我写信给你们， 因为你们的罪借着主名得了赦免。
55001009	Grace	神救了我们，以圣召召我们，不是按我们的行为，乃是按他的旨意和恩典；这恩典是万古之先，在基督耶稣里赐给我们的，
43019006	Violence	祭司长和差役看见他，就喊着说：「钉他十字架！钉他十字架！」彼拉多说：「你们自己把他钉十字架吧！我查不出他有什么罪来。」
60001010	Grace	论到这救恩，那预先说你们要得恩典的众先知早已详细地寻求考察，
63001007	Sin	因为世上有许多迷惑人的出来，他们不认耶稣基督是成了肉身来的；这就是那迷惑人、敌基督的。
44024005	Sin	我们看这个人，如同瘟疫一般，是鼓动普天下众犹太人生乱的，又是拿撒勒教党里的一个头目，
54003016	Grace	大哉，敬虔的奥秘，无人不以为然！ 就是 神在肉身显现， 被圣灵称义， 被天使看见， 被传于外邦， 被世人信服， 被接在荣耀里。
66016021	Violence	又有大雹子从天落在人身上，每一个约重一他连得。为这雹子的灾极大，人就亵渎 神。
61003013	Faith	但我们照他的应许，盼望新天新地，有义居在其中。
66006014	Description	天就挪移，好像书卷被卷起来；山岭海岛都被挪移离开本位。
58010010	Grace	我们凭这旨意，靠耶稣基督，只一次献上他的身体，就得以成圣。
52001002	Faith	我们为你们众人常常感谢 神，祷告的时候提到你们，
66006004	Violence	就另有一匹马出来，是红的，有权柄给了那骑马的，可以从地上夺去太平，使人彼此相杀；又有一把大刀赐给他。
54006001	Recommendation	凡在轭下作仆人的，当以自己主人配受十分的恭敬，免得 神的名和道理被人亵渎。
51003009	Recommendation	不要彼此说谎；因你们已经脱去旧人和旧人的行为，
66002020	Sin	然而，有一件事我要责备你，就是你容让那自称是先知的妇人耶洗别教导我的仆人，引诱他们行奸淫，吃祭偶像之物。
48003008	Grace	并且圣经既然预先看明， 神要叫外邦人因信称义，就早已传福音给亚伯拉罕，说：「万国都必因你得福。」
58012005	Recommendation	你们又忘了那劝你们如同劝儿子的话，说： 我儿，你不可轻看主的管教， 被他责备的时候也不可灰心；
58013017	Recommendation	你们要依从那些引导你们的，且要顺服；因他们为你们的灵魂时刻警醒，好像那将来交帐的人。你们要使他们交的时候有快乐，不致忧愁；若忧愁就与你们无益了。
44013019	Description	既灭了迦南地七族的人，就把那地分给他们为业；
54006003	Faith	若有人传异教，不服从我们主耶稣基督纯正的话与那合乎敬虔的道理，
63001010	Recommendation	若有人到你们那里，不是传这教训，不要接他到家里，也不要问他的安；
47001005	Grace	我们既多受基督的苦楚，就靠基督多得安慰。
65001011	Sin	他们有祸了！因为走了该隐的道路，又为利往巴兰的错谬里直奔，并在可拉的背叛中灭亡了。
65001010	Sin	但这些人毁谤他们所不知道的。他们本性所知道的事与那没有灵性的畜类一样，在这事上竟败坏了自己。
58011007	Faith	挪亚因着信，既蒙 神指示他未见的事，动了敬畏的心，预备了一只方舟，使他全家得救。因此就定了那世代的罪，自己也承受了那从信而来的义。
58009006	Description	这些物件既如此预备齐了，众祭司就常进头一层帐幕，行拜 神的礼。
44007051	Sin	「你们这硬着颈项、心与耳未受割礼的人，常时抗拒圣灵！你们的祖宗怎样，你们也怎样。
54001009	Sin	因为律法不是为义人设立的，乃是为不法和不服的，不虔诚和犯罪的，不圣洁和恋世俗的，弑父母和杀人的，
46005009	Recommendation	我先前写信给你们说，不可与淫乱的人相交。
48001015	Grace	然而，那把我从母腹里分别出来、又施恩召我的 神，
45007015	Description	因为我所做的，我自己不明白；我所愿意的，我并不做；我所恨恶的，我倒去做。
61003018	Faith	你们却要在我们主—救主耶稣基督的恩典和知识上有长进。愿荣耀归给他，从今直到永远。阿们！
46004010	Description	我们为基督的缘故算是愚拙的，你们在基督里倒是聪明的；我们软弱，你们倒强壮；你们有荣耀，我们倒被藐视。
60005009	Faith	你们要用坚固的信心抵挡他，因为知道你们在世上的众弟兄也是经历这样的苦难。
51003022	Recommendation	你们作仆人的，要凡事听从你们肉身的主人，不要只在眼前事奉，像是讨人喜欢的，总要存心诚实敬畏主。
66017012	Description	你所看见的那十角就是十王；他们还没有得国，但他们一时之间要和兽同得权柄，与王一样。
46002012	Grace	我们所领受的，并不是世上的灵，乃是从 神来的灵，叫我们能知道 神开恩赐给我们的事。
59005001	Recommendation	嗐！你们这些富足人哪，应当哭泣、号咷，因为将有苦难临到你们身上。
66002010	Recommendation	你将要受的苦你不用怕。魔鬼要把你们中间几个人下在监里，叫你们被试炼，你们必受患难十日。你务要至死忠心，我就赐给你那生命的冠冕。
54006011	Recommendation	但你这属 神的人要逃避这些事，追求公义、敬虔、信心、爱心、忍耐、温柔。
59005005	Sin	你们在世上享美福，好宴乐，当宰杀的日子竟娇养你们的心。
66004004	Description	宝座的周围又有二十四个座位；其上坐着二十四位长老，身穿白衣，头上戴着金冠冕。
66018007	Description	她怎样荣耀自己，怎样奢华， 也当叫她照样痛苦悲哀， 因她心里说： 我坐了皇后的位， 并不是寡妇， 决不至于悲哀。
60003007	Recommendation	你们作丈夫的也要按情理和妻子同住；因她比你软弱，与你一同承受生命之恩的，所以要敬重她。这样，便叫你们的祷告没有阻碍。
54002012	Recommendation	我不许女人讲道，也不许她辖管男人，只要沉静。
46001009	Faith	神是信实的，你们原是被他所召，好与他儿子—我们的主耶稣基督一同得分。
48005013	Recommendation	弟兄们，你们蒙召是要得自由，只是不可将你们的自由当作放纵情欲的机会，总要用爱心互相服事。
59002012	Recommendation	你们既然要按使人自由的律法受审判，就该照这律法说话行事。
46012005	Faith	职事也有分别，主却是一位。
45009005	Description	列祖就是他们的祖宗；按肉体说，基督也是从他们出来的。他是在万有之上，永远可称颂的 神。阿们！
47001006	Description	我们受患难呢，是为叫你们得安慰，得拯救；我们得安慰呢，也是为叫你们得安慰；这安慰能叫你们忍受我们所受的那样苦楚。
47001021	Faith	那在基督里坚固我们和你们，并且膏我们的就是 神。
44010015	Recommendation	第二次有声音向他说：「 神所洁净的，你不可当作俗物。」
66018009	Sin	地上的君王，素来与她行淫、一同奢华的，看见烧她的烟，就必为她哭泣哀号。
43014023	Faith	耶稣回答说：「人若爱我，就必遵守我的道；我父也必爱他，并且我们要到他那里去，与他同住。
62004010	Grace	不是我们爱 神，乃是 神爱我们，差他的儿子为我们的罪作了挽回祭，这就是爱了。
62001007	Faith	我们若在光明中行，如同 神在光明中，就彼此相交，他儿子耶稣的血也洗净我们一切的罪。
48004007	Grace	可见，从此以后，你不是奴仆，乃是儿子了；既是儿子，就靠着 神为后嗣。
58001008	Faith	论到子却说： 神啊，你的宝座是永永远远的； 你的国权是正直的。
43010033	Sin	犹太人回答说：「我们不是为善事拿石头打你，是为你说僭妄的话；又为你是个人，反将自己当作 神。」
66014011	Description	他受痛苦的烟往上冒，直到永永远远。那些拜兽和兽像，受它名之印记的，昼夜不得安宁。」
47004001	Faith	我们既然蒙怜悯，受了这职分，就不丧胆，
58013006	Faith	所以我们可以放胆说： 主是帮助我的，我必不惧怕； 人能把我怎么样呢？
45014003	Recommendation	吃的人不可轻看不吃的人；不吃的人不可论断吃的人；因为 神已经收纳他了。
45015005	Grace	但愿赐忍耐安慰的 神叫你们彼此同心，效法基督耶稣，
58007027	Description	他不像那些大祭司，每日必须先为自己的罪，后为百姓的罪献祭；因为他只一次将自己献上，就把这事成全了。
62003017	Sin	凡有世上财物的，看见弟兄穷乏，却塞住怜恤的心，爱 神的心怎能存在他里面呢？
47005008	Faith	我们坦然无惧，是更愿意离开身体与主同住。
60002011	Recommendation	亲爱的弟兄啊，你们是客旅，是寄居的。我劝你们要禁戒肉体的私欲；这私欲是与灵魂争战的。
60002017	Recommendation	务要尊敬众人，亲爱教中的弟兄，敬畏 神，尊敬君王。
44007025	Description	他以为弟兄必明白 神是借他的手搭救他们；他们却不明白。
50003002	Violence	应当防备犬类，防备作恶的，防备妄自行割的。
56001016	Sin	他们说是认识 神，行事却和他相背；本是可憎恶的，是悖逆的，在各样善事上是可废弃的。
45010002	Faith	我可以证明，他们向 神有热心，但不是按着真知识；
47001004	Grace	我们在一切患难中，他就安慰我们，叫我们能用 神所赐的安慰去安慰那遭各样患难的人。
55002015	Recommendation	你当竭力在 神面前得蒙喜悦，作无愧的工人，按着正意分解真理的道。
53002004	Description	他是抵挡主，高抬自己，超过一切称为神的和一切受人敬拜的，甚至坐在 神的殿里，自称是 神。
49006004	Recommendation	你们作父亲的，不要惹儿女的气，只要照着主的教训和警戒养育他们。
45008037	Grace	然而，靠着爱我们的主，在这一切的事上已经得胜有余了。
44026014	Violence	我们都仆倒在地，我就听见有声音用希伯来话向我说：『扫罗！扫罗！为什么逼迫我？你用脚踢刺是难的！』
66002009	Sin	我知道你的患难，你的贫穷（你却是富足的），也知道那自称是犹太人所说的毁谤话，其实他们不是犹太人，乃是撒但一会的人。
46013006	Faith	不喜欢不义，只喜欢真理；
59001021	Recommendation	所以，你们要脱去一切的污秽和盈余的邪恶，存温柔的心领受那所栽种的道，就是能救你们灵魂的道。
46003006	Grace	我栽种了，亚波罗浇灌了，惟有 神叫他生长。
66014008	Sin	又有第二位天使接着说：「叫万民喝邪淫、大怒之酒的巴比伦大城倾倒了！倾倒了！」
43015014	Recommendation	你们若遵行我所吩咐的，就是我的朋友了。
62005021	Recommendation	小子们哪，你们要自守，远避偶像！
55003006	Sin	那偷进人家、牢笼无知妇女的，正是这等人。这些妇女担负罪恶，被各样的私欲引诱，
49004015	Faith	惟用爱心说诚实话，凡事长进，连于元首基督，
49004003	Faith	用和平彼此联络，竭力保守圣灵所赐合而为一的心。
44009005	Description	他说：「主啊！你是谁？」主说：「我就是你所逼迫的耶稣。
60003015	Recommendation	只要心里尊主基督为圣。有人问你们心中盼望的缘由，就要常作准备，以温柔、敬畏的心回答各人；
44007033	Recommendation	主对他说：『把你脚上的鞋脱下来，因为你所站之地是圣地。
62002024	Faith	论到你们，务要将那从起初所听见的，常存在心里。若将从起初所听见的存在心里，你们就必住在子里面，也必住在父里面。
43008051	Faith	我实实在在地告诉你们，人若遵守我的道，就永远不见死。」
66020011	Description	我又看见一个白色的大宝座与坐在上面的；从他面前天地都逃避，再无可见之处了。
46006013	Recommendation	食物是为肚腹，肚腹是为食物；但 神要叫这两样都废坏。身子不是为淫乱，乃是为主；主也是为身子。
45006011	Faith	这样，你们向罪也当看自己是死的；向 神在基督耶稣里，却当看自己是活的。
47002014	Faith	感谢 神！常率领我们在基督里夸胜，并借着我们在各处显扬那因认识基督而有的香气。
62001005	Grace	神就是光，在他毫无黑暗。这是我们从主所听见、又报给你们的信息。
43006037	Grace	凡父所赐给我的人必到我这里来；到我这里来的，我总不丢弃他。
58013001	Recommendation	你们务要常存弟兄相爱的心。
58007025	Grace	凡靠着他进到 神面前的人，他都能拯救到底；因为他是长远活着，替他们祈求。
43019015	Violence	他们喊着说：「除掉他！除掉他！钉他在十字架上！」彼拉多说：「我可以把你们的王钉十字架吗？」祭司长回答说：「除了凯撒，我们没有王。」
45011005	Grace	如今也是这样，照着拣选的恩典，还有所留的余数。
66017002	Sin	地上的君王与她行淫，住在地上的人喝醉了她淫乱的酒。」
45012010	Recommendation	爱弟兄，要彼此亲热；恭敬人，要彼此推让。
45008014	Faith	因为凡被 神的灵引导的，都是 神的儿子。
66012003	Description	天上又现出异象来：有一条大红龙，七头十角；七头上戴着七个冠冕。
45008017	Faith	既是儿女，便是后嗣，就是 神的后嗣，和基督同作后嗣。如果我们和他一同受苦，也必和他一同得荣耀。
54005017	Recommendation	那善于管理教会的长老，当以为配受加倍的敬奉；那劳苦传道教导人的，更当如此。
46008007	Sin	但人不都有这等知识。有人到如今因拜惯了偶像，就以为所吃的是祭偶像之物。他们的良心既然软弱，也就污秽了。
43015002	Grace	凡属我不结果子的枝子，他就剪去；凡结果子的，他就修理干净，使枝子结果子更多。
60005003	Recommendation	也不是辖制所托付你们的，乃是作群羊的榜样。
52004013	Recommendation	论到睡了的人，我们不愿意弟兄们不知道，恐怕你们忧伤，像那些没有指望的人一样。
58011029	Description	他们因着信，过红海如行干地；埃及人试着要过去，就被吞灭了。
44007020	Description	那时，摩西生下来，俊美非凡，在他父亲家里抚养了三个月。
58005002	Grace	他能体谅那愚蒙的和失迷的人，因为他自己也是被软弱所困。
45013012	Recommendation	黑夜已深，白昼将近。我们就当脱去暗昧的行为，带上光明的兵器。
49006009	Recommendation	你们作主人的，待仆人也是一理，不要威吓他们。因为知道，他们和你们同有一位主在天上；他并不偏待人。
45012015	Recommendation	与喜乐的人要同乐；与哀哭的人要同哭。
45002005	Sin	你竟任着你刚硬不悔改的心，为自己积蓄忿怒，以致 神震怒，显他公义审判的日子来到。
44014019	Violence	但有些犹太人从安提阿和以哥念来，挑唆众人，就用石头打保罗，以为他是死了，便拖到城外。
43013021	Description	耶稣说了这话，心里忧愁，就明说：「我实实在在地告诉你们，你们中间有一个人要卖我了。」
48003022	Faith	但圣经把众人都圈在罪里，使所应许的福因信耶稣基督，归给那信的人。
66011007	Violence	他们作完见证的时候，那从无底坑里上来的兽必与他们交战，并且得胜，把他们杀了。
58003014	Faith	我们若将起初确实的信心坚持到底，就在基督里有分了。
45008010	Faith	基督若在你们心里，身体就因罪而死，心灵却因义而活。
44007052	Sin	哪一个先知不是你们祖宗逼迫呢？他们也把预先传说那义者要来的人杀了；如今你们又把那义者卖了，杀了。
48005021	Sin	嫉妒、醉酒、荒宴等类。我从前告诉你们，现在又告诉你们，行这样事的人必不能承受 神的国。
43012036	Faith	你们应当趁着有光，信从这光，使你们成为光明之子。」 耶稣说了这话，就离开他们隐藏了。
58003002	Faith	他为那设立他的尽忠，如同摩西在 神的全家尽忠一样。
56003006	Grace	圣灵就是 神借着耶稣基督—我们救主厚厚浇灌在我们身上的，
44004036	Description	有一个利未人，生在塞浦路斯，名叫约瑟，使徒称他为巴拿巴（巴拿巴翻出来就是劝慰子）。
48006009	Recommendation	我们行善，不可丧志；若不灰心，到了时候就要收成。
48002019	Faith	我因律法，就向律法死了，叫我可以向 神活着。
66011001	Recommendation	有一根苇子赐给我，当作量度的杖；且有话说：「起来！将 神的殿和祭坛，并在殿中礼拜的人都量一量。
66014004	Description	这些人未曾沾染妇女，他们原是童身。羔羊无论往哪里去，他们都跟随他。他们是从人间买来的，作初熟的果子归与 神和羔羊。
66009007	Description	蝗虫的形状，好像预备出战的马一样，头上戴的好像金冠冕，脸面好像男人的脸面，
60002016	Recommendation	你们虽是自由的，却不可借着自由遮盖恶毒，总要作 神的仆人。
54004010	Faith	我们劳苦努力，正是为此，因我们的指望在乎永生的 神；他是万人的救主，更是信徒的救主。
58010029	Sin	何况人践踏 神的儿子，将那使他成圣之约的血当作平常，又亵慢施恩的圣灵，你们想，他要受的刑罚该怎样加重呢！
43020021	Grace	耶稣又对他们说：「愿你们平安！父怎样差遣了我，我也照样差遣你们。」
65001016	Sin	这些人是私下议论，常发怨言的，随从自己的情欲而行，口中说夸大的话，为得便宜谄媚人。
66006015	Description	地上的君王、臣宰、将军、富户、壮士，和一切为奴的、自主的，都藏在山洞和岩石穴里，
66021008	Sin	惟有胆怯的、不信的、可憎的、杀人的、淫乱的、行邪术的、拜偶像的，和一切说谎话的，他们的分就在烧着硫磺的火湖里；这是第二次的死。」
44022016	Recommendation	现在你为什么耽延呢？起来，求告他的名受洗，洗去你的罪。』」
66009008	Description	头发像女人的头发，牙齿像狮子的牙齿。
55002024	Recommendation	然而主的仆人不可争竞，只要温温和和地待众人，善于教导，存心忍耐，
51002005	Faith	我身子虽与你们相离，心却与你们同在，见你们循规蹈矩，信基督的心也坚固，我就欢喜了。
60003012	Sin	因为，主的眼看顾义人； 主的耳听他们的祈祷。 惟有行恶的人，主向他们变脸。
53002013	Faith	主所爱的弟兄们哪，我们本该常为你们感谢 神；因为他从起初拣选了你们，叫你们因信真道，又被圣灵感动，成为圣洁，能以得救。
66022011	Recommendation	不义的，叫他仍旧不义；污秽的，叫他仍旧污秽；为义的，叫他仍旧为义；圣洁的，叫他仍旧圣洁。」
44002038	Faith	彼得说：「你们各人要悔改，奉耶稣基督的名受洗，叫你们的罪得赦，就必领受所赐的圣灵；
52005015	Recommendation	你们要谨慎，无论是谁都不可以恶报恶；或是彼此相待，或是待众人，常要追求良善。
45001027	Sin	男人也是如此，弃了女人顺性的用处，欲火攻心，彼此贪恋，男和男行可羞耻的事，就在自己身上受这妄为当得的报应。
50002018	Recommendation	你们也要照样喜乐，并且与我一同喜乐。
44003019	Recommendation	所以，你们当悔改归正，使你们的罪得以涂抹，
66021025	Description	城门白昼总不关闭，在那里原没有黑夜。
43006054	Faith	吃我肉、喝我血的人就有永生，在末日我要叫他复活。
43019011	Sin	耶稣回答说：「若不是从上头赐给你的，你就毫无权柄办我。所以，把我交给你的那人罪更重了。」
59002017	Faith	这样，信心若没有行为就是死的。
45008003	Sin	律法既因肉体软弱，有所不能行的， 神就差遣自己的儿子，成为罪身的形状，作了赎罪祭，在肉体中定了罪案，
60003014	Recommendation	你们就是为义受苦，也是有福的。不要怕人的威吓，也不要惊慌；
51003021	Recommendation	你们作父亲的，不要惹儿女的气，恐怕他们失了志气。
66018002	Sin	他大声喊着说： 巴比伦大城倾倒了！倾倒了！ 成了鬼魔的住处 和各样污秽之灵的巢穴， 并各样污秽可憎之雀鸟的巢穴。
62002022	Sin	谁是说谎话的呢？不是那不认耶稣为基督的吗？不认父与子的，这就是敌基督的。
46011027	Sin	所以，无论何人，不按理吃主的饼，喝主的杯，就是干犯主的身、主的血了。
59002020	Faith	虚浮的人哪，你愿意知道没有行为的信心是死的吗？
43018003	Description	犹大领了一队兵，和祭司长并法利赛人的差役，拿着灯笼、火把、兵器，就来到园里。
53003003	Grace	但主是信实的，要坚固你们，保护你们脱离那恶者。
44007021	Description	他被丢弃的时候，法老的女儿拾了去，养为自己的儿子。
66008005	Description	天使拿着香炉，盛满了坛上的火，倒在地上；随有雷轰、大声、闪电、地震。
66018003	Sin	因为列国都被她邪淫大怒的酒倾倒了。 地上的君王与她行淫； 地上的客商因她奢华太过就发了财。
44026021	Violence	因此，犹太人在殿里拿住我，想要杀我。
55004004	Sin	并且掩耳不听真道，偏向荒渺的言语。
43006064	Faith	只是你们中间有不信的人。」耶稣从起头就知道谁不信他，谁要卖他。
43013026	Description	耶稣回答说：「我蘸一点饼给谁，就是谁。」耶稣就蘸了一点饼，递给加略人西门的儿子犹大。
54006020	Recommendation	提摩太啊，你要保守所托付你的，躲避世俗的虚谈和那敌真道、似是而非的学问。
44017005	Violence	但那不信的犹太人心里嫉妒，招聚了些市井匪类，搭伙成群，耸动合城的人闯进耶孙的家，要将保罗、西拉带到百姓那里。
62005016	Sin	人若看见弟兄犯了不至于死的罪，就当为他祈求， 神必将生命赐给他；有至于死的罪，我不说当为这罪祈求。
43013020	Faith	我实实在在地告诉你们，有人接待我所差遣的，就是接待我；接待我，就是接待那差遣我的。」
58012028	Faith	所以我们既得了不能震动的国，就当感恩，照 神所喜悦的，用虔诚、敬畏的心事奉 神。
44019013	Description	那时，有几个游行各处、念咒赶鬼的犹太人，向那被恶鬼附的人擅自称主耶稣的名，说：「我奉保罗所传的耶稣敕令你们出来！」
44015040	Grace	保罗拣选了西拉，也出去，蒙弟兄们把他交于主的恩中。
63001008	Recommendation	你们要小心，不要失去你们所做的工，乃要得着满足的赏赐。
66011006	Violence	这二人有权柄，在他们传道的日子叫天闭塞不下雨；又有权柄叫水变为血，并且能随时随意用各样的灾殃攻击世界。
44008021	Sin	你在这道上无分无关；因为在 神面前，你的心不正。
43017010	Faith	凡是我的，都是你的；你的也是我的，并且我因他们得了荣耀。
45003012	Sin	都是偏离正路， 一同变为无用。 没有行善的，连一个也没有。
50002003	Recommendation	凡事不可结党，不可贪图虚浮的荣耀；只要存心谦卑，各人看别人比自己强。
66001013	Description	灯台中间有一位好像人子，身穿长衣，直垂到脚，胸间束着金带。
66022003	Faith	以后再没有咒诅；在城里有 神和羔羊的宝座；他的仆人都要事奉他，
60004007	Recommendation	万物的结局近了。所以，你们要谨慎自守，警醒祷告。
44014026	Grace	从那里坐船，往安提阿去。当初，他们被众人所托、蒙 神之恩、要办现在所做之工，就是在这地方。
46007028	Recommendation	你若娶妻，并不是犯罪；处女若出嫁，也不是犯罪。然而这等人肉身必受苦难，我却愿意你们免这苦难。
49006012	Sin	因我们并不是与属血气的争战，乃是与那些执政的、掌权的、管辖这幽暗世界的，以及天空属灵气的恶魔争战。
59001005	Recommendation	你们中间若有缺少智慧的，应当求那厚赐与众人、也不斥责人的 神，主就必赐给他。
52005019	Recommendation	不要消灭圣灵的感动；
58009002	Description	因为有预备的帐幕，头一层叫作圣所，里面有灯台、桌子，和陈设饼。
66003018	Recommendation	我劝你向我买火炼的金子，叫你富足；又买白衣穿上，叫你赤身的羞耻不露出来；又买眼药擦你的眼睛，使你能看见。
62005013	Faith	我将这些话写给你们信奉 神儿子之名的人，要叫你们知道自己有永生。
43007018	Faith	人凭着自己说，是求自己的荣耀；惟有求那差他来者的荣耀，这人是真的，在他心里没有不义。
47004007	Grace	我们有这宝贝放在瓦器里，要显明这莫大的能力是出于 神，不是出于我们。
45012019	Recommendation	亲爱的弟兄，不要自己伸冤，宁可让步，听凭主怒；因为经上记着：「主说：『伸冤在我，我必报应。』」
43008054	Faith	耶稣回答说：「我若荣耀自己，我的荣耀就算不得什么；荣耀我的乃是我的父，就是你们所说是你们的 神。
45014020	Recommendation	不可因食物毁坏 神的工程。凡物固然洁净，但有人因食物叫人跌倒，就是他的罪了。
43019040	Description	他们就照犹太人殡葬的规矩，把耶稣的身体用细麻布加上香料裹好了。
58010034	Faith	因为你们体恤了那些被捆锁的人，并且你们的家业被人抢去，也甘心忍受，知道自己有更美长存的家业。
44013023	Grace	从这人的后裔中， 神已经照着所应许的，为以色列人立了一位救主，就是耶稣。
46002009	Faith	如经上所记： 神为爱他的人所预备的 是眼睛未曾看见， 耳朵未曾听见， 人心也未曾想到的。
45008011	Grace	然而，叫耶稣从死里复活者的灵若住在你们心里，那叫基督耶稣从死里复活的，也必借着住在你们心里的圣灵，使你们必死的身体又活过来。
45008016	Faith	圣灵与我们的心同证我们是 神的儿女；
48006007	Recommendation	不要自欺， 神是轻慢不得的。人种的是什么，收的也是什么。
45011022	Grace	可见， 神的恩慈和严厉向那跌倒的人是严厉的，向你是有恩慈的，只要你长久在他的恩慈里；不然，你也要被砍下来。
59005007	Recommendation	弟兄们哪，你们要忍耐，直到主来。看哪，农夫忍耐等候地里宝贵的出产，直到得了秋雨春雨。
55001016	Grace	愿主怜悯阿尼色弗一家的人；因他屡次使我畅快，不以我的锁链为耻，
62002028	Faith	小子们哪，你们要住在主里面。这样，他若显现，我们就可以坦然无惧；当他来的时候，在他面前也不至于惭愧。
48005016	Recommendation	我说，你们当顺着圣灵而行，就不放纵肉体的情欲了。
54001015	Grace	「基督耶稣降世，为要拯救罪人。」这话是可信的，是十分可佩服的。在罪人中我是个罪魁。
49006010	Faith	我还有末了的话：你们要靠着主，倚赖他的大能大力作刚强的人。
46010012	Recommendation	所以，自己以为站得稳的，须要谨慎，免得跌倒。
58010014	Grace	因为他一次献祭，便叫那得以成圣的人永远完全。
43010031	Violence	犹太人又拿起石头来要打他。
46011003	Description	我愿意你们知道，基督是各人的头；男人是女人的头； 神是基督的头。
58011036	Violence	又有人忍受戏弄、鞭打、捆锁、监禁、各等的磨炼，
58006019	Faith	我们有这指望，如同灵魂的锚，又坚固又牢靠，且通入幔内。
49005011	Recommendation	那暗昧无益的事，不要与人同行，倒要责备行这事的人；
59004011	Recommendation	弟兄们，你们不可彼此批评。人若批评弟兄，论断弟兄，就是批评律法，论断律法。你若论断律法，就不是遵行律法，乃是判断人的。
66021021	Description	十二个门是十二颗珍珠，每门是一颗珍珠。城内的街道是精金，好像明透的玻璃。
58003006	Faith	但基督为儿子，治理 神的家；我们若将可夸的盼望和胆量坚持到底，便是他的家了。
45012009	Recommendation	爱人不可虚假。恶，要厌恶；善，要亲近。
66011013	Violence	正在那时候，地大震动，城就倒塌了十分之一，因地震而死的有七千人；其余的都恐惧，归荣耀给天上的 神。
48003020	Description	但中保本不是为一面作的； 神却是一位。
43019010	Description	彼拉多说：「你不对我说话吗？你岂不知我有权柄释放你，也有权柄把你钉十字架吗？」
44008032	Description	他所念的那段经，说： 他像羊被牵到宰杀之地， 又像羊羔在剪毛的人手下无声； 他也是这样不开口。
44013021	Description	后来他们求一个王， 神就将便雅悯支派中基士的儿子扫罗，给他们作王四十年。
56001010	Sin	因为有许多人不服约束，说虚空话欺哄人；那奉割礼的更是这样。
44010012	Description	里面有地上各样四足的走兽和昆虫，并天上的飞鸟；
43017022	Grace	你所赐给我的荣耀，我已赐给他们，使他们合而为一，像我们合而为一。
55001013	Faith	你从我听的那纯正话语的规模，要用在基督耶稣里的信心和爱心，常常守着。
43002006	Description	照犹太人洁净的规矩，有六口石缸摆在那里，每口可以盛两三桶水。
46015034	Recommendation	你们要醒悟为善，不要犯罪，因为有人不认识 神。我说这话是要叫你们羞愧。
49004002	Recommendation	凡事谦虚、温柔、忍耐，用爱心互相宽容，
65001023	Recommendation	有些人你们要从火中抢出来，搭救他们；有些人你们要存惧怕的心怜悯他们，连那被情欲沾染的衣服也当厌恶。
45008028	Grace	我们晓得万事都互相效力，叫爱 神的人得益处，就是按他旨意被召的人。
45016019	Recommendation	你们的顺服已经传于众人，所以我为你们欢喜；但我愿意你们在善上聪明，在恶上愚拙。
58009004	Description	有金香炉，有包金的约柜，柜里有盛吗哪的金罐和亚伦发过芽的杖，并两块约版；
45003027	Faith	既是这样，哪里能夸口呢？没有可夸的了。用何法没有的呢？是用立功之法吗？不是，乃用信主之法。
43014010	Faith	我在父里面，父在我里面，你不信吗？我对你们所说的话，不是凭着自己说的，乃是住在我里面的父做他自己的事。
44016022	Violence	众人就一同起来攻击他们。官长吩咐剥了他们的衣裳，用棍打；
43013034	Recommendation	我赐给你们一条新命令，乃是叫你们彼此相爱；我怎样爱你们，你们也要怎样相爱。
47005001	Grace	我们原知道，我们这地上的帐棚若拆毁了，必得 神所造，不是人手所造，在天上永存的房屋。
43012044	Faith	耶稣大声说：「信我的，不是信我，乃是信那差我来的。
44009013	Description	亚拿尼亚回答说：「主啊，我听见许多人说，这人怎样在耶路撒冷多多苦害你的圣徒，
55003002	Sin	因为那时，人要专顾自己，贪爱钱财，自夸，狂傲，谤 ，违背父母，忘恩负义，心不圣洁，
45005009	Grace	现在我们既靠着他的血称义，就更要借着他免去 神的忿怒。
45014014	Sin	我凭着主耶稣确知深信，凡物本来没有不洁净的；惟独人以为不洁净的，在他就不洁净了。
54004006	Faith	你若将这些事提醒弟兄们，便是基督耶稣的好执事，在真道的话语和你向来所服从的善道上得了教育。
