62003016	Faith	ኪሪስቶሲ ባ ሼምፑዋ ኑ ጊሾ ኣ ኢሚዳይሳን ሲቆይ ኣይቤኮ ኑኒ ኤሪዳ። ኑካ ኑ ኢሻታ ጊሾ ኑ ሼምፑዋ ኣዲ ኢማናው ቤሴስ።
43013001	Grace	ፓሲካ ቦንቺያ ጋላሳይ ጋካናፔ ሲንቲዲ ሃ ኣላሚያ ኣጊዲ ኣዋኮ ቢያ ዎዴይ ጋኪዳይሳ ዬሱሲ ኤሪስ። ሃ ኣላሚያን ዴዒያ ባይሳታ ኡባ ዎዴ ዶሲስ፤ ዉርሴ ጋካናዉካ ኤንታ ዶሲስ።
58003017	Sin	ፆሳይ ኦይታሙ ላይ ኦና ሃንቄቲዴ? ናጋራ ኦዳይሳታኔ ኤንታ ኣሃይ ባዞ ቢታን ዎ ኣቲዳ ኣሳታ ጊዶኮናዬ?
60001014	Recommendation	ፆሳ ናይታዳ ኢያው ኪቴቲቴ፤ ሂንቴ ካሴ ኤሮና ኦዳ ኢታ ኣሙዋ ካሎፊቴ።
45011032	Grace	ፆሳይ ኣሳ ኡባ ባ ማሮቴ ቤሳናው ኮዪዲ፥ ኣሲ ኡባይ ኪቴቶና ኢፃና ሜላ ኦስ።
66006006	Description	ኦይዱ ዴዖን ዴዒያ ሜቴታ ጊዶፌ፥ «ኢሲ ጋላሳ ኦሶስ ዳሞዜ፥ ባጋ ኪሎ ጊስቴ፤ ቃሲ ኢሲ ጋላሳ ኦሶስ ዳሞዜ፥ ኢሲ ኪሎኔ ባጋ ባንጋ ጊዶ። ሺን ዛይቲያኔ ዎይኒያ ቆሆፓ» ያጊሺን ሲዓስ።
59004010	Recommendation	ጎዳ ሲንን ሂንቴናቴ ካዉሺቴ፤ ኢ ሂንቴና ቁ ቁ ኦና።
44017031	Grace	ኣይስ ጊኮ፥ ፆሳይ ባ ዶሪዳ ኣዲያን ሳዓን ዴዒያ ኣሳ ኡባ ቦላ ፂሎ ፒርዳ ፒርዳናው ቃማ ጊጊሲ ዎስ። ኢያ ሃይቆፔ ዴንዲ ሄሳ ኣሳ ኡባስ ቱማዪስ» ያጊስ።
43019002	Description	ዎታዳሬቲ ኣጉን ካላቻ ሜዲ ኢያ ሁዔን ዎዶሶና። ቃሲ ዞዖ ማዖ ኢያ ማይዚዶሶና።
54005014	Recommendation	ሄሳ ጊሾ፥ ኑ ሞርኬቲ ኑ ቦላ ኦዴቲያ ኢታባ ዴሞና ሜላ ያላጋ ኣምዔቲ ኣዚና ጌሊዲ፥ ናዓ ዬሊዲ፥ ባንታ ኬ ኣይሳና ሜላ ዞራይስ።
43014011	Faith	ታኒ ኣዋን ዴዔይሳኔ ኣዋይካ ታናን ዴዔይሳ ኣማኒቴ። ሄሳ ኣማኖና ኢፂኮ ታ ኦያባታን ታና ኣማኒቴ።
66020014	Violence	ያቲን፥ ሃይቆይኔ ሲዖሌይ ታማ ኣባን ዬጌቲዶሶና። ሄ ታማ ኣባይ ናምዓን ሃይቆ።
58009026	Description	ሄሳዳ ሃኒዳባ ጊዲያኮ፥ ኪሪስቶሲ ኣላሜይ ሜቶሳፔ ዶሚዲ ዳሮ ቶሆ ዋዬታናው ኮሼስ። ሺን ሃዒ ዎዲያ ዉርሴን ናጋራ ዲጋናው ባና ያርሺዲ ዛሬና ኦጌን ኢሲ ቶሆ ቤንቲስ።
44013018	Description	ባዞ ቢታን ኦይታሙ ላይ ሜላ ኤንታ ዳንዳዒስ።
46011033	Recommendation	ሄሳ ጊሾ፥ ታ ኢሻቶ፥ ጎዳ ካሁዋ ማናው ሂንቴ ሺቂያ ዎዴ ኢሶይ ኢሱዋ ጋ ኤኪቴ።
66006012	Violence	ዶርሳይ ኡሱፑን ማታሚያ ዶዪዳ ዎዴ ታ ቤዓስ፤ ዎልቃማ ቢታ ቃፆይ ሃኒስ። ኣዋ ኣይፌይ ካሬፂዲ ካሌ ዳኒስ። ኣጌናይካ ዞዒዲ ሱ ዳኒስ።
58011035	Violence	ማጫሳቲ ባንታ ሃይቂዳይሳቲ ሃይቆፔ ፓፂን ኤኪዶሶና። ቃሲ ሃራቲ ኣያ ሃይቆፔ ዴንዱዋ ኤካናው ኮዪዲ ቃሹዋፔ ቢሌታናይሳ ኢፂዶሶና።
44016037	Violence	ሺን ጳዉሎሲ ሄ ፖሊሴ ሃላቃታኮ፥ «ኑኒ ሮሜ ኣሲ ጊዲሺን ኤንቲ ኑና ፒርዲ ባይና ኣሳ ሲንን ዋዲ፥ ቃሾ ኬን ዬጊዶሶና። ሃዒ ኑና ጌማን ኬዪዲ ቦ ጎና? ሃኔና፥ ኤንቲ ባንታ ሁዔን ዪዲ ኑና ኬሶ» ያጊስ።
45013009	Recommendation	«ላሞፋ፤ ዎፓ፤ ካይሶቶፓ፤ ኣሞቶፋ» ጊያ ኪታይኔ ሃራ ኪታ ኡባይ፥ «ኣሴ ኔ ሁዔዳ ዶሳ» ጊያ ኪታን ቃሼቲስ።
62003003	Faith	ኪሪስቶሳ ቤዓና ጊዲ ኡፋይሳን ናጊያ ኦኒካ፥ ኪሪስቶሲ ጌሺ ጊዲዳይሳዳ ባና ጌሼስ።
45007022	Faith	ታኒ ታ ዎዛናን ፆሳ ሂጊያን ኡፋይታይስ።
50004004	Recommendation	ጎዳራ ሂንቴ ዴዒያ ዴዑዋን ኡባ ዎዴ ኡፋይቲቴ። ታኒ ሄሳ ጉጃዳካ ኦዳይስ፤ ኡፋይቲቴ።
66001012	Description	ታኒ ታው ኦዲያ ጊርሳ ቤዓናው ጉዬ ሲማዳ ፆምፔ ዎያ ላፑን ዎርቃ ኮጫታ ቤዓስ።
58003018	Sin	ቃሲ ፆሳይ፥ «ታ ሼምፖ ቤሳ ጌሌኬታ» ያጊዲ ጫቂዳይ፥ ኢያው ኪቴቶና ኢፂዳ ኣሳፔ ኣቲን ኦዴሴ?
43010008	Sin	ታፔ ሲን ዪዳ ኡባይ ካይሶኔ ፓንጋ፥ ሺን ዶርሳቲ ኤንታ ሲዒቦኮና።
60002018	Recommendation	ኣይሌቶ፥ ሎዖ ጎዳታሲኔ ኬሃ ጎዳታ ፃላላስ ጊዶናሺን ኢታታስካ ቦንቾን ሃሬቲቴ።
44006013	Description	ኢያ ቦላ ፓይዲዳ ዎርዶ ማርካቲ፥ «ሃ ኡራይ ሃ ፆሳ ኬኔ ሙሴ ሂጊያ ዛሪ ዛሪ ጫዬስ።
47005018	Faith	ሄሳ ኡባ ፆሳይ ኦስ። ኢ ኪሪስቶሳ ባጋራ ኑና ባራ ሲጌስ። ቃሲ ሃራታ ባራ ሲጌና ሜላ ኑስ ሲጌ ኦሶ ኢሚስ።
59005010	Recommendation	ታ ኢሻቶ፥ ዋያን ጌንጪዳ፥ ጎዳ ሱንን ኦዲዳ ናቤታ ሌሚሶ ኦዲ ኤኪቴ።
44002021	Faith	ሄ ዎዴ ሄሳዳ ሃናና፤ ጎዳ ሱን ፄጊያ ኦኒካ ኣታና› ያጊስ።
66007012	Faith	«ኣሚንዒ! ኣንጆይ፥ ቦንቾይ፥ ጪንጫቴይ፥ ጋላታይ፥ ሳባይ ዎልቃይ፥ ሚኖቴይ ሜሪ ሜሪናው ኑ ፆሳስ ጊዶ። ኣሚንዒ!» ያጊዶሶና።
60003003	Recommendation	ሂንቴ፥ ሂንቴ ሁዔ ፒፆኒኔ ዎርቃ ኣሶን ዎይኮ ሎዖ ማዖን ሂንቴ ቦላ ኣሳቴ ሎይሶን ጊዶፖ።
55001008	Faith	ሂዛ፥ ኑ ጎዳስ ማርካታናው ዬላቶፓ፤ ቃሲ ኢያ ጊሾ ቃሼቲዳ ታናንካ ዬላቶፓ። ሺን ፆሳይ ኔው ኢሚያ ዎልቃን ዎንጌላ ጊሾ ታራ ሜቶ ኤካ።
43017019	Description	ቃሲ ኤንቲ ቱማ ኔባ ጊዳና ሜላ ኤንታ ጊሾ ታኒ ታ ሁዒያ ኔው ኢማይስ።
66003002	Recommendation	ባርካ! ጉ ኣቲዳባኔ ሃይቃናው ማቲዳባ ሚን። ኔ ኦሶይ ፆሳ ሲንን ፖሎ ጊዶናይሳ ዴማስ።
66016004	Description	ሄን ኪታንቾይ ባ ፁዓን ዴዔይሳ ሻፋታኒኔ ፑልቶ ሃታን ጉሲን፥ ሃቲ ሱ ጊዲዶሶና።
45005002	Faith	ኑኒ ኢያ ባጋራ ሃዒ ኑ ኤቂዳ ኣ ኬሃቴ ጊዶ ኣማኖን ጌሊዳ። ሄሳ ጊሾ፥ ኑ ፆሳ ቦንቹዋ ሻኬታናው ዴዒያ ኡፋይሳን ጬቄቶስ።
49005005	Sin	ሃይሳ ኤሪቴ፤ ኦኒካ ላይማቴይ ዎይኮ ቱናባ ኦይ ዎይኮ ኡዜቴይ ኪሪስቶሳ ካዎቴኔ ፆሳ ካዎቴ ላታናው ዳንዳዔና። ኡዜቴ ኤቃ ጎይኖ ሜላ።
58011008	Faith	ኣብራሃሜይ ላታ ኦዲ ኤካና ቢታ ባና ሜላ ፆሳይ ኢያ ፄጊዳ ዎዴ ሃሪ ኣቶሺን፥ ኢ ኣው ቢያኮ ኤሮና ኢፂኮካ ኪቴቲዳይ ኣማኖና።
49005018	Recommendation	ጌሻ ኣያናን ጋላስ ጋላስ ኩሚቴፔ ኣቲን ዮኮ ሂንቴና ካሌያ ጊሾ ዎይኔ ኡሻን ማቶፊቴ።
61002002	Sin	ዳሮ ኣሳይ ዬላያ ኤንታ ኢታ ኦጊያ ካላና፤ ኤንታ ጋሶን ቱማ ኦጌይ ጫዬታና።
49002018	Faith	ኑ ኡባይ ኢያ ባጋራ ኢሲ ኣያናን ኣዋ ሲን ሺቃናው ዳንዳዖስ።
44021025	Recommendation	«ሺን ኣማኒዳ ኣይሁዴ ጊዶና ኣሳታ ጊዲኮ፥ ኤንቲ ኤቃስ ያርሼቲዳባ ሞና ሜላ፥ ሱ ኡዮና ሜላ፥ ባዉታ ሞና ሜላኔ ላይማቶና ሜላ፥ ኑኒ ኦዳ ቃቺዲ፥ ኤንታው ዳብዳቤ ፃፊዳ» ያጊዶሶና።
44005003	Sin	ሺን ጴፂሮሲ ሃናኒያኮ፥ «ኔኒ ጌሻ ኣያና ጪማና ሜላኔ ጋዲያ ባይዚዳ ሚሺያፔ ሻካዳ ኣሻና ሜላ ፃላሄይ ኔ ዎዛናን ኣይስ ጌሊዴ?
49004014	Recommendation	ሂዛፔ ጉዬ፥ ኣሳ ጌኔ ጪሞን ጊጊዳ ባሌያ ዎርዶ ቲሚርቴ ጫርኮኒኔ ሆቤን ጌዴኔ ሃ ኩሎ ካዒያ ናይታ ሜላ ጊዳናው ቤሴና።
46006009	Sin	ጌላቲ ፆሳ ካዎቴ ላቶናይሳ ሂንቴ ኤሬኬቲ? ሂንቴና ጪሞፊቴ፤ ላይማቴይሳቲ ዎይኮ ኤቃ ጎይኔይሳቲ ዎይኮ ቃይፄይሳቲ ዎይኮ ኣዴራ ኣዴራ ጋሄቴይሳቲ፥
58010025	Recommendation	ኢሶቲ ኢሶቲ ሜዜ ኦዲ ሺቄይሳ ኣጊዳይሳዳ ኑኒ ኢሲፌ ሺቄይሳ ኣጎኮ። ሺን ጎዳ ጋላሳይ ማታቲዳይሳ ሂንቴ ቤዒያ ጊሾ ሄሳ ካሴይሳፌ ኣዲ ኦቴ።
51003005	Sin	ሄሳ ጊሾ፥ ሂንቴናን ዴዒያ ኣላሜ ኣሞታ ዎቴ። ሄሳቲካ ላይማቴ፥ ቱናቴ፥ ላይማታናው ኣሞቴ፥ ኤቃ ጎይኖ ሜላ ጊዲዳ ኡዜቴ።
52005008	Faith	ሺን ኑኒ ጋላሳ ኣሲ ጊዲያ ጊሾ ጊጊዲ ዳናው ቤሴስ። ኣማኖኔ ሲቆ ፁሩሬዳ ቲራን ማዒዲ፥ ኣቶቴ ኡፋይሳ ሁዔን ዎያ ኦላ ቢራታ ባርኔፃዳ ዎዲ ዳናው ቤሴስ።
55001007	Grace	ኣይስ ጊኮ፥ ፆሳይ ኑስ ዎልቃ፥ ሲቆኔ ኑ ሁዔ ሃሪያ ኣያና ኢሚስፔ ኣቲን ያሻ ኣያና ኢሚቤና።
62002004	Sin	ኦኒካ፥ «ታኒ ኢያ ኤራይስ» ያጊሼ፥ ኢያ ኪታ ናጎና ኢፂኮ ሄ ኡራይ ዎርዳንቾ፤ ቱማቴ ኢያን ባዋ።
50002002	Faith	ሂዛ፥ ሂንቴ ኢሲ ቆፋን፥ ሲቆን፥ ኢሲ ዎዛናኒኔ ኣያናን ኢሲኖ ጊዲዲ ታና ፖሎ ኡፋይሲቴ።
43007030	Description	ሄሳ ጊሾ፥ ኤንቲ ኢያ ኦይካናው ኮዪዶሶና። ሺን ኢያ ዎዴይ ቡሮ ጋኪቦና ጊሾ ኦኒካ ኢያ ቦላ ኩሼ ዎቤና።
54006018	Recommendation	ኤንቲ ሎዖ ኦሶ ኦናዳ ሎዖ ኦሶን ዱሬታናዳ፥ ኬሃታኔ ሃራታስ ሻኬይሳታ ጊዳና ሜላ ኪታ።
43018030	Description	ኤንቲ፥ «ኢ ኢታ ኦናባ ጊዲያኮ ኑኒ ኢያ ኔኮ ኤሆኮ» ያጊዶሶና።
45014006	Faith	ኢሲ ጋላሳ ሃራ ጋላሳታፔ ኣዲ ቦንቺያ ኦኒካ ጎዳ ቦንቾስ ጊዲ ኦስ። ኡባ ካ ሚያ ኣሲ ጎዳ ቦንቾስ ጊዲ ሜስ። ኢ ሚያ ሄ ካ ጊሾ ፆሳ ጋላቴስ። ኡባ ካ ሞና ኣሲ ጎዳ ቦንቾስ ሞና ኣጌስ፤ ቃሲ ሞና ኣጎን ፆሳ ጋላቴስ።
45012012	Recommendation	ፆሳይ ኢሚዳ ኡፋይሳን ኡፋይቲቴ፤ ሜቱዋ ዳንዳዒቴ፤ ኡባ ዎዴ ፆሳ ዎሲቴ።
44024023	Description	ፊልኪሲ ቃሲ ጳዉሎሳ ቃቾና ናጋና ሜላኔ ኢያ ዳቦታፔ ኦኒካ ኢያ ኦይቻናው ዪሺን ዲጎና ሜላ ማቶ ሃላቃስ ኦዲስ።
46013007	Description	ሲቆይ ኡባ ዳንዳዔስ፤ ኡባ ኣማኔስ፤ ሎዖባይ ሃናና ጊዲ፥ ኡፋይሳን ናጌስ፤ ኡባ ጌንጬስ።
47004013	Faith	ጌሻ ማፃፋን፥ «ታ ኣማናስ፤ ሄሳ ጊሾ ሃሳያስ» ያጌቲስ። ሄሳ ሜላ ኣማኖይ ኑስ ዴዒያ ጊሾ ሃሳዮስ።
52005014	Recommendation	ኑ ኢሻቶ፥ ኑኒ ሂንቴና ዞሮስ። ቦዛታ ሃንቂቴ፤ ባቤይሳታ ሚንቴ፤ ዳቡራንቾታ ማዲቴ፤ ኣሴ ኡባ ዳንዳዒቴ።
66016010	Description	ኢቻሻን ኪታንቾይ ባ ፁዓን ዴዔይሳ ዶዓ ኣራታ ቦላ ጉሲን፥ ሄ ዶዓ ካዎቴይ ሚስ። ኣሳይ ኡንዓ ጊሾ ባንታ ኢንፃርሳ ሳፆሶና።
48006016	Grace	ሃ ዎጋ ካሊያ ኡባሲኔ ፆሳ ዴሬ ጊዲዳ ኢስራዔሌስ ሳሮቴይኔ ማሮቴይ ጊዶ።
44018025	Faith	ኢ ጎዳ ኦጊያ ታማሪዲ፥ ኣያናን ፁጌቲዲ ዬሱሳባ ሱሬ ታማርሴስ። ጊዶሺን፥ ዮሃኒሳ ፂንቃቲያ ፃላላ ኤሬስ።
46010031	Recommendation	ሂዛ፥ ሂንቴ ኣይ ሚኮ ኣይ ኡዪኮ፥ ዎይኮ ኣይ ኦኮካ ኡባባ ፆሳ ቦንቾስ ኦቴ።
62002027	Recommendation	ሺን ኪሪስቶሲ ሂንቴ ቦላ ባ ጌሻ ኣያና ጉሲስ። ጌሻ ኣያናይ ሂንቴናን ዴዒያ ጊሾ ኦኒካ ሂንቴና ታማርሶ ኮሼና። ኢያ ጌሻ ኣያናይ ሂንቴና ቱማ ታማርሴሲፔ ኣቲን ዎርዶ ጊዴና። ጌሻ ኣያናይ ሂንቴና ታማርሲዳይሳዳ ኪሪስቶሳን ዴዒቴ።
59002026	Faith	ሼምፖይ ሻኬቲዳ ኣሳቴይ ሃይቆ ጊዴይሳዳ፥ ኦሶይ ሻኬቲዳ ኣማኖይካ ሃይቂዳይሳ።
44027035	Description	ጳዉሎሲ ሄሳ ጊዲ ኡይ ኤኪዲ ኡባ ሲንን ፆሳ ጋላቲስ፤ ኡይ ሜንዲ ሙሱ ዶሚስ።
44015020	Sin	ሺን ኤንቲ ኤቃስ ያርሼቲዲ ቱኒዳባ ሞና ሜላ፥ ላይማቶና ሜላ፥ ባዉታ ሞና ሜላኔ ሱ ኡዮና ሜላ ኤንታው ኑኒ ዳብዳቤ ፃፋናው ኮሼስ።
44023003	Sin	ሄ ዎዴ ጳዉሎሲ ኢያኮ፥ «ላ ኔ ቦቂንቴ ቲዪዳ ጎዳ ዳኔይሶ፥ ፆሳይ ኔና ባቃና። ኔኒ ታ ቦላ ሂጊያ ፒርዳናው ኡታዳ ዴዓሼ ሂጌይ ባይና ታና ባቃና ሜላ ኪታይ?» ያጊስ።
45008001	Description	ሄሳ ጊሾ፥ ኪሪስቶስ ዬሱሳን ዴዔይሳቲ ሃዒ ፒርዴቶኮና።
52005009	Grace	ፆሳይ ኑና ኑ ጎዳ ዬሱስ ኪሪስቶሳ ባጋራ ኩሜ ኣቶቴ ኤካና ሜላ ዶሪስፔ ኣቲን ሃንቆስ ዶሪቤና።
66020008	Violence	ኢ ሳዓ ጋፃፔ ጋፃ ጋካናው ዴዒያ ካዎቴታ፥ ኤንቲካ፥ ጎጌኔ ማጎጌ ጌቴቴይሳታ ባሌዲ ኦላስ ሺሻናው ኬያና። ኤንታ ፓይዶይ ኣባ ጋፃን ዴዒያ ሻፌ ሜላ።
46006011	Grace	ሂንቴፌ ኢሲ ኢሲ ኣሳቲ ካሴ ሄሳ ሜላ። ሺን ሂንቴ ሃዒ ጎዳ ዬሱስ ኪሪስቶሳ ሱንኒኔ ፆሳ ኣያናን ሜጬቲዴታ፤ ጌዪዴታ፤ ፂሊዴታ።
55001012	Faith	ታኒ ሄሳ ጊሾ ሃ ሜቱዋ ኤካይስ፤ ሺን ታ ኣማኔይ ኦኔኮ ኤሪያ ጊሾ ዬላቲኬ። ታው ኢሜቲዳ ሃዳራ ሄ ጋላሳይ ጋካናው ኢ ናጋናው ዳንዳዔይሳ ኤራይስ።
49006018	Faith	ዎሳ ኣጎፊቴ፤ ሃራታስካ ጋናቲቴ፤ ኡባ ዎዴ ኣያናን ዎሲቴ። ሄሳን፥ ጌሻታስ ሳሌቶና ሚኒዲ ኡባ ዎዴ ዎሲቴ።
52001001	Grace	ጳዉሎሲ ሲላሴይኔ ፂሞቲዮሲ ቴሴሎንቄ ዎሳ ኬን ዴዒያ፥ ፆሳ ኣዋባኔ ጎዳ ዬሱስ ኪሪስቶሳባ ጊዲዳ ኣሳስ ፃፊዳ ኪታ። ኣ ኬሃቴይኔ ሳሮይ ሂንቴው ጊዶ።
50004005	Faith	ኣሳ ኡባይ ሂንቴ ኣሽኬቴ ኤሮ፤ ጎዳይ ማታን ያና።
46011026	Faith	ሂንቴ ሃ ኡይ ሚያ ዎዴኔ ሃ ፁዓ ኡያ ዎዴ ኡባን ጎዳይ ያና ጋካናው ኢያ ሃይቁዋ ኦዴታ።
59005015	Faith	ኣማኖን ዎሲዳ ዎሳይ ሃርጋንቹዋ ፓና። ጎዳይ ኢያ፥ ሃርጊያፌ ዴንና፤ ኢ ናጋራ ኦዳባ ጊዲኮካ ጎዳይ ኢያ ማራና።
55001003	Faith	ታኒ፥ ታ ዎሳን ቃማኔ ጋላስ ኔና ቆፓይስ። ታኒ ዎሲያ ዎዴ ታ ማይዛታ ፆሳኔ ታኒ ሎዖ ካሃን ሃጋዚያ ፆሳ ኔ ጊሾ ጋላታይስ።
66006016	Description	ኤንቲካ ዙማኮኔ ዛላኮ፥ «ኑ ቦላ ዎቴ፤ ኑና ቆሲቴ፤ ኣራታን ኡቲዳይሳ ኣይፊያፔኔ ዶርሳ ሃንቁዋፌ ኑና ጌንቴ።
66002017	Description	ጌሻ ኣያናይ ዎሳ ኬታስ ጊያባ ሲዓናው ሃይ ዴዒያ ኦኒካ ሲዖ። ፆኒያ ኦዴስካ ቆሴቲዲ ዴዒያ ማናፌ ኢማና። ቃሲ ኤኪያ ኡራፔ ኣቲን ሃራ ኣሲ ኤሮና ኦራ ሱንይ ፃፌቲዳ ቦ ሹቻ ታ ኢያው ኢማና።
61002003	Sin	ዎርዶ ኣስታማሬቲ ሚሼ ያሪዲ ባንታው ሜ ኬሲዳ ሃይሴን ሂንቴና ቦንቃና። ቤኒፔ ዶሚዲ ኤንታ ፒርዳይ ጊጊ ኡቲስ፤ ኤንታ ዮይካ ኤንታና ናጊ ኡቲስ።
53002011	Sin	ሄሳ ጊሾ፥ ኤንቲ ዎርዶ ጊዲያባ ኣማናና ሜላ ፆሳይ ዎልቃማ ባሌሶ ኤንታ ቦላ ዬዳና።
45002024	Sin	ጌሻ ማፃፋን፥ «ሂንቴ ጋሶን ፆሳ ሱንይ ኣይሁዴ ጊዶና ኣሳታን ጫዬቴስ» ጌቴቲዲ ፃፌቲስ።
55003008	Sin	ያኔሲኔ ያምባሬሲ ሙሴራ ኤቄቲዳይሳዳ ሃ ኣሳቲ ጉጌይ ኦናይሳታኔ ኣማኖን ኩንዲዳ ኣሳታ ጊዲያ ጊሾ ቱማራ ኤቄቶሶና።
66003019	Recommendation	ታ ዶሴይሳ ሴራይሲኔ ሃንቃይስ፤ ሂዛ ሚና፤ ኔ ናጋራፔ ሲማ።
45005001	Faith	ሂዛ፥ ኑ ኣማኖን ፂሊዳ ጊሾ ኑ ጎዳ ዬሱስ ኪሪስቶሳ ባጋራ ፆሳራ ኑስ ሳሮቴ ዴዔስ።
54004016	Recommendation	ኔ ሁዒያሲኔ ኔ ቲሚርቲያስ ናጌታ። ኔኒ ሄሳ ኡባ ዎዴ ኦኮ ኔናኔ ኔና ሲዔይሳታ ኣሻሳ።
44026011	Violence	ዳሮ ዎዴ ኣይሁዴ ዎሳ ኬ ኡባን ኤንቲ ሴሬታና ሜላኔ ዬሱሳ ጫዪዲ ካዳና ሜላ ኡንዔስ። ታኒ ዎጊ ባይና ኤንታ ሃንቄታዳ ሃሪ ኣቶሺን፥ ሃራ ቢታ ካታማታ ጋካናው ኤንታ ጎዳስ።
48005019	Sin	ኣሾ ኦሶቲ ኤሬቲዳይሳታ፤ ኤንቲካ፥ ላይማቴ፥ ቱናቴ፥ ቃይፄ፥
46003007	Grace	ሄሳ ጊሾ፥ ዲቺዳ ፆሳፌ ኣቲን ቶኬይካ ሃ ኡሼይካ ኣይኮካ ጊዴና።
46001007	Faith	ሄሳ ጊሾ፥ ሂንቴ ኑ ጎዳ ዬሱስ ኪሪስቶሳ ዩሳ ናጊሼ ዴዒሺን፥ ኣይ ኣያና ኢሞይካ ሂንቴው ፓጬና።
66014002	Description	ሳሎፔ ጊታ ሃ ጉንኔ ዳዳ ጉን ዳኒያ ዎልቃማ ጊርሲ ሲዓስ። ቃሲ ታ ሲዒዳ ጊርሳይ ዲ ዲፂሺን ሲዔቲያ ጊርሳ ሜላ።
44010043	Faith	ፆሳይ ኢያ ኣማኒያ ኡባ ናጋራይ፥ ኢያ ሱንን ኣቶ ጌቴቴይሳ ናቤቲ ማርካቶሶና» ያጊስ።
45002007	Faith	ሎዖ ኦሶን ሚኒዲ፥ ጋላታ፥ ቦንቾኔ ዮና ዴዑዋ ኮዬይሳታስ ፆሳይ ሜሪና ዴዑዋ ኢማና።
66001004	Grace	-
44019004	Faith	ጳዉሎሲ፥ «ዮሃኒሲ ባፔ ጉዬራ ያ ዬሱስ ኪሪስቶሳን ኣሳይ ኣማናና ሜላ ኣሳስ ኦዲሼ፥ ናጋራፔ ሲሞ ቤሲያ ፂንቃቲያን ፃማቂስ» ያጊስ።
61002009	Violence	ሄሳ ጊዲኮ፥ ጎዳይ፥ ባና ጎይኒያ ኣሳታ ፓጬፔ ዋቲ ኣሻኔኮ፥ ቃሲ ናጋራንቾታ ፒርዳ ጋላሳስ ጋካናው ዋቲዲ ሴሪሼ ናጊሳኔኮ ኤሬስ።
58011016	Grace	ሺን ሃዒ ኣ ሎዒያ ሳሎ ቢታ ላሞቶሶና። ሄሳ ጊሾ፥ ፆሳይ ኤንታው ካታማ ጊጊሲዳ ጊሾ «ኤንታ ፆሳ» ጌቴቲዲ ፄጌታናው ዬላቴና።
54004007	Recommendation	ሺን ጎዒ ባይና ቱማ ጊዶና ኦዳፔኔ ጪማ ማጫሳ ሃይሲያፔ ባቃታ። ቱማ ኣያና ዴዖን ዳናው ኔና ሎሂሳ።
66020009	Violence	ኤንቲ ቢታ ኡባን ላሌቲዲ፥ ጌሻታ ሄራኔ ፆሳይ ዶሲያ ካታማ ቴቂዶሶና። ሺን ታሚ ሳሎፔ ዎዲ ኤንታና ሚስ።
44010048	Description	ኤንቲ ዬሱስ ኪሪስቶሳ ሱንን ፃማቄታና ሜላ ኤንታ ኪቲስ። ሄሳፌ ጉዬ፥ ኤንቲ ባንታራ ጉ ጋላስ ኡታና ሜላ ጴፂሮሳ ዎሲዶሶና።
45002019	Grace	ኔኒ ቆቄታ ካሌይሳ፥ ቃሲ ማን ዴዔይሳታስ ፖዖ ጊዴይሳ ሻካ ኤራሳ።
62002025	Grace	ናዓይ ኑስ ሜሪና ዴዑዋ ኢማና ጊዲ ቃላ ጌሊስ።
59003017	Description	ሺን ቦላፌ ያ ጪንጫቴይ ኡባፌ ሲን ጌሺ። ቃሲ ሳሮቴ፥ ኣዳቴ፥ ሲዒዲ ኤኬይሳ፥ ቃቴይሳ፥ ሎዖ ኣይፌይ ኩሚዳይሳ፥ ኣሴ ሻኮናይሳኔ ጩቦቴ ባይናይሳ።
43003035	Faith	ኣዋይ ባ ናዓ ዶሲዲ ኡባባ ኢያ ኩሼን ዎስ።
61003009	Grace	ኢሶቲ ኢሶቲ ጋምዒስ ጊዲ ቆፔይሳዳ፥ ጎዳይ ባ ኡፋይሳ ቃላ ጊሾ ጋምዔና። ሺን ኦኒካ ዮና ሜላ ኮዪዲ፥ ኡባይ ባንታ ናጋራፔ ሲማና ሜላ ሂንቴ ጊሾ ጊዲ ጌንጬስ።
46007007	Grace	ኣሲ ኡባይ ታዳ ማቾ ኤኮና ዴዒያኮ ዶሳይስ፥ ሺን ፆሳይ ኢሱዋስ ኢሱዋስ ኢሚዳ ዱማ ኢሞቲ ዴዔስ። ኢሱዋስ ሃይሳ ሜላ ሃንኩዋስ ሄሳ ሜላ ኢሞቲ ዴዔስ።
46014001	Recommendation	ሲቆ ካሊቴ። ኣያና ኢሞታታ ሚንዲ ኮዪቴ፤ ኡባፌ ኣዲ፥ ቲንቢቴ ኢሞታ ሚንዲ ኮዪቴ።
47004006	Grace	«ማን ፖዖይ ፖዖ» ጊዳ ፆሳይ፥ ኪሪስቶሳ ሶምዑዋን ፖዒያ ፆሳ ቦንቹዋ ኤራ ፖዑዋ ኢማናው ባ ፖዑዋ ኑ ዎዛናን ፖዒሲስ።
44018024	Description	ኢስኪንዲሪያን ዬሌቲዳ ኢሲ ኣጲሎሳ ጊያ ኣይሁዴ ኣሲ ኤፌሶና ቢስ። ኢ ኦዳ ኤሪያ ኣሲኔ ፆሳ ቃላ ዳሮ ኤሪያ ኣሲ።
58013012	Grace	ሄሳዳካ፥ ዬሱሲ ዴሪያ ናጋራፔ ባ ሱን ጌሻናው ካታማ ፔንጊያፌ ካሬን ዋዬቲስ።
56002015	Recommendation	ኔኒ ሃይሳ ታማርሳ፤ ኩሜ ማታን ዞራ፥ ሴራ፤ ኦኒካ ኔና ካፖ።
62004009	Grace	ኑኒ ኪሪስቶሳ ባጋራ ዴዑዋ ዴማና ሜላ ፆሳይ ባ ኢሲ ናዓ ሃ ኣላሚያ ኪቲስ። ፆሳይ ኑና ባ ሲቁዋ ሄሳን ቤሲስ።
43017024	Grace	«ኣዋው፥ ኔኒ ታው ኢሚዳይሳቲ ታኒ ዴዒያሱዋን ታራ ዳና ሜላ ኮያይስ። ኣላሜይ ሜታናፔ ሲን ኔኒ ታና ዶሲዳ ጊሾ ታው ኢሚዳ ታ ቦንቹዋ ኤንቲ ቤዓና።
45003016	Sin	ኤንታ ኦጊያን ዮይኔ ቆሆይ ዴዔስ።
58004014	Faith	ሂዛ፥ ሳሎ ኬዪዳ ጊታ ካሂኔ ሃላቃይ፥ ፆሳ ናዓይ ዬሱሲ፥ ኑስ ዴዒያ ጊሾ ኑ ኣማኑዋ ሚንዲ ናጎስ።
61001017	Grace	ዳሮ ዎልቃማ ቦንቹዋፌ፥ «ታኒ ኡፋይቲያ፥ ታ ዶሲያ ናዓይ ሃይሳ» ያጊያ ቃላይ ዪዳ ዎዴ ፆሳ ኣዋፔ ቦንቾኔ ጋላታ ኤኪስ።
46012011	Description	ሺን ሃ ኡባ ኦይ ሄ ኢሲ ጌሻ ኣያና። ኢ ኮያ ሜላ ኢሲ ኢሲ ኣሳስ ዱማ ዱማ ኢሞታ ኢሜስ።
66008012	Description	ኦይዳን ኪታንቾይ ባ ሞይዚያ ፑኒስ። ኣዋፔ፥ ኣጌናፔኔ ፆሊንቶታፔ ሲኩዋ ዴቺስ፤ ኤንታ ፖዑዋፔ ሲኮይ ሚስ። ጋላሳፔ ሲኮይ፥ ቃማፌካ ሲኮይ ሚስ።
44018017	Violence	ሄሳፌ ጉዬ፥ ጊሪኬ ኣሳ ኡባይ ኣይሁዴ ዎሳ ኬ ሃላቃ ሶስቴኒሳ ኦይኪዲ ፒርዳ ኬ ሲንን ዋዶሶና። ሺን ጋሊዮሲ ሄሳ ፓፃባ ጊቤና።
43010039	Violence	ቃሲካ ኤንቲ ኢያ ኦይካናው ኮዪዶሶና፥ ሺን ኢ ኤንታፌ ኬሲ ኤኪስ።
47004016	Faith	ሄሳ ጊሾ፥ ኑኒ ኡፋይሲ ቃንፆኮ። ኑ ቤንቲያ ኣሳቴይ ዳቡሪሼ ቢያባ ጊዲኮካ፥ ኑ ኣያና ኣሳቴይ ጋላስ ጋላስ ኦራፄስ።
43012003	Description	ማይራማ ናርዶሴ ጊያ ዳሮ ኣልዖ ጌሻ ሺቶ ኤሃዳ ዬሱሳ ቶሁዋ ቲያሱ። ባ ቢናናን ኢያ ቶሁዋ ቁቻሱ፤ ኬ ኡባይ ሺቶ ሳዎን ቶንጉ ጊስ።
58011009	Faith	ኣብራሃሜይ ፆሳይ ኢያው ኢማና ጊዳ ቢታን ቤቴ ኣሳዳ ዴዒዳይ ኣማኖና። ፆሳይ ሄ ኢማና ጊዳይሳ ኢያራ ኢሲፌ ላታናው ዴዒያ ዪሳቃራኔ ያይቆባራ ዎላ ዱንካኔን ዴዒስ።
50003017	Recommendation	ታ ኢሻቶ፥ ታና ዳኒቴ፤ ሄሳዳካ፥ ኑ ሌሚሱዋ ካሊያ ኣሳታ ኣኬኪዲ ቤዒቴ።
48006002	Recommendation	ኢሶይ ኢሱዋ ዴፆ ቶሁዋ ቶኪቴ። ያቲኮ ኪሪስቶሳ ሂጊያ ፖሌታ።
59002024	Faith	ኣሲ ኣማኖ ፃላላን ጊዶናሺን ኦሶን ፂሌይሳ ቤዓሳ።
45009014	Faith	ያቲን፥ ኑኒ ዎይጋኔ? ፆሳይ ኣሴ ኣሳፔ ሻኪዬ? ጊዴና።
45014001	Recommendation	ኣማኖን ዳቡሪዳ ኦናካ ሺሺ ኤኪቴፔ ኣቲን ኢያ ቆፋ ቦላ ፒርዶፊቴ።
66012007	Violence	ሳሎን ኦሊ ሜቲስ። ሚካዔሌይ ባ ኪታንቾታራ ዳዊያራ ኦሌቲስ፤ ዳዌይ ባ ኪታንቾታራ ጊዲዲ ዛሪ ኦሌቲስ።
49004026	Recommendation	ሃንቄቲቴ፥ ሺን ሂንቴ ሃንቁዋን ናጋራ ኦፊቴ። ሂንቴ ሃንቄቲ ዴዒሺን ኣዊ ዉሎፎ።
60003009	Recommendation	ኢታ ጊሾስ ኢታ ዎይኮ ጫሻ ጊሾ ጫዪዲ ዛሮፒቴ፤ ሄሳ ኣጊዲ፥ ፆሳይ ሂንቴው ኣንጁዋ ኢማናው ሂንቴና ፄጊዳ ጊሾ ኣንጂቴ።
43008029	Grace	ታና ኪቲዳይሲ ታራ ዴዔስ። ታኒ ኡባ ዎዴ ኢያ ኡፋይሲያባ ኦያ ጊሾ ኢ ታና ታ ፃላላ ኣጊቤና» ያጊስ።
49006014	Recommendation	-
66001020	Description	ኔኒ ታ ኡሻቻ ኩሼን ቤዒዳ ላፑን ፆሊንቶታኔ ላፑን ዎርቃ ኮጫታ ቢርሼይ ሃይሳ፡ ላፑን ፆሊንቶቲ ላፑን ዎሳ ኬታ ኪታንቾታ፤ ላፑን ዎርቃ ኮጫቲ ላፑን ዎሳ ኬታ።»
58002009	Grace	ሺን ኑኒ ኪታንቾታፔ ጉራ ጉፂዳ ዬሱሳ ቤዖስ። ፆሳ ኣ ኬሃቴ ጋሶን ዬሱሲ ኣሳ ኡባስ ሃይቂስ። ኢ ዋዬ ሃይቆ ሃይቂዳ ጊሾ ቦንቾኔ ሳባ ካላቻ ኢያ ሁዔን ዎስ።
50002013	Grace	ፆሳይ፥ ሂንቴ ኢያው ኤሮ ጊዲ ኪቴታና ሜላ ኡባ ዎዴ ሂንቴ ጊዶን ኦስ።
43015011	Grace	«ታ ኡፋይሳይ ሂንቴናን ጊዳና ሜላኔ ሂንቴ ኡፋይሳይ ፖሎ ጊዳና ሜላ ታኒ ሂንቴው ሄሳ ኦዳስ።
54001001	Description	ኑና ኣሺያ ፆሳኒኔ ኑ ኡፋይሳን ናጊያ ዬሱስ ኪሪስቶሳን ኪቴቲዳ፥ ዬሱስ ኪሪስቶሳ ሃዋሬ ጊዲዳ፥ ጳዉሎሳፔ፥
54002009	Recommendation	ሄሳዳ ማጫሳይ ባንታና ሃሪዳይሳ ቆንጪሲያ፥ ቦንቾይኔ ማሪ ዴዒያ ማዑዋ ማዓናው ቤሴስ። ኤንቲ ማሪ ባይና ሁዔ ዳን፥ ዎርቃን ዎይኮ ኢንቆን፥ ዎይኮ ኣልዖ ኣፊላን ባንታና ኣሌቂሶፖ።
43002015	Violence	ኢ ፁርቃፌ ዶቂዲ ኣሳ ኡባ ኤንታ ሜሄታራ ፆሳ ኬፌ ጎዲዲ ካሬ ኬሲስ። ሚሼ ላሜይሳታ ፃርጴዛታካ ኣ ዬጊዲ ኤንታ ሚሺያ ላሊስ።
49002010	Grace	ኑኒ ፆሳ ሜቴ፤ ኢ ኑስ ካሴቲዲ ጊጊሲ ዎዳ ሎዖ ኦሶታ ኦና ሜላ ኪሪስቶስ ዬሱሳ ባጋራ ኦራ ሜቲዳ።
60004012	Recommendation	ታ ባጋቶ፥ ሂንቴ ታማዳ ፁጊያ ዋዬ ፓጪያ ጊዶራ ኣያ ዎዴ ኦራባይ ሃኒዳዳ ማላሌቶፊቴ።
66019007	Recommendation	ዶርሳ ያጋኖይ ጋኪዳ ጊሾኔ ኢያ ጌሊያራ ጊጊዳ ጊሾ ኑ ኡፋይቶስ፥ ጋላቶሲኔ ዶርሳ ቦንቾስ።
49006017	Recommendation	ፆሳ ኣቶቴ ቢራታ ባርኔፃዳ ሂንቴ ሁዔን ዎቴ፤ ቃሲ ጌሻ ኣያና ማሻ፥ ኢካ ፆሳ ቃላ ኦይኪቴ።
44007024	Violence	ኢስራዔላታፔ ኢሱዋ ጊብፄ ኢሶይ ቆሂሺን ቤዒዲ ሄ ኢስራዔሌ ኡራ ማዲዲ፥ ሄ ቆሂዳ ጊብፄ ኡራ ዎዲ ኩሼ ዛሪስ።
53003013	Recommendation	ሺን ኑ ኢሻቶ፥ ሎዖ ኦሶ ኦናው ኣዛሎፊቴ።
46016013	Faith	ባርኪቴ፤ ኣማኖን ኤቂቴ፤ ፃሊቴ፤ ሚኒቴ።
44007043	Sin	ሂንቴ፥ ሂንቴው ጎይናናው ኬሲዳ ኤቃኔ ሞሎኬ ዱንካኒያ ሬፋና ጊያ ሂንቴ ፆሳ ፆሊንቶ ሚሲሊያ ቶኪዴታ። ታኒ ሂንቴና ባቢሎኔፔ ሂኒ ባጋ ዬዳና› ጌቴቲዲ ፃፌቲስ።
53002015	Recommendation	ሂዛ፥ ኑ ኢሻቶ፥ ሚኒዲ ኤቂቴ። ኑኒ ሂንቴና ኑ ዶናን ጊዲን ዎይኮ ዳብዳቢያን ጊዲን ታማርሲዳ ቲሚርቲያ ኦይኪቴ።
47005005	Grace	ኑና ሃይሳስ ጊጊሲዳይ ፆሳ። ቃሲ ሲንፌ ያናባስ ኦይ ኦዲ ባ ኣያና ኑስ ኢሚስ።
54002011	Recommendation	ማጫሲ ኪቴቴን ሲዒ ጊዲ ታማሮ።
54005019	Recommendation	ናምዑ ዎይኮ ሄ ማርኪ ባይና፥ ዎሳ ኬ ጪማ ሞቲያባ ሲዖፓ።
45016016	Recommendation	ጌሻ ዬሬቴ ዬሬቲሼ፥ ኢሶይ ኢሱዋ ሳሮቴ። ኪሪስቶሳ ዎሳ ኬ ኡባይ ሂንቴና ሳሮ ያጎሶና።
66018019	Description	ኤንቲ ባንታ ሁዔን ባና ቆሊዲ፥ ዋሲዶሶናኔ ካዮቲዶሶና። ‹ኣባ ቦላ ማርካቤቲ ዴዒያ ኡባይ፥ ኢ ሻሉዋን ዱሬቲዳ ኡባይ፥ ሄ ካታሚያ ኢሲ ሳቴን ዪዳ ጊሾ ኣዬ! ኣዬ!
62003001	Grace	ኑኒ ፆሳ ናይታ ጌቴቲዲ ፄጌታና ሜላ ፆሳይ ኑና ኣይ ሜላ ዶሲዳኮ ቤዒቴ። ኑኒ ቱማካ ፆሳ ናይታ። ሃ ኣላሜይ ፆሳ ኤሮና ጊሾ ኑናካ ኤሬና።
60005005	Recommendation	ሄሳዳካ፥ ያላጋቶ፥ ጪማታስ ሃሬቲቴ። ሂንቴ ኢሶይ ኢሱዋስ ኣሽኬ ጊዲቴ። ጌሻ ማፃፋን፥ «ፆሳይ ኦቶራንቾታ ኢፄስ፥ ሺን ኣሽኬታስ ኣ ኬሃቴ ኢሜስ» ያጌስ።
45003004	Faith	ዲጌና! ኣሳ ኡባይ ዎርዳንቾ ጊዲኮካ ፆሳይ ቱማ ጊዶ። ጌሻ ማፃፋን፥ «ኔ ቃላን ኔ ፂላሳ፤ ኔና ሞቴይሳ ፒርዳን ላሳ» ጌቴቲዲ ፃፌቲስ።
44009014	Violence	ቃሲ ዳማስቆን ኔ ሱን ፄጌይሳታ ኡባ ቃቻናው፥ ካሂኔ ሃላቃቲ ኢያው ማታ ኢሚዶሶና» ያጊስ።
61002001	Sin	ሺን ዎርዶ ናቤቲ ካሴ ኣሳ ጊዶን ዴዔይሳ ሜላ ሃዒካ ዎርዶ ኣስታማሬቲ ሂንቴ ጊዶን ዴንዳና። ኤንቲ ባንታና ዎዚዳ፥ ጎዳ ካዲዲ፥ ይሲያ ዎርዶ ቲሚርቲያ ኤሃና። ሄሳን ኤንቲ ባንታ ቦላ ኤሌሲዲ ዮ ኤሆሶና።
43005018	Violence	ዬሱሲ ሳምባታ ቦንቾና ጊሾ ፃላላስ ጊዶናሺን ፆሳይ ባ ኣዋ ጊዲ ባና ፆሳራ ጊጊሲዳ ጊሾ ኣይሁዴቲ ኢያ ዎናው ካሴፔ ሚንዲ ኮዪዶሶና።
46011002	Faith	ሂንቴ ኡባባን ታና ቆፒያ ጊሾኔ ታ ታማርሲዳ ቲሚርቲያ ሚንዲ ናጊዳ ጊሾ ታ ሂንቴና ጋላታይስ።
44002025	Faith	ዳዊቴይ ኢያባ ኦዲሼ፥ ‹ታኒ ያርኮና ሜላ፥ ጎዳይ ታ ኡሻቻን ዴዔስ። ጎዳ ኡባ ዎዴ ታ ማታን ቤዓይስ።
60001023	Grace	ሂንቴ ናምዓን ዬሌቲዳይ ያ ዜሬፌ ጊዶናሺን ሜሪናው ዴዒያ ፆሳ ቃላን ዮና ዜሬፌ ዬሌቲዴታ።
59005016	Recommendation	ሄሳ ጊሾ፥ ሂንቴ ፓፃና ሜላ ሂንቴ ናጋራ ኢሶይ ኢሱዋስ ፓፂቴኔ ኢሶይ ኢሱዋስ ዎሲቴ። ፂሎ ኣሳ ዎሳይ ዎልቃማ ኦሶ ኦስ።
43006047	Faith	«ታኒ ሂንቴው ቱማ ኦዳይስ፤ ታና ኣማኒያ ኦዴስካ ሜሪና ዴዖይ ዴዔስ።
43014018	Grace	«ታኒ ሂንቴና ኣያ ኣዉ ባይና ናዓዳ ሂንቴ ፃላላ ኣጊኬ፤ ሲማዳ ሂንቴኮ ያና።
45003002	Grace	ቱማካ ኣይሁዴ ጊዶይ ዳሮ ኦጌራ ማዴስ። ኡባፌ ሲን ፆሳይ ባ ቃላ ሃዳራ ኣይሁዴታስ ኢሚስ።
49006005	Recommendation	ኣይሌቶ፥ ኪሪስቶሳስ ኪቴቴይሳዳ ሂንቴ ሳዓ ጎዳታስ ያሻን፥ ቦንቾኒኔ ሱሬ ዎዛናን ኪቴቲቴ።
45002004	Grace	ዎይኮ ፆሳ ኬሃቴ፥ ጌንጫኔ ዳንዳዓ ዳሮቴ ካዬ? ፆሳይ ኔው ኬሂዳይ ኔና ናጋራፔ ዛራናው ጊዴይሳ ኤሪኪዬ?
62005014	Faith	ፆሳ ሼኒያዳ ኣይቢባካ ኢያ ዎሲኮ፥ ኢ ሲዔይሳ ኑኒ ኤሪያ ጊሾ ኢያን ኣማኔቶስ።
45015013	Faith	ጌሻ ኣያና ዎልቃን ሂንቴ ዲጫና ሜላ ኡፋይሲ ኢሚያ ፆሳይ፥ ሂንቴ ኣማኑዋ ጋሶን ሂንቴው ኡፋይሲኔ ሳሮቴ ኩሜ ኢሞ።
43019041	Description	ዬሱሲ ማስቃሊያ ቦላ ካቄቲዳ ቤሳን ዳሮ ኣታኪልቴይ ዴዔስ። ሄ ኣታኪልቲያ ጊዶን ሹቻፌ ዎጬቲዲ ኦሴቲዳ ቡሮ ኦኒካ ሞጌቲቦና ኦራ ዱፎይ ዴዔስ።
66019020	Violence	ሺን ሄ ዶዓይኔ ኢያ ሱንን ማላታታ ኦዳ ዎርዶ ናቤይ ኢያራ ኢሲፌ ኦይኬቲስ። ሄ ማላታታን ዶዓ ማላይ ዴዔይሳታኔ ኢያ ሚሲሊያ ጎይኔይሳታ ኢ ባሌስ። ዶዓይኔ ዎርዶ ናቤይ ናምዓይካ ዲኔን ኤፂያ ታማ ኣባን ፓፃ ዬጌቲዶሶና።
45012020	Recommendation	ሺን ጌሻ ማፃፋን፥ «ኔ ሞርኬይ ኮሻቲኮ ሙዛ፤ ኢ ሳሞቲኮ ኡሻ። ኔኒ ሄሳ ኦኮ ኢያ ሁዔን ዬላ ታማ ቦንቆ ቆላሳ» ጌቴቲዲ ፃፌቲስ።
51003016	Recommendation	ኪሪስቶሳ ቃላይ ሂንቴ ዎዛናን ኩሚዲ ዴዖ። ጪንጫቴ ኡባን ኢሶይ ኢሱዋ ታማርሲቴኔ ዞሪቴ። ማዝሙሬን፥ ሳባኒኔ ኣያና ዬን ፆሳ ዎዛናፔ ጋላቲሼ ዬፂቴ።
51003019	Recommendation	ኣዚናቶ፥ ሂንቴ ማቼታ ሲቂቴ፤ ኤንታው ኢቶፒቴ።
54005016	Recommendation	ኢሲ ኣማኒያ ማጫሴስ ሶ ኣሳ ጊዶን ኣምዔቲ ዴዒኮ ኢያ ኤንታ ማዳናው ቤሴስ። ሄሳዳ ኦኮ፥ ዎሳ ኬስ ቶሆይ ካዉዬስ። ሄ ዎዴ ዎሳ ኬይ ማዴ ቤሲያ ቱማ ኣምዔታ ማዳናው ዳንዳዔስ።
62005011	Grace	ሂዛ፥ ማርካቴይ ሃይሳ፤ ፆሳይ ኑስ ሜሪና ዴዖ ኢሚስ፤ ሄ ዴዖይካ ኢያ ናዓን ዴዔስ ያጌይሳ።
62005012	Faith	ፆሳ ናዓይ ዴዒያ ኦዴስካ ዴዖይ ዴዔስ። ፆሳ ናዓይ ባይና ኦዴስካ ዴዖይ ባዋ።
43008036	Grace	ናዓይ ሂንቴና ኣይሌቴፌ ኬሲኮ ሂንቴ ኣይሌቴፌ ቱማ ኬያና።
49003013	Faith	ታኒ ሂንቴ ጊሾ ዋዬ ኤኪያ ጊሾ ሂንቴ ታ ዋያን ዬላቶናዳ ሂንቴና ዎሳይስ፤ ታኒ ሂንቴ ቦንቹዋስ ዋዬታይስ።
45016018	Sin	ሄሳ ሜላ ኣሳቲ ባንታው ኦሶናፔ ኣቲን ኑ ጎዳ ኪሪስቶሳስ ኦኮና። ባንታ ማልዒያ ዶናኒኔ ሳጶያ ቃላን ኣይኮ ኤሮና ኣሳ ዎዛና ባሌሶና።
45001029	Sin	ኤንታን ጌላቴ፥ ኢታቴ፥ ዪቄይ፥ ጌኔይ፥ ቃናቴይ፥ ሼምፖ ዎይ፥ ፓላሚ፥ ጪሞይኔ ኢታ ኣሞይ ኩሚስ። ኤንቲ ዚጊሬይሳታ፥
55001014	Recommendation	ኑ ጊዶን ዴዒያ ጌሻ ኣያና ዎልቃን ኔው ኢሜቲዳ ሎዖ ሃዳራ ናጋ።
48006008	Faith	ባ ኣሾ ኣሙዋ ኩንናው ዜሪያ ኦኒካ፥ ባ ኣሾ ኣሙዋፔ ሃይቆ ቡጫና። ሺን ኣያና ኡፋይሳናው ዜሪያ ኦኒካ ኣያናፔ ሜሪና ዴዖ ጫካና።
46010009	Recommendation	ኤንታፌ ኢሶቲ ኢሶቲ ጎዳ ፓጪዲ ሾሻን ዱኬቲዲ ሃይቂዳይሳዳ ኑ ጎዳ ፓጫናው ቤሴና።
46013005	Recommendation	ሲቆይ ቤሶናባ ኦና። ሲቆይ ኡዜቴና። ሲቆይ ዪሎቴና። ሲቆይ ባ ቆሆ ፓይዴና።
66009009	Description	ኤንታው ቲራ ቦላ ዎያ ቢራታ ፁሩሬይ ዴዔስ፤ ኤንታ ቄፊያ ጊርሳይ ኦሌታናው ጋላቢያ ፓራኔ ፓራ ጋሬ ጊርሳ ሜላ።
43015022	Sin	ታኒ ያዳ ኦዶናባ ጊዲያኮ ኤንታው ናጋራ ጊዴና። ሺን ሃዒ ኤንቲ ኦዳ ናጋራስ ጋሶያባይ ባዋ።
51004005	Recommendation	ኢንጄቲያ ዎዴ ኡባ ጎዔቲሼ ኣማኖና ኣሳ ማታን ጪንጫቴን ዴዒቴ።
45006006	Faith	ኑ ሂዛፔ ናጋራስ ኣይሌ ጊዶና ሜላኔ ኑ ናጋራንቾ ኣሳቴ ዎልቃይ ያና ሜላ ኑ ጪማ ኣሳቴይ ኪሪስቶሳራ ካቄቲዳይሳ ኤሮስ።
62003010	Sin	ፆሳ ናይታ ጊዶኒኔ ፃላሄ ናይታ ጊዶን ዴዒያ ዱማቴይ ሄሳን ኤሬቴስ፤ ፂሎ ኦና ኣሲ ዎይኮ ባ ኢሻ ዶሶና ኣሲ ፆሳ ናዓ ጊዴና።
45008007	Sin	ኣሾ ኣሞስ ሃሬቲያ ኣሲ ፆሳ ሂጊያስ ኪቴታናው ኮዮና ጊሾኔ ኪቴታናው ዳንዳዖና ጊሾ ፆሳራ ሞርኬ።
44002026	Faith	ሄሳ ጊሾ፥ ታ ዎዛናይ ኡፋይቲስ፤ ታ ኢንፃርሳን ኡፋይሲ ኩሚስ፤ ሃይቂያ ታ ኣሳቴይ ኡፋይሳን ዳና።
46010020	Sin	ኤንቲ ያርሼይ ፆሳስ ጊዶናሺን ቱና ኣያናታሳ። ሄሳ ጊሾ፥ ሂንቴው ቱና ኣያናታራ ኢሲፌቴ ዳና ሜላ ኮዪኬ።
44013001	Description	ኣንፆኪያን ዴዒያ ዎሳ ኬን ናቤቲኔ ኣስታማሬቲ ዴዖሶና። ኤንቲ ባርናባሳ፥ ካሬ ጌቴቲያ ሲሞና፥ ቄሬናፔ ዪዳ ሉኪዮሳ፥ ካዉዋ ሄሮዲሳራ ዲጪዳ ሚናሄኔ ሳዖላ።
49005006	Recommendation	ሃይሳታ ጋሶን ፆሳ ሃንቆይ ኪቴቶና ኣሳ ቦላ ያና ጊሾ ኦኒካ ሂንቴና ፓና ኦዳን ጪሞፎ።
56001011	Sin	ኤንቲ ቤሶና ኦጌን ሚሼ ዴማናው ኮዪዲ፥ ታማርሳናው ቤሶናባ ታማርሲሼ ኬ ኣሳ ኡባ ኢሲያ ጊሾ ኤንታ ቲሚርቲያ ቴቃናው ቤሴስ።
43013011	Sin	ዬሱሲ ባና ኣ ኢማና ኡራይ ኦኔኮ ኤሪያ ጊሾ «ሂንቴ ኡባይ ጌሺ ጊዴኬታ» ያጊስ።
43010001	Sin	ዬሱሲ፥ «ታኒ ሂንቴው ቱማ ኦዳይስ፤ ዶርሳ ጊርቤ ጊዶ ፔንጌራ ጊዶና ሃራሶራ ጌሊያ ኦኒካ ካይሶኔ ፓንጋ።
61002015	Sin	ኤንቲ ሱሬ ኦጌ ኣጊዲ፥ ማካላ ሚሼ ሲቂዲ ባሊዳ፥ ቢዖራ ናዓ ባላማ ኦጊያ ካሊዶሶና።
44014005	Violence	ኣይሁዴ ጊዶናይሳቲኔ ኣይሁዴቲ ባንታ ሃላቃታራ ኢሲፌ ጊዲዲ ሃዋሬታ ቆሃናዉኔ ሹቻን ጫዳናው ኮዪዶሶና።
43021017	Description	ዬሱሲ ሄን፥ «ዮና ናዓው ሲሞና፥ ታና ዶሳይ?» ያጊስ። ዬሱሲ ሄን ሲሞን ጴፂሮሳኮ፥ «ታና ዶሳይ?» ያጊዲ ኦይቺዳ ጊሾ ጴፂሮሲ ኣዛኒዲ፥ «ጎዳው፥ ኔኒ ኡባባ ኤራሳ፤ ታኒ ኔና ዶሴይሳ ኔ ኤራሳ» ያጊስ። ዬሱሲ፥ «ታ ዶርሳታ ሄማ።
66021027	Sin	ዶርሳ ዴዖ ማፃፋን ሱንይ ፃፌቲዳይሳታ ፃላሊ ኣቲን ቱናባ ዎይኮ ዬላያባ ኦይ ዎይኮ ዎርዶቴይ ኦኒካ ሄ ካታማ ጌሌና።
66017004	Sin	ሄ ማጫሲያ ካሎሴ ማዖኔ ዞዖ ማዖ ማዓሱ፤ ኢያ ዎርቃን፥ ቦንቾ ሹቻኒኔ ኢንቆ ጊያ ኣልዖ ሹቻን ኣሌቄታሱ። ኢያ ባ ኩሼን ቦርሲያባኔ ላይማቴ ቱናቴን ኩሚዳ ዎርቃ ፁዓ ኦይካሱ።
51003014	Recommendation	ሄ ኡባ ቦላ ኡባባ ኢሲፌ ሺሺዲ ቃቺያ ሲቆ ማዒቴ።
43012023	Description	ዬሱሲ ኤንታኮ፥ «ኣሳ ናዓይ፥ ቦንቼቲያ ዎዴይ ጋኪስ።
45002022	Sin	ኔኒ፥ «ላሞፋ» ጋሼ፥ ኔኒ ኔ ሁዔን ላማዬ? ኔኒ ኤቃ ኢፃሼ፥ ኤቃይ ዴዒያ ኬ ቦንቃዬ?
45007008	Sin	ሺን ታ ኡባባ ኣሞታና ሜላ ናጋሪ ሂጌ ባጋራ ታናን ኦጌ ዴሚስ። ሂጌይ ባይኔኮ ናጋሪ ሃይቂዳይሳ።
44026017	Grace	ኢስራዔሌ ኣሳታፔኔ ታኒ ኔና ኤንታኮ ኪቲያ ኣይሁዴ ጊዶናይሳታፔ ኔና ኣሻና።
56003003	Sin	ኑኒ ካሴ ኤያታ፥ ኪቴቶናይሳታ፥ ባሌቲዳይሳታ፥ ዱማ ዱማ ኣሾ ኡፋይሳሲኔ ኣሞስ ኣይሌቲዳይሳታ። ኑኒ ኢታቴኒኔ ቃናቴን ኩሚዳይሳታ፤ ኑ ኣሴ ኢፄይሳታ፥ ኣሲካ ኑና ኢፄይሳታ።
54005021	Recommendation	ኔኒ ኣሳ ሶምዖ ቤዖና፥ ኢሱዋ ኢሱዋፌ ዱማዮና ሃ ኪታ ናጋና ሜላ ፆሳ፥ ጎዳ ዬሱስ ኪሪስቶሳኔ ዶሬቲዳ ኪታንቾታ ሲንን ታ ኔና ዞራይስ።
58010035	Recommendation	ሄሳ ጊሾ፥ ጊታ ዎይቶይ ዴዒያ ሂንቴ ሚኖቴ ዬጎፊቴ።
46004002	Faith	ሄ ሃዳራ ኤኪዳ ኣሳቲ ባንታ ጎዳስ ኣማኔቲዳይሳታ ጊዳናው ቤሴስ።
44009043	Description	ጴፂሮሲ ዮጴን ሲሞና ጊያ ጋልባ ሃሼይሳ ሶን ዳሮ ጋላስ ጋምዒስ።
46003016	Grace	ሂንቴ ፆሳ ኬ ጊዴይሳኔ ፆሳ ኣያናይ ሂንቴናን ዴዔይሳ ኤሬኬቲ?
58010019	Faith	ሂዛ፥ ታ ኢሻቶ፥ ኑኒ ዬሱሳ ሱ ባጋራ ኡባፌ ጌሻ ቤሳ ጌላናው ኑስ ሚኖቴ ዴዔስ።
43008021	Sin	ቃሲካ ዬሱሲ ኤንታኮ፥ «ታኒ ባና፤ ሂንቴ ታና ኮያና፥ ሺን ሂንቴ ኣቶቴ ዴሞና ሂንቴ ናጋራን ሃይቃና። ታኒ ቢያሱዋ ባናው ሂንቴ ዳንዳዔኬታ» ያጊስ።
51003012	Recommendation	ሄሳ ጊሾ፥ ፆሳን ዶሬቲዳ ኣሳዳ ጌሻታኔ ዶሴቲዳይሳታ ጊዲዲ፥ ማሮቴ፥ ኬሃቴ፥ ኣሽኬቴኔ ዳንዳዓ ማዒቴ።
43012026	Faith	ታኒ ዴዒያሱዋን ታራ ዳና ሜላ ታው ኦናው ኮያ ኦኒካ ታና ካላናው ቤሴስ። ታው ኦያ ኦናካ ታ ኣዋይ ቦንቻና።
54003004	Description	ኢያ ናይቲ ኢያው ኪቴቴይሳኔ ቦንቼይሳ፥ ባ ኬ ኣይሳናው ዳንዳዔይሳ ጊዳናው ቤሴስ።
52005011	Recommendation	ሄሳ ጊሾ፥ ሂንቴ ካሴ ኦይሳዳ፥ ኢሶይ ኢሱዋ ሚንቴኔ ዲቺቴ።
62003011	Recommendation	ኮይሮፔ ሂንቴ ሲዒዳ ኪታይ፥ «ኢሶይ ኢሱዋ ዶሳናው ቤሴስ» ያጊያ ኪታ።
46007026	Recommendation	ሂዛ፥ ሃዒ ሜቱዋ ጊሾ ኤኮና ዎይኮ ጌሎና ዱሲ ታው ሎዖ ዳኔስ።
43003001	Description	ፋሪሳዌታ ያራፔ ጊዲዳ፥ ኣይሁዴታ ሃላቃይ፥ ኒቆዲሞሳ ጊያ ኢሲ ኣዴይ ዴዔስ።
59002025	Description	ሄሳዳካ፥ ላይሚያ ራዓባ ኢስራዔሌፔ ኪቴቲዳይሳታ ሞካዳ ሃራ ኦጌራ ኤንታ ሞይዚዳ ዎዴ ባ ኦሱዋን ፂላቤኬ?
54002015	Faith	ሺን ማጫሲ ኣማኖን፥ ሲቆኒኔ ጌሻቴን ባንታና ሃሪዲ ዴዒኮ ናይታ ዬሎን ኣታና።
44013017	Grace	ሃ ኢስራዔሌ ኣሳ ፆሳይ፥ ኑ ማይዛታ ዶሪስ። ጊብፄ ቢታን ኢማቴን ኤንቲ ዴዒሺን፥ ኤንታ ዳርሲዲ ባ ጊታ ዎልቃን ጊብፄ ቢታፌ ኤንታ ኬሲስ።
44015008	Grace	ኣሳ ዎዛና ኤሪያ ፆሳይ ጌሻ ኣያና ኑስ ኢሚዳይሳዳ ኤንታዉካ ኢሚዲ ቱማይስ።
59002011	Sin	«ላሞፋ» ጊዳ ጎዳይ፥ ቃሲ «ዎፓ» ጊስ። ሺን ኔኒ ላሞና ኣጋዳ ዎዳባ ጊዲኮ፥ ሂጊያ ሜንዳሳ።
43010028	Grace	ታኒ ኤንታው ሜሪና ዴዑዋ ኢማይስ፤ ኤንቲ ኡባራካ ዮኮና። ኦኒካ ታ ኩሼፔ ኤንታ ቦንቂ ኤካናው ዳንዳዔና።
45016020	Grace	ሳሮቴ ፆሳይ ፃላሂያ ሂንቴ ቶሁዋፔ ጋርሳን ጋጪ ዬጋና። ኑ ጎዳ ዬሱስ ኪሪስቶሳ ኣ ኬሃቴይ ሂንቴራ ጊዶ።
55003005	Sin	ኤንቲ ኣማኒያ ዳኖሶናፔ ኣቲን ኣማኖ ዎልቃ ካዶሶና፤ ኔኒ ሄሳ ሜላ ኣሳታፔ ባቃታ።
45012005	Description	ሄሳዳ፥ ኑኒ ዳሮ ኣሲ ጊዲኮካ ኪሪስቶሳን ኢሲ ኣሳቴ ጊዲዳ። ኑኒ ኢሲ ኣሳቴ ጊዲዲ ዱማ ዱማ ኪፊሌቲ ኢሶይ ኢሱዋራ ኦይኬቲዳ።
56003008	Faith	ሃ ቃላይ ኣማኔቲዳ ቃላ። ፆሳ ኣማኔይሳቲ ሎዖ ኦሶ ኦናው ጊጊዳይሳታ ጊዳና ሜላ ኔ ሃ ቃላ ሚንዳ ኦዳና ሜላ ታ ኮያይስ። ሃይሳቲ ኣሴ ኡባስ ሎዖኔ ጎዔይሳታ።
59002023	Faith	ጌሻ ማፃፋይ፥ «ኣብራሃሜይ ፆሳ ኣማኒስ። ፆሳይ ሄሳ ኢያው ፂሎቴ ኦዲ ታይቢስ» ጊዳይሲ ፖሌቲስ። ቃሲ ኢ ፆሳ ዳቦ ጌቴቲዲ ፄጌቲስ።
59002001	Faith	ታ ኢሻቶ፥ ሂንቴ ኑ ቦንቾ ጎዳ ዬሱስ ኪሪስቶሳ ኣማኒያባ ጊዲኮ፥ ኣሳ ሶምዖ ፄሊዲ ኣሴ ቦንቾፊቴ።
45003013	Sin	ኤንታ ዶናፔ ኬያ ቃላይ፥ ዶዬቲዳ ዱፎፔ ኬያ ፂንቆ ሜላ፤ ባንታ ኢንፃርሳን ጪሞሶና። ኤንታ ዶናፔ ኣሴ ዎያ፥ ሾሻ ማርዜይ ኬዬስ።
49005028	Recommendation	ሄሳዳካ፥ ኣዚናቲ ባንታና ዶሴይሳዳ ባንታ ማቼታ ዶሳናው ቤሴስ። ባ ማቺው ዶሴይሲ ባና ዶሴስ።
45009030	Faith	ያቲን፥ ኑ ዎይጋኔ? ፂሎቴ ኮዪቦና ኣይሁዴ ጊዶና ኣሳይ ኣማኖን ፂሎቴ ዴሚዶሶና።
54003009	Faith	ኣማኑዋ ፁራ ጌሻ ካሃን ናጌይሳታ ጊዳናው ቤሴስ።
54006002	Recommendation	ኣማኒያ ጎዳቲ ዴዒያ ኣይሌቲ፥ ኤንታ ጎዳቲ ኤንታው ኢሻ ጊዲያ ጊሾ ኤንታ ካፖ። ኤንታ ኦሱዋን ማዴቲያ ጎዳቲ፥ ኣማኔይሳታኔ ዶሴቲዳይሳታ ጊዲያ ጊሾ ኤንቲ ካሴይሳፌ ኣዲ ኦናው ቤሴስ። ኔኒ ሃይሳ ታማርሳናዉኔ ኤንቲ ኦና ሜላ ዞራናው ቤሴስ።
45003003	Faith	ያቲን፥ ኤንታፌ ኢሶቲ ኢሶቲ ቃላ ኣማኖና ኢፂኮ፥ ኤንታ ኢፆይ ፆሳ ኣማኔቴ ዲጊዬ?
43019034	Violence	ሺን ዎታዳሬታፔ ኢሶይ ኢያ ሚያ ቶራን ጫዲን ሶሁዋራ ሱኔ ሃ ጎጊስ።
43015012	Recommendation	ታ ኪታይ ሃይሳ፤ ታኒ ሂንቴና ዶሲዳይሳዳ ሂንቴካ ኢሶይ ኢሱዋ ዶሲቴ።
45006013	Recommendation	ቃሲ ሂንቴ ኣሳቴ ናጋራ ኦናው ጌላቴ ሚሼ ኦዲ ኢሞፊቴ። ሺን ሂንቴ ሃይቆፔ ዴንዲዲ፥ ዴዖን ዴዒያ ኣሳዳ ሂንቴ ኣሳቴ ፆሳስ ኢሚቴ። ቃሲ ሂንቴ ኩሜ ኣሳቴ ፂሎ ኦሶ ኦናው ፆሳስ ኣ ኢሚቴ።
58010039	Faith	ኑኒ ኣማኔቲዲ ኣቲያ ኣሳ ባጋፌ ኣቲን ጉዬ ሲሚዲ ያ ኣሳ ባጋ ጊዶኮ።
45011026	Grace	ሄሳዳካ፥ ኢስራዔሌ ኣሳ ኡባይ ኣታና። ጌሻ ማፃፋን፥ «ኑና ኣሼይሲ ፂዮኔፔ ያና፤ ያይቆባ ዜሬፌ ኢታ ኡባ ዲጋና።
52002015	Violence	ሄ ኣይሁዴቲ ጎዳ ዬሱሳኔ ናቤታ ዎዶሶና፤ ቃሲ ኑና ጎዲዶሶና። ኤንቲ ፆሳ ኡፋይሶናይሳታኔ ኣሴ ኡባ ኢፄይሳታ።
58010026	Sin	ኑኒ ቱማ ኤራቴ ኤኪዳፔ ጉዬ ኤሪሼ ናጋራ ኦኮ፥ ሂዛፔ ኑ ናጋራ ጊሾ ያርሼታና ያርሾይ ባዋ።
49002006	Grace	ፆሳይ ኑና ኪሪስቶሳራ ኢሲፌ ሃይቆፔ ዴንዲ ሳሎ ሶሁዋን ኢያራ ኢሲፌ ዎስ።
49004025	Recommendation	ሂዛ፥ ዎርዶ ኦዴቶፊቴ። ኑኒ ኡባይ ኪሪስቶሳ ኣሳቴ ቢሊቴታ ጊዲያ ጊሾ ኣሳ ኡባራ ቱማ ኦዴቲቴ።
48002005	Faith	ሺን ቱማ ዎንጌላይ ሂንቴናን ሚኒዲ ዳና ሜላ ኑኒ ሃሪ ኣቶሺን፥ ጉ ዎዴስካ ኤንታው ኩሼ ኢሚቦኮ።
46014013	Recommendation	ዱማ ዱማ ዶናን ኦዴቲያ ኣሲ ባ ኦዳ ቢርሻናው ቢርሼ ኢሞታይ ኢሜታና ሜላ ፆሳ ዎሶ።
44009001	Violence	ሄ ዎዴ ሳዖሊ ጎዳ ካሌይሳታ ዎናው ማንዲዲ ካሂኔ ሃላቃኮ ቢስ።
43017013	Description	«ሃዒ ታኒ ኔኮ ባይስ። ታ ኡፋይሳይ ኤንታ ዎዛናን ፖሎ ጊዳና ሜላ ሃይሳ ታኒ ኣላሜን ዴዓሼ ኦዳይስ።
60004013	Recommendation	ሺን ኢያ ቦንቾይ ቆንጪያ ዎዴ ሂንቴ ኡፋይሳይ ጊታ ጊዳና ሜላ ኪሪስቶሳ ዋያ ሂንቴ ኤኬይሳን ኡፋይቲቴ።
44011006	Description	ታኒ ቲሺ ኦ ኢያ ጊዶ ፄሊያ ዎዴ ኦይዱ ቶሆራ ዴዒያ ሜሄታ፥ ዎራ ዶዓታ፥ ኡሎራ ጎሼቲያ ሜቴታኔ ሳሎ ካፎታ ቤዓስ።
51003008	Recommendation	ሃዒ ሂንቴ ሄሳታ ኦፊቴ። ቃሲ ሃንቆ፥ ኢፆ፥ ካቺ፥ ዚጊርሲኔ ቦርሶ ኦዳ ሂንቴፌ ዲጊት።
44018003	Description	ኢያ ኦሶይ ኤንታይሳዳ ዱንካኔ ሲኮ ጊዲያ ጊሾ ኤንታራ ኡቲዲ ኢሲፌ ኦስ።
45006012	Sin	ሄሳ ጊሾ፥ ሂንቴ፥ ሂንቴ ኣሳቴ ኣሙዋስ ኪቴቶና ሜላ ሃይቂያ ሂንቴ ኣሳቴ ናጋሪ ሃሮፖ።
53003012	Recommendation	ኑኒ ሄሳ ሜላ ኣሳቲ ማራ ዴዖ ዳናዳኔ ባንታና ኮሺያባ ኦዲ ዴማናዳ ጎዳ ዬሱስ ኪሪስቶሳ ሱንን ኤንታ ኪቶሲኔ ዞሮስ።
44007009	Sin	«ያይቆባ ናይቲ ዮሴፋ ቃናቲዲ ጊብፄ ቢታን ኣይሌቴስ ባይዚዶሶና፥ ሺን ፆሳይ ኢያራ ዴዔስ።
44011028	Description	ኤንታ ጊዶፌ ኣጋቦሳ ጌይሲ ዴንዲዲ ቢታ ኡባን ጊታ ኮሺ ኬያናይሳ ኣያና ዎልቃን ቲንቢቴ ኦዲስ። ሄሲ ሃኒዳይ ሮሜ ካዉዋ ቃላዉዲዮሳ ዎዴና።
44020036	Description	ጳዉሎሲ ሄሳ ኦዲ ኦንጊዲ ኤንታ ኡባራ ጉልባቲዲ ፆሳ ዎሲስ።
48005024	Faith	ኪሪስቶስ ዬሱሳባ ጊዲዳይሳቲ ባንታ ኣሹዋ ኢያ ኢታ ቆፋራኔ ኢያ ኣሙዋራ ኢሲፌ ማስቃሊያ ቦላ ካቂዶሶና።
59001002	Recommendation	ታ ኢሻቶ፥ ሂንቴና ዱማ ዱማ ፓጬይ ጋኪያ ዎዴ ሂንቴ ሎዖባ ዴሚዳዳ ኩሜ ኡፋይሳን ኤኪቴ።
62001006	Sin	ኑስ ኢያራ ኢሲፌቴ ዴዔስ ያጊሼ ማን ዴዒኮ፥ ኑ ኦዳኒኔ ኑ ኦሱዋን ዎርዶቶስ።
44010011	Description	ሳሎይ ዶዬቲን፥ ጊታ ኣፊላ ዳኒያባይ ኦይዱ ባጋራ ኦይኬቲዲ ዎሺን ኢ ቤዒስ።
44002009	Description	ኑኒ ጳርፄን፥ ሜዶናን፥ ኤላሜን፥ ናምዑ ሻፋታፔ ጊዶን ዴዔይሳቲ፥ ዪሁዳን፥ ቃጳዶቂያን፥ ጳንፆሳን፥ ኢሲያን፥
51001010	Faith	ሄሳዳካ፥ ጎዳይ ኮዬይሳዳ ሂንቴ ዳና ሜላ፥ ኡባ ዎዴ ኢያ ኡፋይሳና ሜላ፥ ሎዖ ኦሶ ኡባን ሂንቴ ኣይፌ ኣይፋና ሜላኔ ፆሳ ኣ ኤሪሼ ዲጫና ሜላ ፆሳ ዎሶስ።
54001018	Recommendation	ፂሞቲዮሳ፥ ታ ናዓው፥ ካሴ ኔባ ናቤቲ ኦዲዳ ቃላ ቦላ ኤቃዳ ሃ ኪታ ሃዳራ ኔው ኢማይስ። ኔ ሄ ቃላ ካሊኮ ሎዖ ኦላ ኦሌታና።
66019001	Faith	ያቲን፥ ሳሎን ዳሮ ኣሳይ፥ «ፆሳይ ጋላቴቶ! ኣቶቴይ፥ ቦንቾይኔ ዎልቃይ ኑ ፆሳስ ጊዶ።
49002001	Grace	ሃይሳፌ ካሴ ሂንቴ፥ ሂንቴ ናጋራኔ ሂንቴ ቆሁዋ ጋሶን ሃይቂዳይሳታ።
46010021	Sin	ሂንቴ ጎዳ ፁዓፔ ኡዪሼ፥ ቃሲ ቱና ኣያናታ ፁዓፔ ኡያናው ዳንዳዔኬታ። ጎዳ ጋይታፔ ሚሼ ቃሲ ቱና ኣያናታ ጋይታፔ ማናው ዳንዳዔኬታ።
49005003	Recommendation	ሺን ላይማቴ፥ ቱናቴኔ ኡዜቴ ኣማኒያ ኣሳስ ቤሶና ጊሾ ሂንቴ ጊዶን ኡባራካ ሲዔቶፎ።
56001015	Sin	ባንታው ጌሺ ጊዲዳይሳታስ ኡባይ ጌሺ፥ ሺን ቱናታሲኔ ኣማኖናይስታስ ኤንታ ቆፋይኔ ካሃይ ቱኒዳ ጊሾ ኤንታው ኣይቢካ ጌሺ ጊዴና።
44009021	Description	ሄሳ ሲዒዳ ኡባይ ማላሌቲዲ፥ «ሃይሲ ዬሩሳላሜን ዬሱሳ ሱን ፄጌይሳታ ቃቼይሳ ጊዴኔዬ? ቃሲ ሃ ዪዳይ ኤንታ ቃቺዲ፥ ካሂኔ ሃላቃታ ሲን ኤፋናሳ ጊዴኔ?» ያጊዶሶና።
58008006	Description	ሺን ዬሱሲ ጊዶ ጊዲዲ ሲጌያ ጫቆይ፥ ኮይሮ ጫቁዋፔ ኣይሳዳ ኢ ኤኪዳ ኦሶይ ኤንታይሳፌ ኣስ። ሄሲ ኤቂዳይ ኣያ ጫቆ ቃላና።
50001021	Faith	ታ ዴዒኮካ ኪሪስቶሳ ፃላላስ ዴዓይስ፤ ቃሲ ታ ሃይቂኮካ ታው ኣዳ ዎ።
50001006	Faith	ሂንቴ ጊዶን ሎዖ ኦሶ ዶሚዳ ፆሳይ፥ ኪሪስቶስ ዬሱሲ ሲሚያ ጋላሳይ ጋካናው፥ ፖላናይሳ ኤራይስ።
62005020	Faith	ኑኒ ቱማ ፆሳ ኤራናዳ ፆሳ ናዓይ ዪዳይሳኔ ኑስ ኣኬካ ኢሚዳይሳ ኤሮስ። ኑኒ ኢያ ናዓ፥ ዬሱስ ኪሪስቶሳ ባጋራ ቱማ ፆሳን ዴዖስ። ዬሱሲ ቱማ ፆሳኔ ሜሪና ዴዑዋ።
45012018	Recommendation	ኣሳ ኡባራ ሳሮን ዳናው ሂንቴው ዳንዳዔቲያ ኡባ ኦቴ።
58010023	Faith	ኑስ ኡፋይሳ ቃላ ኢሚዳ ፆሳይ ኣማንቲዳይሳ ጊዲያ ጊሾ ኑ ማርካቲያ ኡፋይሳ ኡሻቺ ሃዲርሲ ጎና ሚንዲ ኦይኮስ።
43014027	Grace	«ሳሮቴ ሂንቴው ኢማና። ታኒ ታ ሳሮቴ ሂንቴው ኢማና። ታ ኢሚያ ሳሮቴይ ኣላሜይ ኢሚያ ሳሮቴ ሜላ ጊዴና። ሄሳ ጊሾ፥ ኡንዔቶፊቴ፥ ያዮፊቴ።
47005006	Faith	ሄሳ ጊሾ፥ ኑኒ ሃ ሳዓ ኣሳቴን ዴዒያ ዎዴ ኡባን ጎዳፔ ሃኪዲ ዴዔይሳ ኤሪኮካ ኡባ ዎዴ ኣማኔቲዲ ዴዖስ።
43012047	Grace	ታ ቃላ ሲዒዲ ኪቴቶና ኦናካ ታኒ ፒርዲኬ። ኣይስ ጊኮ፥ ታኒ ኣላሚያ ኣሻናው ያሲፔ ኣቲን ፒርዳናው ያቢኬ።
62003012	Sin	ኑኒ ቃዔላ ሜላ ጊዳናው ቤሴና። ቃዔሊ ፃላሄ ዳቦ ጊዲዲ ባ ኢሻ ዎስ። ኢ ባ ኢሻ ኣይስ ዎዴ? ኢያ ኦሶይ ኢታ ጊዲዳ ጊሾኔ ኢያ ኢሻ ኦሶይ ሎዖ ጊዲዳ ጊሾ ዎስ።
66016020	Description	ሃን ቴቄቲዳ ቢታቲ ዪዶሶና፤ ዴሬቲካ ቤንቲቦኮና።
58011012	Description	ሄሳ ጊሾ፥ ሃይቂዳ ኣሲ ዳኒያ ኢሲ ኣዲያፌ ሳሎ ፆሊንቶ ሜላኔ ኣባ ጋፃን ዴዒያ ታይቦይ ባይና ሻፌ ሜላ ዜሬይ ዬሌቲዶሶና።
54001017	Faith	ኣይፌን ቤንቶናይሳስ፥ ኢሲ ፆሳስ፥ ሃይቆናይሳስ፥ ሜሪና ካዉዋስ፥ ሜሪናፔ ሜሪና ጋካናው ጋላታይኔ ቦንቾይ ጊዶ። ኣሚንዒ።
66014007	Faith	ሄ ኪታንቾይ ባ ቃላ ቁ ኦዲ፥ «ፆሳይ ኣላሚያ ፒርዲያ ሳቴይ ጋኪዳ ጊሾ ፆሳስ ያዪቴ፤ ኢያ ቦንቺቴ። ሳሎ፥ ሳዓ፥ ኣባኔ ፑልቶ ሃ ሜዳ ፆሳ ጎይኒቴ» ያጊስ።
44006001	Description	ሄ ዎዴ ካሌይሳታ ታይቦይ ዳሪ ዳሪ ቢሺን፥ ጊሪኬ ዶና ኦዴቲያ ኣይሁዴቲ ዪሁዳን ዬሌቲዲ ዴዒያ ኣይሁዴታ ቦላ ዙዙሚዶሶና። ኣይስ ጊኮ፥ ጊሪኬ ዶና ኦዴቲያ ኣይሁዴቲ፥ «ጋላስ ጋላስ ኢሜቲያ ካን ኑ ኣምዔቲ ናቄቶሶና» ያጊዶሶና።
60002021	Grace	ፆሳይ ሂንቴና ፄጊዳይ ሄሳ ጊሾሳ፤ ኪሪስቶሲ ሂንቴው ዋዬቲስ፤ ሂንቴ ኢያ ካላና ሜላ፥ ሂንቴው ሌሚሶ ጊዲስ።
53003010	Recommendation	ኑ ሂንቴራ ዴዒያ ዎዴካ፥ «ኦናው ኮዮና ኣሲ ኦኒካ ሞፖ» ያጊዲ ኪቲዳ።
43003016	Grace	ፆሳ ናዓ ኣማኒያ ኡባይ ሜሪና ዴዑዋ ላታናፔ ኣቲን ዮና ሜላ ፆሳይ ሃ ኣላሚያ ዳሮ ዶሲዳ ጊሾ ባ ኢሲ ናዓ ኢሚስ።
44019015	Description	ሺን ቱና ኣያናይ ኤንታኮ፥ «ታኒ ዬሱሳካ ጳዉሎሳካ ኤራይስ፥ ሺን ሂንቴ ኦናንቴ?» ያጊስ።
66019019	Violence	ዶዓይ፥ ፓራ ቶጊዳይሳራኔ ኢያ ኦላንቾታራ ኦሌታናው ሳዓ ካዎቲኔ ኤንታ ኦላንቾቲ ኢሲ ቤሲ ሺቂዳሺን ቤዓስ።
44027002	Description	ኢሲያ ጋፃን ዴዒያ ቢታታ ቢያ ኣዲራሚፂዮኔ ማርካቤን ጌሊዲ ዴንዲዳ። ማቄዶኒያ ኣሲ ጊዲዳ ቴሴሎንቄ ኣርስፂሮኮሲ ኑራ ዴዔስ።
58013003	Recommendation	ቃሾን ዴዔይሳታ ሂንቴካ ኤንታራ ኢሲፌ ቃሾን ዴዒያዳ ኦዲ ኤንታና ቆፒቴ። ዋዬ ኤኪያ ኣሳራ ኢሲፌ ሂንቴካ ዋዬ ኤኪያዳ ኦዲ ኤንታና ቆፒቴ።
51003017	Recommendation	ፆሳ ኣዋ ዬሱሳ ባጋራ ጋላቲሼ ሂንቴ ኦዴቲያባ ዎይኮ ኦያባ ኡባ ጎዳ ዬሱሳ ሱንን ኦቴ።
48006006	Recommendation	ፆሳ ቃላ ታማሪያ ኦኒካ ሎዖባ ኡባ ባ ኣስታማሪያራ ሻኬቴስ።
44007005	Description	ኢ ሃ ቢታፌ ሃሪ ኣቶሺን ቶሆይ ዬያ ቤሲካ ኣብራሃሜስ ኢሚቤና። ሺን ናዒ ኢያው ባይና ዎዴ ፆሳይ ሃ ቢታ ኢያዉኔ ኢያ ሼሻስ ላታ ኦዲ ኢማናይሳ ቃላ ጌሊስ።
44007019	Description	ሄ ካዎይ ኑ ዜሬ ጌኒዲ ጉ ናይቲ ሃይቃና ሜላ ኤንታ ካሬ ኬሲ ዬጋና ሜላ ኑ ኣዋታ ኡንዔስ።
43020003	Description	ሄሳ ጊሾ፥ ጴፂሮሲኔ ሃንኮ ታማሬይ ኬዪዲ ዱፉዋ ቢዶሶና።
44024016	Faith	ሄሳ ጊሾ፥ ታኒ ፆሳ ሲንኒኔ ኣሳ ሲንን ኡባ ዎዴ ሎዖ ካሂ ታው ዳና ሜላ ሚናይስ።
65001013	Description	ኤንቲ ሃንቄቲዳ ኣባ ዙሊያ ሜላ ባንታ ፖኩዋ ጎፖንቴይሳታ። ኤንቲ ሜሪናው ሳካና ማይ ናጊያ ቶይላቲያ ፆሊንቶታ።
48001012	Description	ታው ሃ ዎንጌላ ዬሱሲ ኪሪስቶሲ ቆንጪሲሲፔ ኣቲን ኣሳፔ ኤካቢኬ ዎይኮ ኣሲ ታና ታማርሲቤና።
45007005	Sin	ኑ ኣሾ ኣሞይ ኑና ሃሪን፥ ኑ ዴዒያ ዎዴ ሂጌይ ጉጂ ናጋራ ኦና ሜላ ኑና ዴንስ። ኑ ኣሳቴ ጊዶን ኢታ ኣሞቴ ዴዒያ ጊሾ ኑኒ ሃይቆ ኣይፌ ኣይፋና ሜላ ኦስ።
54002007	Faith	ፆሳይ ታና ዎንጌላስ ኣስታማሬኔ ሃዋሬ ኦዲ ዶሪዳይ ሄሳሳ። ታኒ ቱማ ኦዳይስ፤ ዎርዶቲኬ፤ ኣማኖኔ ቱማ ኣይሁዴ ጊዶና ኣሳስ ማርካታና ሜላ ፆሳይ ታና ሹሚስ።
62003024	Faith	ፆሳ ኪታ ናጊያ ኦኒካ ፆሳን ዴዔስ፤ ፆሳይካ ኢያን ዴዔስ። ፆሳይ ኑስ ኢሚዳ ጌሻ ኣያና ባጋራ ኢ ኑናን ዴዔይሳ ኤሮስ።
46010024	Recommendation	ኢሲ ኢሲ ኣሲ፥ ሃራ ኣሲ ማዲያባ ቆፓናው ቤሴሲፔ ኣቲን ባና ማዲያባ ፃላላ ቆፖፎ።
45012016	Recommendation	ኢሶይ ኢሱዋራ ኢሲ ቆፋን ዴዒቴ። ኦቶሮ ቆፋ ኣጊዲ፥ ሂንቴና ካዉሺዲ፥ ካዉሻ ኦሶ ኦቴ። ሂንቴ ሂንቴና ጪንጫ ጊዲ ቆፖፊቴ።
49004031	Recommendation	ጫሜቴ፥ ዪሎ፥ ሃንቆ፥ ዋሶ፥ ጫሼኔ ኢታ ኡባ ሂንቴፌ ሃሲቴ።
51001025	Faith	ፆሳ ቃላ ሂንቴው ፖላዳ ኦዳና ሜላ ታው ኢሜቲዳ ማታን ዎሳ ኬስ ኦሳንቾ ጊዳስ።
66001014	Description	ኢያ ሁዔይኔ ኢያ ቢናናይ ቦ ዶርሳ ኢኪሴ ሜላ ዎይኮ ሻቻ ሜላ ቦ፤ ኢያ ኣይፌይ ታማ ላጮ ዳኔስ።
47004015	Grace	ሄሲ ኡባይ ሃኒዳይ ሂንቴ ጊሾሳ። ፆሳ ኣ ኬሃቴይ ዳሮ ኣሳ ጋኪያ ዎዴ ኣሳይ ፆሳ ቦንቹዋስ ዳሮ ጋላታ ኢማና።
43006056	Faith	ታ ኣሹዋ ሚያ ኡራይኔ ታ ሱ ኡያ ኡራይ ታናን ዴዔስ፤ ታካ ኢያን ዴዓይስ።
43011027	Faith	ማርታ ዛራዳ፥ «ጎዳው፥ ኤ ታኒ ኣማናይስ! ኔኒ ፆሳ ናዓ፥ ኣላሚያ ያናው ዴዒያ ኪሪስቶሳ ጊዴይሳ ታኒ ኣማናይስ» ያጋሱ።
44002042	Faith	ኤንቲ ሃዋሬታ ቲሚርቲያን፥ ኢሲፌቴን፥ ኡይ ሙሳኒኔ ፆሳ ዎሳን ሚኖሶና።
58001009	Grace	ኔኒ ፂሎቴ ዶሳዳሳ፤ ኢታ ኢፃዳሳ። ፆሳይ፥ ኔ ጎዳይ፥ ኔና ኔ ላጌታፔ ኣዲ ዶሪስ፥ ኡፋይሳ ዛይቴ ኔና ቲዪስ» ያጌስ።
44012002	Violence	ዮሃኒሳ ኢሻ ያይቆባ ማሻን ዎሲስ።
55002016	Recommendation	ሺን ሃ ኣላሚያስ ኢንጄቲያ ጎዖና ኦዳፔ ባቃታ። ሄሳ ሜላ ኦዳይ ኣሴ ፆሳፌ ሃሴስ።
62003015	Sin	ባ ኢሻ ኢፂያ ኦኒካ ሼምፖ ዎስ። ቃሲ ሼምፖ ዎያ ኦዴስካ ሜሪና ዴዖይ ባይናይሳ ሂንቴ ኤሬታ።
43021015	Faith	ኤንቲ ሚዳፔ ጉዬ፥ ዬሱሲ ሲሞን ጴፂሮሳኮ፥ «ዮና ናዓው ሲሞና፥ ታና ሃይሳታፔ ኣዳ ዶሳይ?» ያጊስ። ሲሞን ጴፂሮሲ፥ «ኤ ጎዳው፥ ታኒ ኔና ዶሴይሳ ኔ ኤራሳ» ያጊስ። ዬሱሲ ኢያኮ፥ «ታ ዶርሳ ማራታ ሄማ» ያጊስ።
46012008	Grace	ጌሻ ኣያናይ ኢሱዋስ ጪንጫቴ ኩሚዳ ቃላ ኢሜስ፤ ቃሲ ኢሱዋስ ኤራቴ ኩሚዳ ቃላ ኢሜስ።
44007013	Description	ናምዓን ቡሳን ዮሴፊ ባ ኢሻታስ ባናቴ ኤሪሲስ። ጊብፄ ካዎይካ ዮሴፋ ሼሻ ኤሪስ።
60003010	Recommendation	ኣይስ ጊኮ፥ ጌሻ ማፃፋይ፥ «ዴዖ ዶሴይኔ ሎዖ ዎዴ ቤዓናው ኮዬይ ኦና ጊዲኮካ ባ ኢንፃርሳን ኢታባኔ ዎርዶ ኦዴቴይሳ ኣጎ።
44004032	Description	ኣማኔይሳቲ ኡባይ ቆፋኒኔ ዎዛናን ኢሲኖ ጊዲዶሶና። ኤንቲ ባንታው ዴዒያባ ታባ ጎናሺን ኢሲፌ ሻኬቶሶና።
46015003	Grace	ታኒ ኤኪዳ ኡባፌ ኣያ ኪታ ካሴታዳ ሂንቴው ኢማስ። ሄሲካ፥ ጌሻ ማፃፋይ ጌይሳዳ፥ ኪሪስቶሲ ኑ ናጋራ ጊሾ ሃይቂስ።
66018024	Violence	ናቤታ ሱይ፥ ጌሻታ ሱይኔ ቢታ ቦላ ሃይቂዳ ኣሳ ኡባ ሱይ ኢ ጊዶን ቤንቲዳ ጊሾ ባቢሎኔይ ፒርዴታሱ።
44013048	Faith	ኣይሁዴ ጊዶናይሳቲ ሄሳ ሲዒዳ ዎዴ ኡፋይቲዲ ፆሳ ቃላ ቦንቺዶሶና። ቃሲ ሜሪና ዴዑዋስ ዶሬቲዳ ኡባይ ኣማኒዶሶና።
66022020	Description	ሃ ኡባ ማርካቴይሲ፥ «ቱማ፥ ታኒ ኤሌሳዳ ያና» ያጌስ። ኣሚንዒ፤ ጎዳ ዬሱሳ፥ ሃያ።
50004009	Recommendation	ሂንቴ ታፔ ታማሪዳባ፥ ኤኪዳባ፥ ሲዒዳባኔ ቤዒዳባ ኡባ ኦቴ። ሳሮቴ ኢሚያ ፆሳይ ሂንቴራ ኢሲፌ ጊዳና።
53003015	Recommendation	ሺን ኢያ ኢሻዳ ሴሪቴፔ ኣቲን ሞርኬዳ ፄሎፊቴ።
51002008	Recommendation	ኪሪስቶሳፔ ጊዶናሺን ኣሳ ዎጋኒኔ ሃ ኣላሚያ ጮ ዎጋን ካቲዳ ቲሚርቲያኒኔ ኣሳፔ ዪዳ ኤራቴን ኦኒካ ሂንቴና ጪሚ ባሌዲ ዲዖና ሜላ ናጌቲቴ።
50003014	Faith	ሄሳ ጊሾ፥ ታኒ ጋፃ ጋካናው ዎፃይስ። ፆሳይ ኪሪስቶስ ዬሱሳ ባጋራ ሳሎ ዴዑዋስ ፄጊዳ ዎይቱዋ ኤካናው ዳቡራይስ።
56002014	Faith	ኢታ ኦሶ ኡባፌ ኑና ዎዛናዉኔ ሎዖባ ኦናው ኣሞቲያ ባ ጌሻ ኣሲ ኬሳናው ኑ ጊሾ ባና ኣ ኢሚስ።
43005024	Faith	«ታኒ ሂንቴው ቱማ ኦዳይስ፤ ታ ቃላ ሲዔይሳሲኔ ታና ኪቲዳይሳ ኣማኔይሳስ ሜሪና ዴዖይ ዴዔስ። ኢ ሃይቆፔ ዴዖን ፒኒዳ ጊሾ ፒርዴቴና።
66021015	Description	ታው ኦዲያ ኪታንቹዋስ፥ ካታማ፥ ኢያ ፔንጌታኔ ኢያ ዲርሳ ዋያ ዎርቃ ፃምዓይ ዴዔስ።
50003019	Sin	ኤንታ ዉርሴይ ዮ፤ ኤንታ ኡሎይ ኤንታው ፆሴ። ዬላታናው ቤሲያባን ኤንቲ ጬቄቶሶና፤ ቃሲ ሃ ሳዓባ ፃላላ ቆፖሶና።
54003006	Sin	ኦቶሮን ሱጌቲዲ፥ ፃላሄይ ፆሳ ፒርዳን ኩንዲዳይሳዳ ኩንዶና ሜላ፥ ኦራ ኣማኒዳ ኣሲ ጊዳናው ቤሴና።
65001003	Recommendation	ታ ሲቆ ኢሻቶ፥ ኑኒ ኢሲፌ ሻኬቲያ ኣቶቴባ ሂንቴው ፃፋናው ታኒ ዳሮ ኣሞታስ። ሺን ኣማኒያ ኣሳስ ኢሲ ቶሆኔ ዉርሴ ጋካናው ኢሜቲዳ ኣማኑዋስ ኦሌታና ሜላ ሂንቴና ዞራሼ ፃፋናይሲ ታው ኮሺያባ ጊዲስ።
44004002	Description	ኤንቲ ዬሱሲ ሃይቆፔ ዴንዶይሳኔ ኢያ ጋሶን ሃይቆፔ ዴንዶይ ዴዔይሳ ኣሳ ታማርሲዳ ጊሾ ዪሎቲዶሶና።
66018005	Sin	ሂዛ፥ ኢ ናጋራይ ሳሎ ጋካናው ዶሬቲስ። ፆሳይ ኢ ናቁዋ ኣኬኪስ።
43004046	Description	ዬሱሲ ሃ ዎይኔ ኡሺ ላሚዳ ቤሳ፥ ጋሊላን ዴዒያ ቃና ካታማ ቢስ። ቂፊርናሆሜን ካዎ ኬን ኦያ ኢሲ ሹማስ ናዓይ ሃርጌቲስ።
45012011	Recommendation	ኣዛሎፊቴ፤ ሂንቴ ኣያናን ሚኒዲ ጎዳስ ኦቴ።
60001008	Faith	ሂንቴ ዬሱሳ ቤዒቤኬታ፥ ሺን ኢያ ሲቄታ። ሂንቴ ሃዒ ኢያ ቤዒቦናባ ጊዲኮካ፥ ኢያ ኣማኔታ። ቃሲ ኦዳን ቆንጪሳናው ዳንዳዔቶና ኡፋይሳኒኔ ቦንቾን ኩሚዴታ።
62004013	Grace	ፆሳይ ባ ጌሻ ኣያና ኑስ ኢሚዳ ጊሾ ኑኒ ፆሳን ዴዔይሳኔ ኢካ ኑናን ዴዔይሳ ኤሮስ።
43019029	Description	ሄ ቤሳን ኢሲ ፁጋ ኩሜ ጫላ ዎይኔይ ዴዔስ። ኤንቲ ኢስፖንጄ ሄ ዎይኒያን ዬጊዲ፥ ሂሶጴ ሚ ፄራን ዎዲ፥ ዬሱሳ ዶናኮ ሺሺዶሶና።
51001013	Grace	ኢ ኑና ማ ዎልቃፌ ኣሺዲ ባ ዶሲያ ናዓ ካዎቴኮ ኤሂስ።
45016017	Recommendation	ታ ኢሻቶ፥ ሂንቴ ታማሪዳ ቲሚርቲያ ኢፂዲ፥ ሂንቴ ጊዶን ሻኬቴኔ ሜቶ ሜያ ኣሳታፔ ናጌቲቴ። ኤንታፌ ሃኪቴ።
45012007	Recommendation	ኑ ኢሞይ ሃራታ ማዴ ጊዲኮ፥ ሄ ኦሱዋን ሚናናው ቤሴስ፤ ታማርሶ ጊዲኮ፥ ሄ ታማርሱዋን ሚናናው ቤሴስ።
43016023	Faith	«ሄ ጋላስ ሂንቴ ታና ኣይቢባካ ዎሴኬታ። ታኒ ሂንቴው ቱማ ኦዳይስ፤ ሂንቴ ታ ሱንን ዎሲያባ ኡባ ኣዋይ ሂንቴው ኢማና።
66021019	Description	ካታማ ዲርሳ ባሶይ ኡባ ቆሞ ቦንቼቲዳ ሹቻን ኣሌቄቲስ። ኮይሮ ሂፄቲዳ ሹቻይ ያስጲዴ፥ ናምዓንይ ሳምፔሬ፥ ሄንይ ኬልቄዶኔ፥ ኦይዳንይ ባሉሬ፥
59004017	Sin	ሄሳ ጊሾ፥ ሎዖባ ኦናው ኤሪሼ ኦና ኡራስ ሄሲ ናጋራ።
66019005	Faith	ያቲን፥ «ፆሳ ኣይሌቲ፥ ፆሴ ያያ ጉኔ ጊቲ ኡባይ፥ ኑ ፆሳ ጋላቲቴ» ያጊያ ቃላይ ኣራታፔ ኬዪስ።
47005002	Faith	ሳሎ ኣሳቴ ማዓናው ኣሞቲሼ ሃዒ ሃ ሳዓን ዴዒሼ ኦሎስ።
48006004	Recommendation	ሺን ኢሲ ኢሲ ኣሲ ባ ኦሱዋ ፓጮ። ሄሳፌ ጉዬ፥ ሃራታራ ባና ጋዴዬይሳ ኣጊዲ ባው ጬቄቲያባ ዴሜስ።
46007036	Recommendation	ኦኒካ ባ ኦይቺዳ ጌላዔስ ጌሎ ዎዴይ ኣስ ጊዲ ኢዮ ኣጋናው ቆፒኮ፥ ሄሲ ቃሲ ኢው ሎዖ ጊዶናይሲ ኢያው ሲዔቲኮ፥ ባ ኮዪዳይሳ ኦ፤ ኤንቲ ኤኬቶ፥ ጌሌቶ፤ ሄሳን ናጋሪ ባዋ።
43016002	Violence	ኤንቲ ሂንቴና ኣይሁዴ ዎሳ ኬታፔ ኬሲ ዬዳና። ሄሳዳካ፥ ሂንቴና ዎያ ኦኒካ ፆሲ ኮያባ ኦያ ዳኒያ ዎዴይ ያና።
66015001	Description	ታኒ ሳሎን ሃራ ጊታኔ ማላሊሲያ ማላታ ቤዓስ። ፆሳ ዉርሴ ሃንቁዋ ቆንጪሲያ ላፑን ቦሻታ ኦይኪዳ ላፑን ኪታንቾቲ ዴዖሶና።
43018023	Description	ዬሱሲ ዛሪዲ፥ «ታኒ ኢታባ ኦዲዳባ ጊዲኮ ሃይሳን ዴዒያ ኣሳ ኡባ ሲንን ኦዳ። ሺን ታኒ ቱማ ኦዲዳባ ጊዲኮ ታና ኣይስ ባቃይ?» ያጊስ።
50004003	Recommendation	ታራ ኦያ ኣማንይሶ፥ ኔኒ ሃ ማጫሳታ ማዳና ሜላ ታ ኔና ዎሳይስ። ሃ ማጫሳቲ ታራ፥ ቄሌሚንፆሳራኔ ኤንታ ሱንይ ፆሳ ዴዖ ማፃፋን ፃፌቲዳ ሃራታራ ኢሲፌ ዎንጌላ ኡባ ቤሳ ጋናው ዳቡሪዶሶና።
66016006	Sin	ኤንቲ ጌሻታ ሱኔ ናቤታ ሱ ጉሲዳ ጊሾ ኤንቲ ሱ ኡያና ሜላ ኦዳሳ። ኤንቲ ባንታው ቤሲያባ ኤኪዶሶና» ያጊስ።
45006002	Sin	ኣካይ፥ ኑኒ ናጋራስ ሃይቂዳባ ጊዲኮ፥ ያቲን፥ ኑኒ ሂዛፔ ዋኒዲ ናጋራን ዳኔ?
66017011	Violence	ሲን ዴዒዳ ዶዓይ፥ ሃዒ ባይናይሲ፥ ኢ ባ ሁዔን ሆስፑን ዶዓ። ኢ ላፑን ዶዓታፔ ኢሱዋ፤ ኢ ያናው ቤስ።
48004030	Recommendation	ሺን ጌሻ ማፃፋይ ዎይጊ? «ኣይሌ ናዓይ ጎዳቴ ናዓራ ኢሲፌ ላቶና ጊሾ ኣይሊው ኢ ናዓራ ዎላ ኬሳ ዬዳ» ያጌስ።
54006009	Sin	ሺን ዱሬቴ ኮዬይሳቲ ፓጬኒኔ ፂሄን ጌሎሶና። ቃሲ ኤንታና ዱጌ ዳፊያኔ ይሲያ ኤያቴኔ ቆሂያ ኣሞን ኩንዶሶና።
66017016	Violence	ቃሲ ኔኒ ቤዒዳ ታሙ ካጬይኔ ዶዓይ ላይማቲያሮ ኢፃና። ኤንቲ ኢው ዴዒያ ኡባባ ኤካና። ቃሲ ኢዮ ካሎ ኣሻናኔ ኢ ኣሹዋ ሚዲጋና፤ ያቲዲ ኤንቲ ኢዮ ታማን ፁጋና።
46008003	Faith	ሺን ኦኒካ ፆሳ ሲቂኮ ኢ ፆሳ ማታን ኤሬቲዳይሳ።
45003009	Sin	ያቲን፥ ኑኒ ዎይጋኔ? ኑ ኣይሁዴቲ፥ ኣይሁዴ ጊዶናይሳታፔ ኣናዬ? ጊዴና! ኣይሁዴ ጊዲን፥ ኣይሁዴ ጊዶና ኢፂን ኡባይ ናጋራንቾ ጊዴይሳ ታኒ ካሴታዳ ሂንቴው ኦዳስ።
44007041	Sin	ሄ ዎዴ ማሪ ዳኒሲዲ ኤቃ ኦዶሶና። ሄ ኤቃስ ያርሾ ያርሺዲ ባንታ ኩሼን ኦዳ ኦሱዋን ኡፋይቲዶሶና።
66009020	Sin	ሃ ጋዶታፔ ኣቲዳይሳቲ ባንታ ኩሼ ኦሱዋፔ ሲሚቦኮና። ኤንቲ ቱና ኣያናን ዎርቃፌ፥ ቢራፔ፥ ናሴ ቢራታፔኔ ሹቻፌ ኦሴቲዳ ኤቃስ ጎይኖሶና። ፄላናው፥ ሲዓናው፥ ሃሙታናው ዳንዳዖና ኤቃታስ ጎይኔይሳ ኣጊቦኮና።
47005011	Faith	ሂዛ፥ ኑኒ ጎዳ ቦንቼይሲ ኣይ ጉሴኮ ኤሪያ ጊሾ ኣሳይ ኑ ኦዴይሳ ኤካና ሜላ ዞሮስ። ፆሳይ፥ ኑኒ ኦኔኮ ኑና ኤሬስ፤ ቃሲ ሂንቴካ ሂንቴ ካሃን ኑ ኦኔኮ ኤሬታ ያጋዳ ቆፓይስ።
49002003	Sin	ኑ ኡባይካ ካሴ ሄ ኣሳታ ጊዶን ኑ ኣሾ ኣሙዋኔ ኑ ዎዛና ሼኒያ ካሊዲ ዴዒዳ። ኑካ ሃራታ ሜላ ኑ ሜቴን ፆሳ ሃንቁዋ ኤካናው ዴዔይሳታ።
44002040	Recommendation	ጴፂሮሲ ኤንታው ሃራ ቃላካ ጉጂ ማርካቲዲ፥ «ሃ ዎዲያ ጌላ ኣሳ ቦላ ያናው ዴዒያ ፒርዳፌ ሂንቴ ሁዒያ ኣሺቴ» ያጊዲ ዞሪስ።
45008013	Faith	ሂንቴ፥ ሂንቴ ኣሾ ኣሙዋስ ዴዒኮ ሃይቃና፥ ሺን ጌሻ ኣያና ዎልቃን ናጋራ ኦሱዋ ዎኮ ሂንቴ ዴዖን ዳና።
45010011	Faith	ጌሻ ማፃፋይ፥ «ኢያን ኣማኒያ ኦኒካ ዬላቴና» ያጌስ።
45001008	Faith	ኡባፌ ኮይሮታዳ፥ ሂንቴ ኣማኖይ ቢታ ኡባን ሲዔቲዳ ጊሾ ዬሱስ ኪሪስቶሳ ባጋራ ሂንቴ ጊሾ ታ ፆሳ ጋላታይስ።
52001004	Faith	ኑ ኢሻቶ፥ ፆሳይ ሂንቴና ዶሴይሳኔ ባ ኣሴ ኦዲ ሂንቴና ዶሪዳይሳ ኤሮስ።
60004008	Recommendation	ሲቆይ ዳሮ ናጋራ ካሚያ ጊሾ ኡባፌ ኣዲ ኢሶይ ኢሱዋራ ዎዛናፔ ሲቄቲቴ።
44027001	Description	ኑኒ ማርካቤራ ፃሌ ባናው ቃቺዳ ዎዴ ኣዉጊስፆሳ ዎታዳሬታ ጌቴቴይሳታፔ ኢሲ ዩሊዮሳ ጊያ ማቶ ሃላቃስ ጳዉሎሳኔ ሃራ ጉ ቃሾ ኣሳታ ኢሚዶሶና።
66015003	Faith	ኤንቲ ፆሳ ኣይሊያ ሙሴ ማዝሙሪያኔ ዶርሳ ማዝሙሪያ ሃይሳዳ ያጊድ ዬፆሶና። «ጎዳው፥ ኡባፌ ዎልቃማ ፆሳው፥ ኔ ኦሶይ ጊታኔ ማላሊሲያባ። ዴሬ ኡባ ካዋው፥ ኔ ኦጌይ ፂሎኔ ቱማ።
60002002	Faith	-
66014013	Faith	ሄሳፌ ጉዬ፥ «ሂዛፔ ጎዳን ሃይቄይሳቲ ኣንጄቲዳይሳታ» ያጊያ ቃላ ሳሎፔ ሲዓስ። ኣያናይ፥ «ኤ ቱማ፥ ኤንታ ኦሶይ ኤንታ ካሊያ ጊሾ ኤንቲ ባንታ ዳቡራፔ ሼምፓና» ያጌስ።
59001027	Faith	ፆሳ ኣዋ ሲንን ቦሬይ ባይና ጌሻ ኣማኖይ ሃይሳ፡ ኣያ ኣዉ ባይና ናይታኔ ኣምዔታ ማዶኔ ኣላሚያ ቱናፔ ባና ናጎ።
51002004	Recommendation	ታ ሄሳ ኦኒካ ሂንቴና ጪሞ ቃላን ባሌና ሜላ ኮያዳ ጋይስ።
66005013	Description	ሄሳፌ ጉዬ፥ ሳዓን፥ ሳሎን፥ ሳዓፔ ጋርሳኒኔ ኣባ ጊዶን ዴዒያ ሜቴ ኡባይ፥ «ኣራታ ቦላ ኡቲዳይሳሲኔ ዶርሳስ፥ ጋላታይ፥ ቦንቾይ፥ ሳባይኔ ዎልቃይ ሜሪ ሜሪናው ጊዶ» ያጊዲ ዬፂሺን ሲዓስ።
66008008	Description	ናምዓን ኪታንቾይ ባ ሞይዚያ ፑኒዳ ዎዴ ዎልቃማ ዴሬ ዳኒያባይ ታማን ኤፂሼ ኣባን ዬጌቲስ። ያቲን፥ ኣባፌ ሲኮይ ሱ ጊዲስ።
44007058	Violence	ኢያ ካታማፔ ጋፃ ኬሲዲ፥ ሹቻን ጫዲዶሶና። ማርካቲ ባንታ ማዑዋ ኢሲ ሳዖላ ጊያ ናዓቴ ማታን ዎዶሶና።
45015011	Faith	ቃሲ ዛሪዲ፥ «ኣይሁዴ ጊዶና ኣሳው፥ ጎዳ ጋላቲቴ፤ ካዎቴ ኡባይ ኢያ ሳቢቴ» ያጌቲስ።
45011036	Faith	ኡባ ኢ ሜስ፤ ኡባይ ኢያን ዴዔስ፤ ኡባይ ኢያ ቦንቾሳ። ፆሳስ ሜሪናው ቦንቾይ ጊዶ። ኣሚንዒ።
43001029	Faith	ዮሃኒሲ ዎንቴ ጋላስ ዬሱሲ ባኮ ዪሺን ቤዒዲ፥ «ኣላሚያ ናጋራ ቁቺያ ፆሳ ዶርሳይ ሃይሳ!
58011031	Description	ላይሚያ ራዓባ ቢታ ዎቼይሳታ ሞኪዳ ጊሾ ኪቴቶና ኣሳራ ሃይቆና ኣቲዳይ ኣማኖና።
43010010	Grace	ካይሶይ ካይሶታናው፥ ሹካናዉኔ ይሳናው ዬሲፔ ኣቲን ሃራባስ ዬና። ታኒ ኤንታው ዴዖይ ዳና ሜላኔ ኩሚዲ ፓላሃና ሜላ ያስ።
50003020	Faith	ኑ ቢታይ ሳሉዋና። ሳሎፔ ዪዲ ኑና ኣሻናው ዴዒያ ጎዳ ዬሱስ ኪሪስቶሳ ናጎስ።
45015007	Recommendation	ኪሪስቶሲ ሂንቴና ኤኪዳይሳዳ ፆሳ ቦንቾስ ኢሶይ ኢሱዋ ኤኪቴ።
44021024	Recommendation	ኤንታ ኤካዳ ኤንታራ ጌያ፤ ቃሲ ኤንቲ ባንታ ሁዒያ ሜዴታና ሜላ ኤንታው ሚሼ ኢማ። ኤንቲ ካሴ ኔባ ሲዒዳይሲ ቱማ ጊዶናይሳኔ ኔኒ ኔ ሁዔንካ ሂጌ ናጊያ ኣሲ ጊዴይሳ ኡባይ ኤራና።
45004012	Faith	ኢ ቃፃሬቲዳይሳታስካ ኣዋ። ኣብራሃሜይ ኤንታው ኣዋ ጊዲዳይ ኤንቲ ቃፃሬቲዳ ጊሾ ፃላላስ ጊዶናሺን ኢ ቃፃሬታናፔ ሲን ኣማኒዳ ኣማኑዋ ኤንቲ ካሊዳ ጊሾሳ።
44001026	Description	ኤንታ ቦላ ሳማ ዬጊዶሶና። ሳማይ ማቲያሳ ቦላ ዎን ማቲያሲ ታማኔ ኢሲ ሃዋሬታ ቦላ ጉዤቲስ።
45004007	Grace	«ኤንታ ባላይ ኣቶ ጌቴቲዳይሳቲኔ ኤንታ ናጋራይ ካሜቲዳይሳቲ ኣንጄቲዳይሳታ።
66011004	Description	ሄ ናምዑ ማርካቲ ኣላሚያ ጎዳ ሲንን ኤቂያ ናምዑ ሻማሆ ሚታኔ ናምዑ ፆምፔ ዎያ ኮጫታ።
59004009	Recommendation	ካዮቲቴ፥ ዬኪቴኔ ኣፉፂቴ። ሂንቴ ሚቻይ ዬሆን፥ ሂንቴ ኡፋይሳይ ኣዛኖን ላሜቶ።
64001011	Recommendation	ታ ሲቁዋው፥ ሎዖባ ዳናፔ ኣቲን ኢታባ ዳኖፓ። ሎዖባ ኦያ ኦኒካ ፆሳ ኣሲ፥ ሺን ኢታባ ኦያ ኦኒካ ፆሳ ቤዒቤና።
45004011	Faith	ኣብራሃሜይ ቃፃሬታናፔ ሲን ኢያ ኣማኖይ ኢያው ፂሎቴ ጊዲዲ ታይቤቲዳይሳ ኤሪሳናው፥ ኢያ ቃፃሮይ ማላታ ጊዲስ። ሄሳ ጊሾ፥ ኣብራሃሜይ ቃፃሬቶና ኣማኔይሳታሲኔ ኣማኖን ፂሌይሳታ ኡባስ ኣዋ ጊዲስ።
45006007	Grace	ኢሲ ኣሲ ኪሪስቶሳን ሃይቂዳባ ጊዲኮ፥ ኢ ናጋራ ዎልቃፌ ላዓ ኬዪስ።
47004010	Faith	ዬሱሳ ዴዖይ ኑ ኣሳቴን ቆንጫና ሜላ ኢያ ሃይቁዋ ኡባ ዎዴ ኑ ኣሳቴን ቶኪዲ ዩዮስ።
50002021	Sin	ሃራቲ ባንታና ጎዒያባ ኮዮሶናፔ ኣቲን ዬሱስ ኪሪስቶሲ ኮያባ ኦኮና።
58011011	Faith	ሳራ ባ ሁዔን ጪሚዳባ ጊዲኮካ ኡፋይሲ ኢሚዳ ፆሳይ ኣማኔቲዳይሳ ጊዴይሳ ኤሪዳ ጊሾ ቃንታናው ዎልቃ ዴሚዳይ ኣማኖና።
43006039	Grace	ታና ኪቲዳይሲ ኮዬይ ሃይሳ፡ ታኒ ኢ ታው ኢሚዳ ኡባታካ ዉርሴ ጋላስ ሃይቆፔ ዴንና ሜላፔ ኣቲን ኢሱዋካ ይሳና ሜላ ኮዬና።
46008006	Faith	ኡባባ ሜዳ፥ ኑ ኢያባ ጊዲዳ፥ ኢሲ ፆሳይ፥ ኣዋይ፥ ኑስ ዴዔስ። ኡባይ ኢያ ባጋራ ሜቲዳ፥ ኑካ ኢያ ባጋራ ዴዖ ዴሚዳ ኢሲ ጎዳይ፥ ዬሱስ ኪሪስቶሲ ኑስ ዴዔስ።
52003006	Description	ሃዒ ፂሞቲዮሲ ሂንቴ ማታፔ ዪዲ፥ ሂንቴ ኣማኑዋባኔ ሂንቴ ሲቁዋባ ሎዖ ዎሬ ኦዲስ። ቃሲ ሂንቴ ኡባ ዎዴ ኑስ ሎዖ ቆፔይሳኔ ኑኒ ሂንቴና ቤዓናው ላሞቴይሳዳ ሂንቴካ ኑና ቤዓናው ላሞቴይሳ ኢ ኑስ ኦዲስ።
60005004	Grace	ሄሜይሳታ ሃላቃይ ቆንጪያ ዎዴ ቆሌቶና ቦንቾ ካላቻ ሂንቴ ኤካና።
47003012	Faith	ኑስ ሃይሳ ሜላ ኡፋይሳይ ዴዒያ ጊሾ ዬላቶና ኦዴቶስ።
61002012	Sin	ሺን ሄ ኣሳቲ ባንታ ኤሮናባን ጌሊዲ ጫዮሶና። ኤንቲ ኦይኬታናውኔ ሃይቃናው ዬሌቲዳ፥ ዎዛኒ ባይና ዶዓ ሜላ ሃኖሶና፤ ኤንቲካ ዎራ ዶዓዳ ጮ ያና።
43012006	Sin	ኢ ካይሶ ጊዲዳ ጊሾ ሄሳ ጊሲፔ ኣቲን ማንቆታስ ቃቲዲ ጊቤና። ኢ ሚሼ ካርፂታ ኦይኬይሳ ጊዲያ ጊሾ ኡባ ዎዴ ኢያፔ ባው ኤኬስ።
62004016	Faith	ፆሳይ ኑና ሲቄይሳ ኑኒ ኤሮሲኔ ኣማኖስ። ፆሳይ ሲቆ። ሲቆን ዴዒያ ኦኒካ ፆሳን ዴዔስ፤ ፆሳይካ ኢያን ዴዔስ።
44011019	Description	ኢስፂፋኖሴ ሃይቆስ ጋዳ ጎዳ ጋሶን ላሌቲዳ ኣማኔይሳቲ ቃላ ኣይሁዴታ ፃላላስ ኦዲሼ ሲሮፊንቄ፥ ቆጲሮሳኔ ኣንፆኪያ ጋካናው ዩዪዶሶና።
54006006	Faith	ሺን ታው ዴዒያባይ ጊዳና ጊያ ኣሳስ ቱማ ኣያና ዴዖይ ጊታ ዎ።
66013007	Violence	ሄ ዶዓይ ጌሻታራ ኦሌቲዲ፥ ኤንታና ፆናና ሜላ ዎልቂ ኢያው ኢሜቲስ። ያራ ኡባ፥ ዴሬ ኡባ፥ ዱማ ዱማ ዶና ኡባ ቦላኔ ዜሬ ኡባ ቦላ ማቲ ኢያው ኢሜቲስ።
60002020	Faith	ሺን ሂንቴ ናጋራ ኦን ሂንቴና ዴቺያ ዎዴ ሂንቴ ዳንዳዒኮ ሂንቴው ኣይ ጋላቲ ዴዒ? ሺን ሎዖባ ኦዲ ዋዬ ዳንዳዒኮ ፆሳይ ሂንቴና ሄሳስ ኣንጃና።
58009015	Grace	ሄሳ ጊሾ፥ ፄጌቲዳይሳቲ ፆሳይ ኢሚዳ ሜሪና ላታ ኤካና ሜላ ኪሪስቶሲ ኦራ ጫቁዋስ ጊዶ ጊዲዲ ሲጌይሳ ጊዲስ። ሄሲ ሃኒዳይ ኣሳይ ኮይሮ ጫቁዋፔ ጋርሳን ዴዒያ ዎዴ ኦዳ ናጋራፔ ኤንታና ዎዛናው ኢ ሃይቂዳይሳና።
45006001	Sin	ያቲን፥ ኑኒ ዎይጋኔ? ፆሳ ኣ ኬሃቴይ ዳራና ሜላ ናጋራን ሚኒዲ ዴዒኖ?
49005004	Recommendation	ፆሳ ጋላቲቴፔ ኣቲን ዬላያባይኔ ኤያ ኦዲ ዎይኮ ቂይ ሂንቴው ቤሶና ጊሾ ሂንቴ ጊዶን ኡባካ ዴዖፖ።
66006008	Violence	ሄኮ ዋንጮ ፓራ ቤዓስ። ሄ ፓራ ቶጊዳይሳ ሱንይ ሃይቆ፤ ኢያ ጌዶ ሲዖሌይ ካሌስ። ኤንታው ኣላሜፔ ኦይዳን ኩሺያ ኦላን፥ ኮሻን፥ ጋዶኒኔ ዶዓን ዎሳና ሜላ ማቲ ኢሜቲስ።
45004016	Faith	ሄሳ ጊሾ፥ ፆሳይ ኢሚዳ ኡፋይሳይ ኣማኖን ኤኬቴስ። ሃ ኡፋይሳይ ኣብራሃሜ ሼሻ ኡባስ ፆሳ ኣ ኬሃቴ ባጋራ ኢሜቲዳይሳ ቆንጪሴስ። ሄሲካ ሂጌ ናጌይሳታ ፃላላስ ጊዶናሺን ኣብራሃሜዳ ኣማኒዳ ኡባሳ። ኣብራሃሜይ ኑ ኡባስ ኣዋ።
44028018	Description	ኤንቲ ታ ሞቱዋ ቤዒዲ ሃይቆስ ጋያባ ታ ቦላ ኣይቢባካ ዴሚቦና ጊሾ ታና ቢላናው ቆፒዶሶና።
45009016	Grace	ሂዛ፥ ፆሳ ዶሮይ ኣሳ ሼኔን ዎይኮ ኦሶን ጊዶናሺን ኢያ ማሮቴና።
46010008	Sin	ኤንታፌ ኢሶቲ ኢሶቲ ላይማቲዳይሳዳ ኑ ላይማታናው ቤሴና። ሄሳ ጋሶን ኤንታፌ ኢሲ ጋላስ ላታማኔ ሄ ሙኩሉ ኣሲ ሃይቂስ።
45007023	Sin	ሺን ታ ኣሳቴ ጊዶን ዴዒያ ታ ቆፋ ሂጊያራ ኦሌቲያ ዱማ ሂጌ ቤዓይስ። ሄ ሂጌይ ታ ኣሳቴ ጊዶን ኦያ ናጋራ ሂጊያስ ታና ኣይሌ ኦዲ ኢሚስ።
58006001	Faith	ሂዛ፥ ኪሪስቶሳባ ታማርሲያ ኮይሮ ቲሚርቲያ ኣጊዲ ኪሪስቶሳን ካሃማቴኮ ቦስ። ሃይቆ ኦሶፔ ሲሞባኔ ፆሳ ኣማኖባ ኮይሮ ቲሚርቲያኮ ጉዬ ሲሞኮ።
46016011	Recommendation	ኦኒካ ኢያ ካፖ። ኢ ታኮ ሳሮ ሲማና ሜላ ኢያ ማዲዲ ሞይዚቴ። ታኒ ኢ ሃንኮ ኣማኔይሳታራ ሲማናይሳ ናጋይስ።
59002014	Faith	ታ ኢሻቶ፥ ሂንቴፌ ኢሲ ኣሲ ታው ኣማኖይ ዴዔስ ጊዲ፥ ባ ኣማኑዋ ኦሶን ቤሶና ኢፂኮ ኢያ ኣይ ማዳኔ? ኢያ ኣማኖይ ኢያ ኣሻናው ዳንዳዒ?
43007025	Description	ዬሩሳላሜ ኣሳፔ ኢሶቲ ኢሶቲ፥ «ኤንቲ ዎናው ኮያ ኡራይ ሃይሳ ጊዴኔ?
43020022	Faith	ሄሳ ጊዳፔ ጉዬ፥ ኤንታ ቦላ ኡፉ ጊዲ ፑኒስ። ቃሲ፥ «ጌሻ ኣያና ኤኪቴ።
45010003	Sin	ኤንቲ ፆሳ ፂሎቴ ኦጊያ ኤሮና ኢፂዲ፥ ባንታ ሁዔ ፂሎቴ ካሊዶሶናፔ ኣቲን ፆሳ ፂሎቴ ኮዪቦኮና።
62005010	Faith	ፆሳ ናዓ ኣማኒያ ኡራ ዎዛናን ሃ ማርካቴይ ዴዔስ። ፆሳ ኣማኖና ኦኒካ ፆሳይ ባ ናዓስ ማርካቲዳ ማርካቴ ኣማኒቦና ጊሾ ፆሳ ዎርዳንቾ ኦስ።
43014012	Faith	«ታኒ ሂንቴው ቱማ ኦዳይስ፤ ታና ኣማኒያ ኡራይ ታኒ ኦያ ኦሱዋፔ ኣያ ኦሶ ኦና። ታኒ ኣዋኮ ቢያ ጊሾ ታና ኣማኒያ ኦኒካ ሃይሳፌ ኣያ ኦሶ ኦና።
56002009	Recommendation	ኣይሌቲ ኡባባን ባንታ ጎዳታስ ኪቴታና ሜላ፥ ኤንታ ኡፋይሳና ሜላኔ ኤንታራ ፓላሞና ሜላ ዞራ።
58012015	Recommendation	ሂንቴፌ ኦዴስካ ፆሳ ኣ ኬሃቴይ ፓጮናዳ፥ ቃሲ ጫሞ ኣይፌ ኣይፊዲ ዳሮ ኣሳ ቱኒሲያኔ ይሲያ ዜሬዳ ጊዶና ሜላ ናጌቲቴ።
54003007	Recommendation	ቦሬኒኔ ፃላሄ ፂሄን ጌሎና ሜላ ሄ ኡራይ ኣማኖና ኣሳ ማታን ናሼቴይሳ ጊዳናው ቤሴስ።
49004007	Grace	ሺን ኪሪስቶሲ ኢማናው ኮዪዳይሳዳ ኑ ኢሶይ ኢሶይ ዱማ ዱማ ኢሞታ ኤኪዳ።
66016003	Description	ናምዓን ኪታንቾይ ባ ፁዓን ዴዔይሳ ኣባን ጉሲን፥ ኣባይ ሃይቂዳ ኣሳ ሱ ዳኒስ። ቃሲ ኣባን ዴዒያ ሜቴ ኡባይ ሃይቂስ።
49006006	Recommendation	ኤንታ ሲንን ሳባ ዴማናው ኤንቲ ቤዒያ ዎዴ ፃላላ ኦፊቴ። ሺን ኪሪስቶሳ ኣይሌታዳ ፆሳ ሼኒያ ዎዛናፔ ፖሊቴ።
60003016	Recommendation	ቃሲ ኪሪስቶሳን ሂንቴ ዴዒያ ሎዖ ዴዑዋ ኢታባ ኦዳባዳ፥ ሂንቴና ጫያ ኣሳይ ዚጊርያባን ዬላታና ሜላ ሂንቴ ካሃይ ጌሺ ጊዶ።
43006040	Faith	ሂዛ፥ ታ ኣዋይ ኮዬይ ሄሳ፡ ናዓ ቤዒዲ ኣማኒያ ኡባይ ሜሪና ዴዑዋ ኤካና፤ ታኒ ሄ ኡባ ዉርሴ ጋላስ ሜሪና ዴዖስ ሃይቆፔ ዴንና» ያጊስ።
44012023	Violence	ሄሮዲሲ ፆሳ ቦንቺቦና ጊሾ ኢራካ ጎዳ ኪታንቾይ ኢያ ዴቺን ጉፁኔን ሜቴቲዲ ሃይቂስ።
47001003	Grace	ማሮቴ ኣዋስ፥ ኡባ ዎዴ ኑና ሚንያ ፆሳስ፥ ኑ ጎዳ ዬሱስ ኪሪስቶሳ ኣዋስ ጋላቲ ጊዶ።
54001006	Sin	ኢሲ ኢሲ ኣሳቲ ሃይሳ ኣጊዲ፥ ፓና ኦዳኮ ሲሚዶሶና።
45001016	Faith	ኢያ ኣማኒያ ኡባ፥ ኮይሮቲዲ ኣይሁዴታ፥ ካሊዲ ኣይሁዴ ጊዶናይሳታ ኣሻናው ዎንጌላይ ፆሳ ዎልቃ ጊዲያ ጊሾ ታ ዎንጌላን ዬላቲኬ።
46003011	Description	ኢሲ ቶሆ ዬጌቲዳ ባሱዋፔ ሃራ ባሶ ዬጋናው ኦኒካ ዳንዳዔና። ሄ ባሶይካ ዬሱስ ኪሪስቶሳ።
49005033	Recommendation	ጊዶሺን፥ ሂንቴ ኢሶይ ኢሶይ ሂንቴ ማቼታ ሂንቴ፥ ሂንቴና ዶሴይሳዳ ዶሲቴ። ኢሲ ኢሲ ማቻ ባ ኣዚና ቦንቻናው ቤሴስ።
51002013	Grace	ሂንቴ፥ ሂንቴ ናጋራ ጊሾኔ ሂንቴ ጬጋ ኣሳቴ ቃፃሬቶና ጊሾ ሃይቂዲ ዴዒሺን፥ ፆሳይ ሂንቴ ናጋራ ኣቶ ጊስ። ኪሪስቶሳራ ሂንቴው ዴዖ ኢሚስ።
54004014	Recommendation	ቲንቢቴይ ኦዴቲን፥ ጪማቲ ባንታ ኩሺያ ኔ ቦላ ዎዳ ዎዴ ኔኒ ኤኪዳ፥ ኔናን ዴዒያ ጌሻ ኣያና ኢሞታ ካፓ።
66021001	Description	ታኒ ኦራ ሳሎኔ ኦራ ሳዓ ቤዓስ። ኮይሮ ሳሎይኔ ኮይሮ ሳዓይ ይስ፤ ኣባይካ ይስ።
52005016	Recommendation	ኡባ ዎዴ ኡፋይቲቴ።
66009006	Description	ሄ ጋላሳታን ኣሳይ ሃይቆ ኮያና፥ ሺን ዴሜና። ኤንቲ ሃይቃናው ኣሞታና፥ ሺን ሃይቆይ ኤንታፌ ሃካና።
52004014	Faith	ኑኒ፥ ዬሱሲ ሃይቂዳይሳኔ ቃሲ ሃይቆፔ ዴንዲዳይሳ ኣማኖስ። ሄሳዳካ፥ ፆሳይ ዬሱሳ ኣማኒዲ ሃይቂዳይሳታ ኢያራ ዎላ ኤሃናይሳ ኣማኖስ።
62004015	Faith	ዬሱሲ ፆሳ ናዓ ጊዴይሳ ማርካቲያ ኦዴንካ ፆሳይ ዴዔስ፤ ኢካ ፆሳን ዴዔስ።
49004022	Recommendation	ሂንቴ ካሴ ዴዒያ ዴዖ ኦጊያ ኣጊቴ። ቃሲ ባ ጪሚያ ኣሞን ያ ሂንቴ ጬጋ ኣሳቴ ዲጊቴ።
43010009	Grace	ፔንጌይ ታና፤ ታ ባጋራ ጌሊያ ኦኒካ ኣታና። ኢ ታ ባጋራ ጌላናኔ ኬያና፤ ሎዖ ሄሜቲያ ቤሲ ዴማና።
58011037	Violence	ኤንቲ ሱቻን ጫዴቲዶሶና፤ ማጋዜን ናምዓ ኬዪዲ ጳልቄቲዶሶና፤ ፓጬቲዶሶና፤ ማሻን ሃይቂዶሶና፤ ኤንታው ኡባባይ ዪን ሜቶቲዶሶና። ዶርሳ ኢቴኔ ዴሻ ኢቴ ማዒዲ ዩዪዶሶና።
62002029	Faith	ኪሪስቶሲ ፂሎ ጊዴይሳ ሂንቴ ኤሪኮ ፂሎ ኦያ ኡባይ ፆሳ ናዓ ጊዴይሳ ኤሪቴ።
44013047	Grace	ጋሶይካ ጎዳይ፥ ‹ኣላሜ ኩሜይ ኔ ባጋራ ኣታና ሜላ፥ ታኒ ኔና ኣይሁዴ ጊዶና ዴሪያስ ፖዖ ኦስ› ያጊዲ ኑና ኪቲስ» ያጊዶሶና።
47004002	Faith	ኑኒ ዬላያ ጌማ ኦሶ ኡባ ኣጊዳ፤ ጌኔ ኦሶ ኦኮ፤ ፆሳ ቃላ ዎርዶራ ዋላኮኮ። ቱማ ቆንጬን ሃሳዪሼ፥ ኣሳ ኡባ ካሃይ ኑና ኤካና ሜላ ፆሳ ሲንን ኑና ሺሾስ።
44002033	Description	ሄሳ ጊሾ፥ ፆሳይ ባራ ሃራና ሜላ ባፔ ኡሻቻ ባጋራ ኢያ ቁ ቁ ኦዲ፥ ኢያው ኢማና ጌቴቲዳ ጌሻ ኣያና ኤኪዲ፥ ሃይሳ ሂንቴ ሃዒ ቤዔይሳኔ ሲዔይሳ ኑ ቦላ ጉሲስ።
51003010	Recommendation	ፆሳ ሜ ዳኒያ፥ ኤራቴን ላሜቲዳ ኦራ ኣሳቴ ማዒቴ።
43011004	Faith	ዬሱሲ ሄሳ ሲዒዳ ዎዴ «ሃ ሃርጌይ፥ ፆሳይኔ ኢያ ናዓይ ቦንቼታና ሜላፔ ኣቲን ሃይቆስ ጋያ ሃርጌ ጊዴና» ያጊስ።
45001017	Faith	ፂሎይ ኣማኖን ዴዖን ዳና ጌቴቲዲ ጌሻ ማፃፋን ፃፌቲስ። ዎንጌላን ፆሳ ፂሎቴይ ቆንጪስ፤ ኮይሮፔ ዉርሴ ጋካናው ኣሳይ ፂሌይ ኣማኖና።
43019017	Description	ዬሱሲ ባ ማስቃሊያ ቶኪዲ፥ «ሁዔ ጉጌ» ጊያ ቤሳ ቢስ። «ሁዔ ጉጌ» ጉሳይ ኢብራይስፄ ቃላን «ጎልጎታ» ጉሱ።
45012006	Faith	ኑስ ኢሜቲዳ ኣ ኬሃቴን ዱማ ዱማ ኢሞታቲ ዴዖሶና። ኑ ኢሞይ ቲንቢት ኦዶ ጊዲኮ፥ ኑስ ዴዒያ ኣማኑዋ ሜላ ኦዳናው ቤሴስ።
66004007	Description	ኮይሮ ሜቴ ሜይ ጋሞ ዳኔስ፤ ናምዓንይ ቦሪ ዳኔስ፤ ሄንይ ኣሴ ዳኔስ፤ ቃሲ ኦይዳንይ ፒራያ ኣርጋን ዳኔስ።
49005015	Recommendation	ሂዛ፥ ሂንቴ ዋኒዲ ዴዒያኮ ኣኬኪ ቤዒቴ። ጪንጫታ ጊዲቴፔ ኣቲን ኤያታ ጊዶፒቴ።
45010012	Grace	ኢሲ ፆሳይ ኡባ ጎዳ ጊዲያ ጊሾ ኣይሁዴታ ጊዶኒኔ ኣይሁዴ ጊዶና ኣሳ ጊዶን ዱማቴ ባዋ። ኢ ባና ፄጊያ ኡባስ ዳሮ ኬሃ።
45010004	Faith	ኣሲ ኡባይ ኣማኖን ፂላና ሜላ ኪሪስቶሲ ሂጊያ ፖሊስ።
50004006	Recommendation	ፆሳ ሂንቴ ዎሲያ ዎዴ ኡባን ኢያ ጋላቲሼ፥ ሂንቴና ኮሺያባ ኡባስ ዎሲቴፔ ኣቲን ኣይቢባስካ ሂርጎፊቴ።
46010006	Faith	ኤንቲ ኢታባ ኣሞቲዳይሳዳ፥ ኑካ ኢታባ ኣሞቶና ሜላ ሄሲ ኡባይ ኑስ ሌሚሶ ጊዲስ።
66009002	Description	ፆሊንቶይ ኦላ ዶዪዳ ዎዴ ዳልጋ ጮጬፔ ኬያ ጩያ ሜላ ጩያይ ሄ ኦላፌ ኬዪስ። ሄ ኦላፌ ኬዪዳ ጩያን ኣዋይኔ ሳሎይ ሚዶሶና።
52004006	Recommendation	ኑ ካሴ ሂንቴው ኦዲዳይሳዳኔ ሚን ዞሪዳይሳዳ ጎዳይ ሄሳ ሜላባ ኦያ ኡባ ፒርዲያ ጊሾ ኦኒካ ሃይሳታን ባ ኣማኒያ ኢሻ ናቃናዉኔ ጪማናው ቤሴና።
47005017	Faith	ሄሳ ጊሾ፥ ኦኒካ ኪሪስቶሳን ዴዒኮ ኦራ ሜቴ፤ ጋልዓ ሜቴይ ኣስ፤ ኡባይካ ኦራ ጊዲስ።
43005020	Faith	ኣዋይ ባ ናዓ ዶሲያ ጊሾ ኢ ኦያ ኦሶ ኡባ ባ ናዓ ቤሴስ። ሂንቴ ማላሌታና ሜላ ኢ ሃይሳፌ ኣያ ኦሶ ባ ናዓ ቤሳና።
49004028	Recommendation	ካይሲያ ኡራይ ሂዛፔ ጉዬ ካይሶቶፖ። ሺን ማንቆታ ማዲያባይ ኢያው ዳና ሜላ ባ ኩሼን ሎዖባ ኦ።
57001022	Recommendation	ፆሳይ ሂንቴ ዎሳ ሲዒዲ ታና ሂንቴኮ ጉዬ ዛራና ጋዳ ቆፒያ ጊሾ ታው ኢማ ሼምፒያ ኬ ጊጊሳ።
58013009	Recommendation	ዱማ ዱማ ኦራ ቲሚርቴን ሃራሶ ቢዲ ዮፒቴ፤ ቦፒቴ። ኑ ዎዛናይ ፆሳ ኣ ኬሃቴን ሚናናው ቤሴስፔ ኣቲን ሚን ጎዖና ካን ዎጋ ፖሎን ጊዶፖ።
52005012	Recommendation	ኑ ኢሻቶ፥ ሂንቴ ጊዶን ኦይሳታ፥ ሂንቴና ካሌና ሜላኔ ዞራና ሜላ ጎዳይ ዶሪዳይሳታ ቦንቻና ሜላ ሂንቴና ዎሶስ።
43009022	Description	ኢያ ዬሊዳይሳቲ ሄሳ ጊዳይ ኣይሁዴታስ ያዪዳ ጊሾሳ። ኣይስ ጊኮ፥ ኣይሁዴቲ፥ ዬሱሲ ኢ ኪሪስቶሳ ያጊዲ ማርካቲያ ኣሲ ዴዒኮ ሄ ኡራ ኣይሁዴ ዎሳ ኬፌ ሂላናው ኮይሮቲዲ ዞሬ ቃቺዶሶና።
50003003	Faith	ኑኒ ፆሳ ጌሻ ኣያናን ጎይኒያ ጊሾኔ ኑ ዴዑዋን ኪሪስቶስ ዬሱሳን ጬቄቲያ ጊሾ ቱማ ቃፃሮ ቃፃሬቲዳይሳታ። ኑኒ ካሬ ኣሳቴ ቦላ ኦሴቲያባን ጬቄቶኮ።
62003023	Faith	ኪሪስቶሲ ኑና ኪቲዳይሳዳ ፆሳ ናዓ ዬሱስ ኪሪስቶሳ ሱንን ኣማናናዳኔ ኢሶይ ኢሱዋ ሲቃናዳ ፆሳይ ኑና ኪቲስ።
66013011	Description	ቃሲካ፥ ሃራ ዶዒ ሳዓፔ ኬዪሺን ቤዓስ። ኢያው ዶርሳ ካጬ ዳኒያ ናምዑ ካጬይ ዴዔስ፤ ኢያ ሃሳያይ ዳዌይሳ ሜላ።
46014020	Recommendation	ታ ኢሻቶ፥ ሂንቴ ቆፋን ናይታዳ ሃኖፒቴ። ሂንቴ ኢታባስ ናይታዳ ሃኒቴፔ ኣቲን ሂንቴ ቆፋን ካሃማታ ጊዲቴ።
59005013	Recommendation	ሂንቴ ጊዶን ሜቶ ኤኪያ ኦኒካ ዴዒኮ ፆሳ ዎሶ። ኡፋይቲያ ኦኒካ ዴዒኮ ጋላታን ዬፆ።
58012012	Recommendation	ሂዛ፥ ሂንቴ ኣርጋጪዳ ቄሲያኔ ሂንቴ ዳቡሪዳ ጉልባታ ሚንቴ።
60001017	Recommendation	ኣሳ ሶምዖ ቤዖና ኢያ ኦሱዋዳ ፒርዲያ ፆሳ፥ «ኑ ኣዋው» ጊዲ ፄጊያባ ጊዲኮ፥ ሃ ሳዓ ኢማቴ ዱሳ ያሻን ዴዒቴ።
58010036	Recommendation	ፆሳ ሼኒያ ፖሊዲ፥ ኢ ሂንቴው ኢማና ጊዳ ኡፋይሳ ኤካና ጋካናው ጌንጫናው ኮሼስ።
58011001	Faith	ኣማኖይ ጉሳይ፥ ዴማና ጊዲ ኡፋይሳን ኣማኔቲዲ ናጊያባኔ ኑ ቤዖናባ ቤዒያዳ ኦዲ ኤኪያባ።
49004017	Recommendation	ሄሳ ጊሾ፥ ታኒ ሃይሳ ሂንቴው ጎዳ ሱንን ኦዳይሲኔ ማርካታይስ። ጎዒ ባይና ቆፋ ቆፒያ ኣይሁዴ ጊዶና ኣሳታዳ ዴዖፒቴ።
51002016	Recommendation	ሄሳ ጊሾ፥ ሚያባን ዎይኮ ኡያባን፥ ባሌ ጋላስ ዎይኮ ኣጌኒ ፄሪያ ቃማ ቦንቾን ኦኒካ ሂንቴ ቦላ ፒርዶፎ።
66007015	Faith	ሄሳ ጊሾ፥ ኤንቲ ፆሳ ኣራታ ሲንን ጊዲዲ ቃማኔ ጋላስ ኢያ ኬን ኦሶና። ቃሲ ኣራታ ቦላ ኡቲዳይሲ ኤንታው ኩያ ጊዳና።
44020010	Description	ሺን ጳዉሎሲ ዎዲ፥ ኢያ ቦላ ጉፋኒስ። ኢያ ኢዲሚዲ፥ «ኢ ሃይቂቤና፥ ሂርጎፊቴ» ያጊስ።
55002010	Faith	ሄሳ ጊሾ፥ ፆሳይ ዶሪዳ ኣሳቲ ኪሪስቶስ ዬሱሳን ዴዒያ ኣቶቴ ሜሪና ቦንቹዋራ ኤካና ሜላ ኤንታ ጊሾ ኡባባን ዋዬታይስ።
60005014	Recommendation	ሲቆ ዬሬቴ ዬሬቲሼ፥ ኢሶይ ኢሱዋ ሳሮቴ። ኪሪስቶሳን ዴዒያ ሂንቴ ኡባስ ሳሮይ ጊዶ። ኣሚንዒ።
49005021	Recommendation	ኪሪስቶሳ ቦንቹዋስ ጊዲ ኢሶይ ኢሱዋስ ሃሬቲቴ።
61003017	Recommendation	ሄሳ ጊሾ፥ ታ ሲቆ ኢሻቶ፥ ሂንቴ ሄሳ ኤሪያ ጊሾ ማካላታ ባላን ጪሜቲዲ፥ ዮና ሜላኔ ሚኒዲ ዴዒያ ቤሳፌ ኩንዶና ሜላ ናጌቲቴ።
51003018	Recommendation	ማቼቶ፥ ኣማኒያ ኣሳስ ቤሲያባ ጊዲያ ጊሾ ሂንቴ ኣዚናታስ ሃሬቲቴ።
54005020	Recommendation	ሃራቲ ያያና ሜላ ናጋራ ኦያ ኦናካ ኣሳ ኡባ ሲንን ሃንቄታ።
45014013	Recommendation	ሄሳ ጊሾ፥ ኑኒ ኢሶይ ኢሱዋ ቦላ ፒርዴይሳ ኣጎስ። ሺን ሂንቴ ኢሻ ብሲዲ ዎይኮ ቃፂዲ ናጋራን ጌልሲያባ ኦናዳ ናጌቲቴ።
45002010	Grace	ሺን ፆሳይ ሎዖ ኦሶ ኦያ ኡባስ፥ ኮይሮቲዲ ኣይሁዴታስ፥ ካሊዲ ኣይሁዴ ጊዶናይሳታስ ጋላታ፥ ቦንቾኔ ሳሮቴ ኢማና።
58011034	Violence	ታማ ዎልቃ ቶይሲዶሶና፤ ሞርካታ ማሻፌ ኣቲዶሶና፤ ባንታ ዳቡራን ሚኒዶሶና፤ ኦላን ዎልቃማ ጊዲዶሶና፤ ኣላጋ ቶራ ጎዲዶሶና።
48006017	Faith	ታኒ ዬሱሳስ ማዱንፂዳ ቤታ ታ ኣሳቴን ቶኪዳ ጊሾ ሂዛፔ ታና ኦኒካ ዋይሶፖ።
66018021	Violence	ያቲን፥ ሚኖ ኪታንቾይ ዎፃ ዳኒያ ጊታ ሹቹ ዴንዲ ኣባን ሆሊሼ፥ «ጊታ ካታሚያ ባቢሎኔይ ዎልቃን ሆሌታዳ ሃይሳዳ ኩንዳና፤ ኢያ ሃቺፌ ጉዬ ኡባካ ቤንቱኩ።
65001020	Faith	ሺን ታ ኢሻቶ፥ ጌሺ ጊዲዳ ሂንቴ ኣማኑዋን ሂንቴና ዲቻናው ሚኒቴ፤ ቃሲ ጌሻ ኣያና ዎልቃን ዎሲቴ።
45012002	Recommendation	ሎዖ፥ ኡፋይሴይሳኔ ፖሎ ጊዲዳ ፆሳ ሼኒያ ሂንቴ ሻኪ ኤራናው ሂንቴ ቆፋን ላሜቲቴፔ ኣቲን ሃ ኣላሚያ ዳኖፒቴ።
46015009	Sin	ታኒ ዬሱሳ ሃዋሬታ ኡባፌ ላፋ። ታኒ ፆሳ ዎሳ ኬ ጎዲዳ ጊሾ ዬሱሳ ሃዋሬ ጌቴታዳ ፄጌታናው ቤሶናይሳ።
62002015	Recommendation	ኣላሜ ዎይኮ ኣላሜን ዴዒያባ ዶሶፒቴ። ኣላሚያ ዶሲያ ኦኒካ ፆሳ ዶሴና።
45002001	Sin	ሄሳ ጊሾ፥ ኔኖ ሃራታ ቦላ ፒርዴይሶ፥ ኔኒ ጋሶያባይ ባዋ። ኔኒ ሃራታ ቦላ ፒርዳሼ፥ ሄ ኔኒ ፒርዲያ ኡራ ሜላ ኦኮ፥ ኔ፥ ኔ ቦላ ፒርዳሳ።
48002009	Description	ቃሲ ቱሱ ዳኒዲ ቤንቲያ ያይቆቢ፥ ጴፂሮሲኔ ዮሃኒሲ፥ ታው ኢሜቲዳ ኣ ኬሃቴ ቤዒዳ ዎዴ ኑራ ኢሲፊዳይሳ ቆንጪሳናው ታ ኩሺያኔ ባርናባሳ ኩሺያ ኦይኪዶሶና። ኑኒ ኣይሁዴ ጊዶና ኣሳኮ፥ ቃሲ ኤንቲ ኣይሁዴ ኣሳኮ ባናው ጊጊዶሶና።
43019023	Description	ዎታዳሬቲ ማስቃሊያ ቦላ ኢያ ካቂዳፔ ጉዬ ኢያ ማዑዋ ኤኪዲ፥ ኦይዱ ቤሳን ሻኪዲ፥ ኢሶ ኢሶ ኤኪዶሶና። ዬዳ ማዔቲያ ኢያ ኣዱሳ ማዑዋ ኤኪዶሶና።
45002021	Sin	ያቲን፥ ኔ ሃራታ ታማርሴይሲ ኔ ኔና ኣይስ ታማርሲኪ? ኔኒ፥ «ካይሶቶፓ» ጋሼ፥ ኔኒ ኔ ሁዔን ካይሶታዬ?
46006019	Faith	ሂንቴ ኣሳቴይ ፆሳይ ሂንቴው ኢሚዳ ሂንቴናን ዴዒያ ጌሻ ኣያና ኬ ጊዴይሳ ኤሬኬቲ? ሂንቴ ሂንቴባ ጊዴኬታ።
47005014	Grace	ኢሶይ ኡባስ ሃይቂዳይሳኔ ኡባይ ቃሲ ኢያራ ሃይቂዳይሳ ኑ ኤሪያ ጊሾ ኪሪስቶሳ ሲቆይ ኑና ሃሬስ።
58003001	Faith	ሄሳ ጊሾ፥ ፆሳይ ፄጊዳ ጌሻ ኢሻቶ፥ ኑ ኣማኖን ጎዳ ጊዲ ፄጊያ ሃዋሪያኔ ካሂኔ ሃላቃ ዬሱሳ ቤዒቴ።
44020035	Recommendation	ሂንቴ ሃይሳዳ ዳቡሪዲ ኦሼ ዳቡራንቾታ ማዳናይሳኔ ጎዳ ዬሱሲ፥ ‹ኤኬይሳፌ ኢሜይሲ ኣንጄቲዳይሳ› ጊዳ ቃላ ሂንቴ ቆፓናው ቤሴይሳ ታኒ ሂንቴና ኡባባን ቤሳስ» ያጊስ።
58013004	Recommendation	ኤኮይኔ ጌሎይ ኣሳ ኡባ ማታን ቦንቼቲዳባ ጊዶ። ቃሲ ፆሳይ ላይማቴይሳታኔ ላሜይሳታ ፒርዳናው ዴዒያ ጊሾ ኣዚናይኔ ማቺያ ኢሶይ ኢሱዋስ ኣማኔታናው ቤሴስ።
43020005	Description	ሄ ታማሬይ ሆኪዲ፥ ሞጎ ኣፊላ ቤዒስ፥ ሺን ዱፉዋን ዎቤና።
66016018	Description	ሄሳፌ ዎልዓን ዎልዓሚስ፤ ዳዳይ ቂስ፥ ቢታይ ቃፂስ። ኣሲ ሳዓን ሜቶሳፔ ቢቲ ሄሳ ሜላ ቃፆ ቃፂቤና። ሄሲ ኡባፌ ኣዳ ቃፆ።
66019010	Faith	ሄ ዎዴ ታ ኢያ ጎይናናው ኢያ ቶሁዋ ቦላ ኩንዳስ። ሺን ኢ፥ «ሄሳ ኦፋ! ታኒ ዬሱሳባ ማርካቲያ ኔ ሜላኔ ኔ ኢሻታ ሜላ። ኔ ፆሳ ጎይና» ያጊስ። ሂዛ፥ ዬሱሳባ ማርካቲዳይሳታስ ናቤቴ ኣያኒ ዴዔስ።
46002010	Grace	ፆሳይ ባ ፁራ ባ ኣያና ባጋራ ኑስ ቆንጪሲስ። ጌሻ ኣያናይ ሃሪ ኣቶሺን ጌሚዳ ፆሳ ፁራ ኡባ ፒልጌስ።
50002029	Recommendation	ጎዳስ ሃጋዚያ ኣሳዳ ኢያ ኩሜ ኡፋይሳን ሞኪቴ። ቃሲ ኢያ ሜላ ኣሳ ኡባካ ቦንቺቴ።
51003020	Recommendation	ናይቶ፥ ሂንቴና ዬሊዳይሳታስ ኡባባን ኪቴቲቴ፤ ሄሲ ጎዳ ኡፋይሲያባ።
47001012	Faith	ኑኒ ኑ ጌሻ ካሃን ጬቄቶስ። ኑኒ ሃ ኣላሚያን ዴዒዳ ዴዑዋን ኡባራካ ኑ ዴዒዳ ዴዑዋን ቱማቴኒኔ ሱሬቴን ሂንቴራ ዴዒዳ። ሄሲካ፥ ሃ ኣላሚያ ጪንጫቴን ጊዶናሺን ፆሳ ኣ ኬሃቴና።
43014021	Faith	«ታ ኪታ ኤኪዲ ናጌይ ታና ዶሴስ። ታና ዶሴይሳ ታ ኣዋይካ ዶሴስ፤ ታኒካ ኢያ ዶሳይስ፤ ታኒ ኢያው ቆንጫና» ያጊስ።
51002023	Sin	ሃ ኪታቲ ቦንቾኔ ጪንጫቴ ዳኒዲ ቤንታናው ዳንዳዖሶና። ሃ ዎጋቲ ፆሴ ዳሮ ዶሲሲያባ፥ ኣሽኬኔ ሂንቴ ኣሳቴ ሃሪሲያባ ዳኖሶና፥ ሺን ኑ ኢታ ኣሞቴ ቦላ ዎልቂ ኤንታው ባዋ።
64001006	Recommendation	ኤንቲ ኔ ሲቁዋባ ዎሳ ኬን ማርካቶሶና። ሃዒካ ኤንቲ ቢያ ኦጊያን ፆሳይ ዶሴይሳዳ ኦዳ ኤንታ ማዲኮ ሎዖ ኦሳ።
55002023	Recommendation	ሺን ኦሺ ሜይሳ ኤራዳ ኤያቴኔ ሃዳ ጊዲዳ ፓላማፔ ሃካ።
47003018	Faith	ኑኒ ኡባይ ካሜቲቦና ሶምዖን ጎዳ ቦንቹዋ ቤዓና። ኑኒ ኣያና ጊዲዳ ጎዳ ማላ ዳናናው ቦንቾፌ ቦንቾን ላሜታና።
58009014	Grace	ሜሪና ጌሻ ኣያና ባጋራ ቦሬይ ባይና ያርሾ ኦዲ፥ ፆሳስ ባና ኢሚዳ ኪሪስቶሳ ሱይ፥ ዴዖ ፆሳ ጎይናና ሜላ ሃይቆ ካሌያ ኦሱዋፔ ኑ ካሃ ዋቲ ኣ ጌሼኔ?
44011017	Grace	ፆሳይ ኑስ ጎዳ ዬሱስ ኪሪስቶሳ ኣማኒዳይሳታስ ኢሚዳ ኢሞታ ኣይሁዴ ጊዶናይሳታስካ ኢሚኮ፥ ያቲን ፆሳ ዲጋናው ታኒ ኦኔ?» ያጊስ።
49004030	Faith	ፆሳይ ሂንቴና ዎዚያ ጋላሳስ ሂንቴና ኣታሚዲ ዎዳ ፆሳ ኣያና ኣዛንፊቴ።
66003003	Recommendation	ሂዛ፥ ኔ ኤኪዳባኔ ሲዒዳባ ኣኬካ፤ ናጋ፤ ኔ ናጋራፔ ሲማ። ኔኒ ባርኮና ኢፂኮ ታ ካይሶዳ ያና፤ ታ ኣይ ዎዴ ያኔኮ ኔ ኤራካ።
62003007	Recommendation	ታ ናይቶ፥ ሂንቴና ኦኒካ ባሌፎ። ኪሪስቶሲ ፂሎ ጊዲዳይሳዳ ፂሎ ኦያ ኦኒካ ፂሎ።
62004001	Recommendation	ታ ሲቆ ኢሻቶ፥ ኣያናታ ኡባ ኣማኖፒቴ፥ ሺን ኤንቲ ፆሳፌ ዪዳኮ ፓጪ ቤዒቴ። ኣይስ ጊኮ፥ ዳሮ ዎርዶ ናቤቲ ኣላሜን ዴንዲዶሶና።
44013038	Grace	«ሄሳ ጊሾ፥ ታ ኢሻቶ፥ ናጋራ ኣቶቴይ ዬሱሳ ባጋራ ካሴቲዲ ሂንቴው ኦዴቲዳይሳ ኤሪቴ። ሙሴ ሂጌይ ናጋራፔ ፂሊሳናው ዳንዳዔና።
50003001	Recommendation	ዉርሴን፥ ታ ኢሻቶ፥ ሂንቴ ጎዳባ ጊዲያ ጊሾ ኡፋይቲቴ። ታኒ ካሴ ፃፊዳይሳ ዛራዳ ፃፋናይሲ ታና ዋይሴና፥ ሺን ሂንቴና ባላፔ ናጋና።
46011034	Recommendation	ሂንቴ ሺቆይ ፒርዳስ ጊዶና ሜላ ኮሻቲዳ ኦኒካ ዴዒኮ፥ ባ ሶን ሞ። ኣቲዳባ ታኒ ያ ባዳ ሂንቴው ኦዳና።
43018031	Description	ጲላፆሲ ዛሪዲ፥ «ሂንቴ ኢያ ኤኪ ኤፊዲ፥ ሂንቴ ሂጌይ ጌይሳዳ ኢያ ቦላ ፒርዲቴ» ያጊስ። ኣይሁዴቲ፥ «ኦናካ ዎያ ማቲ ኑስ ባዋ» ያጊዶሶና፤
46012031	Faith	ሺን ኡባፌ ኣያ ኢሞታ ሚንዲ ኮዪቴ። ቃሲ ኡባፌ ኣያ ኦጊያ ታ ሂንቴና ቤሳና።
58007026	Description	ሂዛ፥ ኑስ ኮሺያባ ኢሚያ፥ ጌሻይ፥ ቦሬይኔ ቱኒ ባይናይሲ፥ ናጋራንቾታፔ ሻኬቲዳይሲኔ ሳሉዋፔ ኣዲ ቂዳ ካሂኔ ሃላቃይ ኑስ ኮሼስ።
50004013	Faith	ኪሪስቶሲ ታው ኢሚያ ዎልቃን ኡባባ ኦናው ዳንዳዓይስ።
52004003	Recommendation	ፆሳይ፥ ሂንቴ ጌሺ ጊዳና ሜላኔ ላይማቶና ሜላ ኮዬስ።
51004002	Recommendation	ፆሳ ባርኪዲ ጋላቲሼ ቃንፆና ዎሲቴ።
44007029	Description	ሙሴይ ሄሳ ሲዒዳ ዎዴ ጊብፄፌ ቤቲዲ ሚዲያሜ ቢታን ቤቴ ኣሲ ጊዲዲ ዴዒሼ ናምዑ ኣዴ ናይታ ዬሊስ።
46011007	Description	ኣዴይ ፆሳ ሌሚሶኔ ፆሳ ቦንቾ ጊዲያ ጊሾ ባ ሁዒያ ቃቻናው ቤሴና፥ ሺን ማጫሲ ኣዴስ ቦንቾ።
51003015	Faith	ፆሳይ ሂንቴና ኢሲ ኣሲ ኦዲ ፄጊዳይ፥ ሳሮቴስ ጊዲያ ጊሾ ኪሪስቶሳ ሳሮቴይ ሂንቴ ዎዛና ሃሮ።
58002010	Grace	ኡባባይ ኢያዉኔ ኢያ ጋሶን ሜቲዳ ፆሳይ፥ ዳሮ ናይታ ባራ ቦንቺሳናው ኤንታ ኣቶቴ ሁዒያ፥ ዬሱሳ ዋዬን ፖሎ ኦናው ኢያው ቤሴስ።
59004001	Sin	ኦሺኔ ኦሊ ሂንቴ ጊዶ ኣዉፔ ዪ? ኤንቲ ዬይ ሂንቴ ኣሳቴ ሃራናው ኦሌቲያ ሂንቴ ኣሾ ኣሙዋፔ ጊዴኔዬ?
46005001	Sin	ሂንቴ ጊዶን ላይማቴ ዴዔይሲ ዚጊሬቴስ። ሄሳ ሜላ ላይማቴ ሃሪ ኣቶሺን፥ ኣማኖና ኣሳይካ ኦኮና። ሂንቴ ጊዶን ባ ኣዋ ማቼራ ቱኒዳ ኣሲ ዴዔስ።
46010013	Faith	ኣሴ ኡባ ጋኪያ ፓጬፔ ኣቲን ዱማ ፓጬይ ሂንቴና ጋኪቤና። ሂንቴ ዎልቃይ ዳንዳዔይሳፌ ኣያ ፓጬን ሂንቴ ፓጬቶና ሜላ ኣ ኢሞና ፆሳይ ኣማኔቲዳይሳ። ሂንቴና ፓጬይ ጋኪያ ዎዴ ሄ ፓጪያ ኢ ሂንቴና ዳንዳዒሳና። ቃሲ ሄ ፓጪያፔ ሂንቴ ኬያና ኦጊያ ኢ ጊጊሳና።
44020029	Violence	ታኒ ቢዳፔ ጉዬ፥ ዉዲያስ ቃቶና ኢታ ሱሜቲ ሂንቴ ጊዶ ጌላናይሳ ታ ኤራይስ።
53001004	Faith	ሂንቴና ጋኪዳ ጎዳኒኔ ዋዬ ኡባን ጌንጫኒኔ ኣማኖን ሚኒዲ ኤቂዳ ጊሾ ኑኒ ኑ ሁዔን ፆሳ ዎሳ ኬታን ሂንቴባ ማርካቲሼ ሂንቴናን ጬቄቶስ።
62004012	Faith	ፆሳ ቤዒዳይ ኦኒካ ባዋ። ኑኒ ኢሶይ ኢሱዋ ሲቂኮ ፆሳይ ኑናን ዴዔስ፤ ኢያ ሲቆይካ ኑናን ፖሎ ጊዴስ።
48001001	Description	ኣሳፔ ዎይኮ ኣሳ ባጋራ ጊዶናሺን ዬሱስ ኪሪስቶሳፔኔ ኢያ ሃይቆፔ ዴንዳ ፆሳ ኣዋፔ ሃዋሬ ጊዳና ሜላ ኪቴቲዳ ታ ጳዉሎሲ፥
58012003	Recommendation	ሂዛ፥ ሂንቴ ዶጪዲ ኡፋይሲ ቃንፆና ሜላ ናጋራንቾታ ኢፁዋ ዳንዳዒዳ ዬሱሳ ቆፒቴ።
45006005	Faith	ኑ ኢያ ሃይቁዋን ኢያራ ኢሲኖ ጊዲኮ፥ ሄሳዳካ፥ ኢያ ዴንዱዋን ኢያራ ኢሲኖ ጊዳና።
45015010	Recommendation	ቃሲ፥ «ኣይሁዴ ጊዶና ኣሳው፥ ፆሳ ዴሪያራ ኡፋይቲቴ» ያጌቲስ።
54004001	Sin	ያና ዎዲያን ባሌያ ኣያናታኔ ቱና ኣያናታ ቲሚርቲያ ካሊዲ፥ ኢሲ ኢሲ ኣሳይ ኣማኑዋ ካዳናይሳ ጌሻ ኣያናይ ቆንጪሲዲ ኦዲስ።
56003001	Recommendation	ኣሳይ ዴሪያ ሃሬይሳታስ፥ ኣዋቴይ ዴዔይሳታስ ሃሬታናው፥ ኪቴታናዉኔ ሎዖ ኦሶ ኡባ ኦናው ጊጌቲዳይሳታ ጊዳና ሜላ ኣኬኪሳ።
61003005	Sin	ዳሮ ዎዴፔ ካሴ ሳሎይ ፆሳ ቃላን ሜቲዳይሳ፤ ቃሲ ሳዓይ ሃፌኔ ሃን ሜቲዳይሳ ኤሪሼ ካዶሶና።
60003018	Grace	ኪሪስቶሲ ኑና ፆሳኮ ሺሻናው ባው ፂሎ ጊዲዲ ዴዒሼ፥ ናጋራንቾታ ጊሾ ኢሲ ቶሆ ናጋራ ኡባስ ሃይቂስ፤ ኢ ባ ኣሳቴን ሃይቂስ፥ ሺን ኣያናን ፓፂስ።
61002021	Sin	ኤንቲ ፂሎቴ ኦጊያ ኤሪ ሲሚዲ ኣጌይሳፌ ኮይሮቲዲ ጌሻ ኪታ ኤሮናኮ ኤንታው ሎዖሺን።
53003006	Recommendation	ኑ ኢሻቶ፥ ሂንቴ ኑፔ ኤኪዳ ኪታ ካሎናይሳታፔኔ ኦሶ ቢሊያ ኣዛላ ኣማኒያ ኣሳታፔ ሂንቴ ሻኬታናዳ ጎዳ ዬሱስ ኪሪስቶሳ ሱንን ሂንቴና ኪቶስ።
45005012	Sin	ኣዳሜ ባጋራ ናጋሪ ሃ ኣላሚያ ጌሊስ። ሄ ናጋራ ባጋራ ሃይቆይ ዪስ። ኣሲ ኡባይ ናጋራ ኦዳ ጊሾ ሃይቆይ ኣሳ ዛሬ ኡባ ጋኪስ።
58011033	Faith	ኤንቲ ኣማኖን ካዎቴታ ፆኒዶሶና፤ ፂሎቴን ኣይሲዶሶና፤ ፆሳይ ኢማና ጊዳ ኡፋይሳ ኤኪዶሶና፤ ጋሞታ ዶና ጎርዲዶሶና፤
47004009	Faith	ኑ፥ ሞርኬታን ጎዴቲዳ፥ ሺን ላጌ ዪቦኮ። ኑ ሞርኬታን ሾጬቲዲ ኩንዲዳ፥ ሺን ዪቦኮ።
59004004	Sin	ሂንቴኖ፥ ላይማቴይሳቶ! ሃ ኣላሚያ ዶሴይ ፆሳራ ሞርኬ ጊዴይሳ ኤሬኬቲ? ሃ ኣላሚያራ ዳቦታናው ኮዬይ ኦኒካ ፆሳራ ሞርኬ።
44016006	Description	ኢሲያን ቃላ ኦዶና ሜላ ጌሻ ኣያናይ ኤንታ ዲጊዳ ጊሾ ጲርጌራኔ ጋላቲያ ቢታራ ኣዶሶና።
45010006	Faith	ሺን ኣማኖን ኤኪያ ፂሎቴባ ጌቴቲዳይ ሃይሳ፡ «ኔ ዎዛናን፥ ‹ኦኒ ሳሎ ኬያኔ?› ያጎፓ፤ ሄሲ ኪሪስቶሳ ዎሳናሳ።
66016002	Violence	ኮይሮ ኪታንቾይ ቢዲ፥ ባ ፁዓን ዴዔይሳ ሳዓን ጉሲን፥ ዶዓ ማላይ ዴዔይሳታ ቦላኔ ኢያ ሚሲሊያ ጎይኒዳይሳታ ቦላ ኢታኔ ዛሚያ ማዱን ኬዪስ።
66005008	Description	ኢ ሄ ፃ ማፃፋ ኤኪዳ ዎዴ ዴዖን ዴዒያ ኦይዱ ሜቴቲኔ ላታማኔ ኦይዱ ጪማቲ ዶርሳ ሲንን ኩንዲዶሶና። ኤንቲ ኢሶይ ኢሶይ ዲኔ ጌሻታ ዎሳ ጊዲዳ ኢፃኔይ ኩሚዳ ዎርቃ ሻቴ ኦይኪዶሶና።
62005001	Faith	ዬሱሳ፥ ኢ ኪሪስቶሳ ያጊዲ፥ ኣማኒያ ኦኒካ ፆሳ ናዓ። ኣዋ ሲቂያ ኦኒካ ኢያ ናዓካ ሲቄስ።
48005026	Recommendation	ኣኔ ኢሶይ ኢሱዋ ዪሎዪሼኔ ቃናቲሼ ጮ ጬቄቴይሳ ኣጎስ።
54005001	Recommendation	ጪማ ኣዴታ ኔ ኣዋዳ ቦንቻፌ ኣቲን ሃንቄቶፋ። ያላጋ ኣዴታ ኔ ኢሻዳ ኦዳ ፄላ።
60002012	Recommendation	ኣማኖና ኣሳይ ሂንቴና ኢታ ኦያ ኣሳዳ ዚጊርያ ዎዴ ፆሳይ ኑና ቤዓናው ያ ጋላስ፥ ኤንቲ ሂንቴ ሎዖ ኦሱዋ ቤዒዲ ፆሳ ጋላታና ሜላ ሂንቴው ሎዖ ዴዖይ ዴዖ።
50003006	Sin	ኣይሁዴ ኣማኑዋስ ሚሼቴን ጊዲኮ ታኒ ዎሳ ኬ ዬዴስ። ኢሲ ኣሲ ሂጌ ናጊዲ ፂሊያባ ጊዲኮ፥ ታናን ቦሬይ ቤንቲቤና።
43004052	Description	ኢ ባ ኣይሌታ ባ ናዓስ ኣይ ሳቴን ሎዒዳኮ ኦይቺስ። ኤንቲ ዛሪዲ፥ «ዚኔ ላፑን ሳቴን ሚሻይ ኣጊስ» ያጊዶሶና።
43019031	Violence	ሄ ጋላሳይ ጊጌቴ ጋላስ ጊዲያ ጊሾኔ ዎንቴ ጋላሳይ ቦንቾ ሳምባታ ጊዲያ ጊሾ ኣሳታ ኣሃይ ማስቃሊያ ቦላ ሳምባታ ጋላስ ፔዖና ሜላ ኤንታ ቶሁዋ ሜንዲ፥ ማስቃሊያፔ ዎሳና ሜላ ኣይሁዴቲ ጲላፆሳ ዎሲዶሶና።
43019012	Description	ጲላፆሲ ሄሳ ሲዒዳ ዎዴ ዬሱሳ ቢላናው ኦጌ ኮዪስ። ሺን ኣይሁዴቲ ባንታ ቃላ ቁ ኦዲ፥ «ኔኒ ኢያ ቢሊያባ ጊዲኮ ካዉዋ ቄሳሬ ባጋ ጊዳካ። ባና ካዎ ጊያ ኦኒካ ቄሳሬ ሞርኬ» ያጊዶሶና።
43014001	Faith	ዬሱሲ ባ ታማሬታኮ፥ «ሂንቴ ዎዛናይ ኡንዔቶፎ፥ ፆሳ ኣማኒቴ፥ ታናካ ኣማኒቴ።
50001028	Faith	ሂንቴ ሞርኬታስ ያዮፊቴ። ኤንቲ ሂንቴራ ኤቄቲያባ ጊዲኮ ሄሲ ሂንቴው ኣቶቴስ፥ ኤንታው ዮስ ፆሳፌ ጊዲዳ ማላ።
43015016	Grace	ታኒ ሂንቴና ዶራሲፔ ኣቲን ሂንቴ ታና ዶሪቤኬታ። ሂንቴ ቢዲ ዮና ኣይፌ ኣይፋና ሜላ ታኒ ሂንቴና ሹማስ። ያኒኮ ታ ኣዋይ ሂንቴ ታ ሱንን ዎሲዳባ ኡባ ኢማና።
58011004	Faith	ኣቤሊ ቃዔላይሳፌ ኣያ ያርሾ ፆሳስ ያርሺዳይ ኣማኖና። ፆሳይ ኣቤላ ኢሙዋ ኡፋይቲዲ ኤኪዳ ዎዴ ኢ ፂሎ ጊዲዳይሳ ማርካቲስ። ኣቤሊ ሃሪ ኣቶሺን፥ ሃይቂዲካ ባ ኣማኑዋን ሃዒ ጋካናው ኦዴስ።
46004001	Recommendation	ኣሳይ ኑና ኪሪስቶሳ ኣይሌዳኔ ፆሳ ፁራ ቆንጪሳናው ሃዳሪ ኢሜቲዳ ኣሳዳ ኦዲ ቆፖ።
66006013	Description	ዎልቃማ ጫርኮይ ጫርኪዲ ባላሴ ሚ ቃዉዔ ኣይፊያ ቆቆፌይሳዳ ሳሉዋ ፆሊንቶቲ ሳዓን ቆቆፌቲዶሶና።
46010014	Recommendation	ሂዛ፥ ታ ኣልዖ ኢሻቶ፥ ኤቃ ጎይኖፌ ሃኪቴ።
45012021	Recommendation	ኢታ ሎዖን ፆናፔ ኣቲን ኢታን ፆኔቶፋ።
55002014	Recommendation	ኔኒ ኤንታ ሃይሳ ኣኬኪሳ፤ ኤንቲ ቃላታ ጋሶን ፓላሞና ሜላ፥ ጎዳ ሲንን ኤንታ ዞራ። ሄሲ ሲዔይሳታ ይሴሲፔ ኣቲን ኣይኮካ ማዴና።
59004008	Recommendation	ፆሳኮ ሺቂቴ፤ ኢ ሂንቴኮ ሺቃና። ሂንቴኖ፥ ናጋራንቾቶ፥ ሂንቴ ኩሺያ ሜጬቲቴ፤ ናምዑ ቆፊ ዴዔይሳቶ፥ ሂንቴ ዎዛና ጌሺቴ።
59002009	Sin	ሺን ሂንቴ ኣሳ ሶምዖ ፄሊዲ ቦንቺኮ፥ ናጋራ ኦታ ቃሲ ሂጌይ ሂንቴና ሂጌ ሜንዳ ኣሳዳ ፒርዳና።
52004007	Grace	ፆሳይ ኑኒ ጌሽቴን ዳና ሜላፔ ኣቲን ቱናቴን ዳና ሜላ ፄጊቤና።
45001018	Sin	ቱማይ ኤሬቶና ሜላ ባንታ ኢታ ኦሶን ካሚያ ኣሳ ቦላኔ ናጋራ ኡባ ቦላ፥ ፆሳ ሃንቆይ ሳሎፔ ዎስ።
62004007	Faith	ታ ሲቆ ኢሻቶ፥ ሲቆይ ፆሳፌ ያ ጊሾ ኣኔ ኢሶይ ኢሱዋራ ሲቄቶስ። ሲቂያ ኦኒካ ፆሳ ናዓ፤ ኢ ፆሳ ኤሬስ።
62002009	Sin	«ፖዖን ዴዓይስ» ጊሼ ባ ኢሻ ኢፂያ ኦኒካ፥ ሃዒካ ማን ዴዔስ።
60004014	Grace	ኪሪስቶሳ ሱን ጊሾ ኣሲ ሂንቴና ጫያ ዎዴ ፆሳ ቦንቾ ኣያናይ ሂንቴ ቦላ ሼምፒያ ጊሾ ሂንቴ ኣንጄቲዳይሳታ።
44021019	Grace	ጳዉሎሲ ኤንታ ሳሮዳፔ ጉዬ ኣይሁዴ ጊዶና ኣሳ ጊዶን ባ ባጋራ ፆሳይ ኦዳባ ኡባ ኤንታው ኦዲስ።
43008046	Sin	ሂንቴፌ፥ ‹ኔኒ ናጋራ ኦሺን ታ ቤዓስ› ጋናው ዳንዳዔይ ኦኔ? ታኒ ቱማ ኦዴቲያባ ጊዲኮ ታና ኣይስ ኣማኔኬቲ?
58010017	Grace	ካሊዲካ፥ «ታኒ ኤንታ ናጋራኔ ኤንታ ኢታ ኦሱዋ ዛራ ቆፒኬ» ያጌስ።
46001005	Grace	ኢያን ኦዳኒኔ ኤራቴ ኡባን ሂንቴ ዱሬቲዴታ።
45015030	Recommendation	ታ ኢሻቶ፥ ታው ፆሳ ዎሲሼ ታ ባፂያን ታራ ኤቃና ሜላ ጎዳ ዬሱስ ኪሪስቶሳኒኔ ጌሻ ኣያና ሲቁዋን ሂንቴና ዎሳይስ።
43007020	Violence	ኣሳይ ዛሪዲ፥ «ኔና ፃላሄይ ኦይኪስ፤ ኔና ዎናው ኦኔ ኮዬይ?» ያጊዶሶና።
45003025	Grace	ፆሳይ ዬሱስ ኪሪስቶሳ ያርሾ ኦዲ ኢሚዳይ፥ ኢያ ኣማኒያ ኡባይ ኢያ ሱን ናጋራ ማሮቴ ዴማና ሜላሳ። ፆሳይ ሄሳ ኦዳይ ባ ዳንዳዓን ካሴ ናጋራ ታይቦና ኣጊዲ፥ ባ ፂሎቴ ቤሳናሳ።
43018018	Description	ሳዓይ ሜጊያ ጊሾ ኣይሌቲኔ ናጌይሳቲ ፂፋ ታማ ኤዲ፥ ዩዪ ኣ ኤቂዲ ካዮሶና። ጴፂሮሲካ ኤንታራ ኤቂዲ ታማ ካዬስ።
49006011	Recommendation	ፃላሄ ጪሙዋ ኤቄታናው ዳንዳዓና ሜላ ፆሳይ ሂንቴው ኢሚዳ ኦላ ሚሺያ ኡባ ማዒቴ።
43013037	Faith	ጴፂሮሲ፥ «ጎዳው፥ ታኒ ኔና ሃዒ ካላናው ኣይስ ዳንዳዒኪና? ታኒ ኔ ጊሾ ሃይቃናዉካ ጊጋ ኡታስ» ያጊስ።
50004007	Faith	ኣሳ ኤራቴ ኡባፌ ኣያ ፆሳ ሳሮቴይ፥ ሂንቴ ዎዛናኔ ሂንቴ ቆፋ ጎዳ ዬሱስ ኪሪስቶሳ ባጋራ ናጋና።
59003009	Faith	ኑ ኢንፃርሳን፥ ኑ፥ ጎዳኔ ፆሳ ጋላቶስ። ቃሲ ኢያራ ፆሳ ሌሚሶን ሜቲዳ ኣሳ ቃንጎስ።
46005010	Sin	ሄሳ ጉሳይ ሃ ኣላሚያን ዴዒያ ላይማቴይሳታራ ዎይኮ ኡዜታራ ዎይኮ ካይሶታራ ዎይኮ ኤቃ ጎይኔይሳታራ ፖሎ ጋሄቶፊቴ ጉሱ ጊዴና። ሄሳ ጊዲኮ፥ ሃ ኣላሚያፔ ሂንቴ ኬያናው ቤሴስ ሺን ኣቲስ።
44026009	Sin	«ካሴ ታኒ ታ ሁዔንካ ናዚሬቴ ዬሱሳ ሱን ቴቃናው ዳንዳዔቲዳባ ኡባ ኦናው ቤሴስ ጋዳ ቆፓስ።
61002014	Sin	ላይማቲያ ማጫሲ ፄሊዲ ኣጎና ኣይፌይ ኤንታው ዴዔስ፤ ቃሲ ናጋራ ኦይሳ ኣጎኮና። ኣማኖን ሚኒቦና ኣሳ ጪሞሶና። ኤንታው ኡባ ዎዴ ኣሞቲያ ዎዛኒ ዴዔስ፤ ኤንቲ ቃንጌቲዳይሳታ።
43010012	Description	ኬራ ሄሚያ ኣሲ ዶርሳታ ጎዳኔ ሄንንቾ ጊዶና ጊሾ ሱሜይ ያ ዎዴ ቤዒዲ ዶርሳታ ኣጊዲ ቤስ። ሄሳ ጊሾ፥ ሱሜይ ዶርሳታ ኦይኪዲ ላሌስ።
59001019	Recommendation	ታ ሲቆ ኢሻቶ፥ ሃይሳ ኣኬኪቴ። ኣሲ ኡባይ ሲዓናው ኤሌሶ፥ ሺን ኦዴታናዉኔ ሃንቄታናው ኤሌሶፖ።
46009014	Recommendation	ሄሳዳካ፥ ዎንጌላ ማርካቴይሳቲ ዱሳስ ኮሺያባ ዎንጌላፔ ኤካና ሜላ ጎዳይ ኪቲስ።
43012046	Grace	ታና ኣማኒያ ኡባይ ማን ዶና ሜላ ታኒ ፖዖ ጊዳዳ ኣላሚያ ያስ።
43005014	Description	ዬሱሲ ጉዬፔ ሄ ኣዲያ ፆሳ ኬን ዴሚዲ፥ «ሄኮ፥ ኔኒ ፓፃዳሳ፤ ሃይሳፌ ኢታባይ ኔና ጋኮና ሜላ ዛራዳ ናጋራ ኦፋ» ያጊስ።
46016014	Recommendation	ኦሶ ኡባ ሲቆን ኦቴ።
43014015	Recommendation	«ሂንቴ ታና ዶሲኮ ታ ኪታ ናጋና።
58012025	Recommendation	ሂንቴው ኦዲያ ኡራ ቃላ ኢፃስ ጎና ሜላ ናጌቲቴ። ካሴይሳቲ ሳዓን ጊዲዲ ኦዲዳ ኪታ ሲዖና ኢፂዲ ኣቲቦናባ ጊዲኮ ያቲን፥ ሳሎን ጊዲዲ ኦዲያ ቃላ ኑኒ ኢፃስ ጊኮ ዋኒዲ ኣታኔ?
48004008	Sin	ሂንቴ ካሴ ፆሳ ኤሮና ዎዴ ፆሴ ጊዶናይሳታስ ኣይሌ ጊዲዲ ሃሬቲዴታ።
44003026	Grace	ፆሳይ ሂንቴና ኡባ ሂንቴ ኢታ ኦጊያፔ ዛሪዲ ኣንጃና ሜላ ባ ናዓ ዴንዲ ሂንቴው ኮይሮ ዬዲስ» ያጊስ።
44010039	Violence	«ኣይሁዴ ቢታኒኔ ዬሩሳላሜን ኢ ኦዳ ኡባባስ ኑኒ ማርካታ። ኤንቲ ማስቃሊያ ቦላ ካቂዲ ኢያ ዎዶሶና።
46001010	Recommendation	ታ ኢሻቶ፥ ሂንቴ ጊዶን ሻኬቴ ዶናዳ ሂንቴ ኢሲ ዎዛናኒኔ ኢሲ ቆፋን ኢሶ ጊዲዲ፥ ዳና ሜላ ኑ ጎዳ ዬሱስ ኪሪስቶሳ ሱንን ታ ሂንቴና ዎሳይስ።
51001021	Sin	ሃይሳፌ ካሴ ሂንቴ ቆፋ ኢታቴይ ሂንቴና ፆሳፌ ሻኪሲኔ ኢያራ ሞርኬ ኦስ፤ ሂንቴ ኦሶይካ ኢታ።
55002022	Recommendation	ናዓቴ ኢታ ኣሙዋፔ ባቃታ። ጌሻ ዎዛናን ጎዳ ፄጊያ ኣሳታራ ኢሲፌ፥ ፂሎቴ፥ ኣማኑዋ፥ ሲቆኔ ሳሮቴ ካላ።
51003001	Faith	ሂዛ፥ ሂንቴ ኪሪስቶሳራ ሃይቆፔ ዴንዲዳይሳዳ፥ ፆሳፌ ኡሻቻ ባጋን ኡቲዳ ኪሪስቶሲ ዴዒያ ቤሳን፥ ሳሎን ዴዒያባታ ኮዪቴ።
66008007	Violence	ኮይሮ ኪታንቾይ ባ ሞይዚያ ፑኒያ ዎዴ ሻቺኔ ሱራ ዋላኬቲዳ ታሚ ሳሎፔ ቡኪስ። ሳዓፔ ሲኮይ ፁጌቲስ፤ ሚፌ ሲኮይ ፁጌቲስ፤ ጪልዖ ማታ ኡባይ ፁጌቲስ።
66011017	Faith	«ሃዒካ ካሴካ ዴዔይሶ፥ ጎዳው፥ ኡባፌ ዎልቃማ ፆሳው፥ ኔኒ ጊታ ዎልቃ ኦይካዳሳ። ኔኒ ሃራናው ዶሚዳ ጊሾ ኑኒ ኔና ጋላቶስ።
43004010	Grace	ዬሱሲ ዛሪዲ፥ «ኔኒ ፆሳ ኢሞታኔ ሃ ታና ኡሻ ጌይሲ ኦኔኮ ኤሪዳባ ጊዲያኮ ኢያ ኔ ዎሳና፤ ኢካ ኔው ዴዖ ኢሚያ ሃ ኢማናሺን» ያጊስ።
51003004	Grace	ሂንቴው ዴዖ ጊዲዳ ኪሪስቶሲ ቆንጪያ ዎዴ ሄ ዎዴ ሂንቴካ ኢያራ ቦንቾን ቆንጫና።
43020031	Faith	ሺን ዬሱሲ ኢ ኪሪስቶሳ፥ ፆሳ ናዓ ጊዴይሳ ሂንቴ ኣማናና ሜላኔ ኣማኒዲ ኢያ ሱንን ዴዖ ዴማና ሜላ ሄሲ ፃፌቲስ።
62004006	Faith	ኑኒ ፆሳፌ ዬሌቲዳ፤ ፆሳ ኤሪያ ኦኒካ ኑና ሲዔስ። ፆሳ ኤሮና ኦኒካ ኑና ሲዔና። ኑኒ ቱማ ኣያናኔ ዎርዶ ኣያና ሄሳን ሻኮስ።
65001012	Description	ሃ ኣሳቲ፥ ሂንቴ ሲቆ ጊቢራ ሚያ ቤሳን ሂንቴራ ኡቲያ ዎዴ ዬሊ ባይና ካዉሻታ። ኤንቲ ባንታና ፃላላ ሄሜይሳታ። ኤንቲ ጫርኮይ ኤፊያ ኢሪ ባይና ሻራ ሜላ። ቃሲ ኣይፌ ዎዴን ኣይፌ ኣይፎና፥ ፃጶራ ሾዴቲድ፥ ናምዑ ቶሆ ሜሊዳ ሚ ሜላ።
44005015	Description	ሄሳ ጊሾ፥ ኣሳይ ሃርጋንቾታ ሃላኒኔ ኣልጋን ቶኪዲ ጴፂሮሲ ኣያ ዎዴ ኢያ ኩያይ ኤንታፌ ኢሶታ ኢሶታ ቦላ ሼምፓና ሜላ ኦጌ ዶናን ኬሲዲ ዎሶና።
49006016	Faith	ሄ ኡባፌ ኣዲ፥ ፃላሄይ ዬዲያ ላፂያ ታማ ዶንጌ ኡባ ቶይሳናው ዳንዳዒያ ኣማኑዋ ኡባ ዎዴ ጎንዳሌዳ ኦይኪቴ።
51003023	Recommendation	ሂንቴ ኦያ ኦሶ ኡባ ኣሳስ ጊዶናሺን ጎዳስ ኦያ ሜላ ዎዛናፔ ኦቴ።
58012016	Recommendation	ሂንቴ ጊዶን ላይማቲያ ኣሲ ዎይኮ ኢሲ ቶሆ ሚያ ካስ ባ ባይራቴ ቶቺዲ ባይዚዳ ኤሳዌ ሜላ ኣሲ ዶና ሜላ ናጌቲቴ።
43018040	Sin	ኤንቲ ዛሪዲ፥ ባንታ ቃላ ቁ ኦዲ፥ «ባርባና ቢላፌ ኣቲን ኢያ ጊዴና» ያጊዶሶና። ሺን ባርባኒ ፓንጋ።
55003004	Sin	ሞርኬስ ኣ ኢሜይሳታ፥ ቆፊ ባይናይሳታ፥ ኦቶሮን ሱጌቴይሳታ፥ ፆሳፌ ኣዲ ኣሾ ኡፋይሳናው ዶሴይሳታ ጊዳና።
50002009	Grace	ሄሳ ጊሾ፥ ፆሳይ ኢያ ዳሮ ቁ ቁ ኦስ፤ ቃሲ ሱን ኡባፌካ ኣያ ቃ ሱን ኢሚስ።
61001016	Description	ኑኒ ጎዳ ኪሪስቶሳ ዎልቃኔ ኢያ ዩሳባ ሂንቴው ኦዴይ፥ ኢያ ጊታ ቦንቹዋ ቤዒዲፔ ኣቲን ሜ ኬሲዳ ሃይሴ ጊዴና።
61003016	Sin	ኢ ባ ዳብዳቤታ ኡባን ሄሳታባ ፃፊስ። ኢያ ዳብዳቤታ ጊዶን ኣኬካናው ዋይሲያ ቆፋቲ ዴዖሶና። ታማሪቦናኔ ሚኒቦና ኣሳቲ ሃራ ፆሳ ቃላ ሚርቄይሳዳ ሃ ኪታታካ ያናው ማቺዲ ሚርቆሶና።
44014014	Description	ሺን ባርናባሲኔ ጳዉሎሲ ሄሳ ሲዒዳ ዎዴ ኤንቲ ኦናው ቆፒዳይሳ ኢፂዲ ባንታ ማዑዋ ፔዶሶና። ኣሳ ጊዶ ዎፂ ጌሊዲ፥
45015008	Faith	ፆሳይ ቤኒ ኣዋታስ ኢሚዳ ኡፋይሳይ ፖሌታና ሜላኔ ኢያ ቱማቴይ ኤሬታና ሜላ ኪሪስቶሲ ኣይሁዴታ ኣይሌ ጊዲዲ ዪዳይሳ ታ ሂንቴው ኦዳይስ።
59001026	Sin	ባ ኢንፃርሳ ናጎና ኣማናይስ ጊያ ኡራይ ባና ጪሜስ፤ ኢያ ኣማኖይ ሃዳ።
43015020	Recommendation	‹ኣይሌይ ባ ጎዳፔ ኣና› ጋዳ ታኒ ሂንቴው ኦዲዳይሳ ኣኬኪቴ። ኤንቲ ታና ጎዲዳባ ጊዲኮ ሂንቴናካ ጎዳና። ኤንቲ ታ ቃላ ናጊዳባ ጊዲኮ ሂንቴ ቃላካ ናጋና።
43008031	Faith	ዬሱሲ ባና ኣማኒዳ ኣሳታኮ፥ «ሂንቴ ታ ቲሚርቲያስ ኪቴቲኮ ቱማ ታና ካሌይሳታ።
44007011	Description	«ጊብፄ ቢታኒኔ ካናኔ ቢታ ኡባን ኮሺ ጌሊዲ ዳሮ ኣሳ ኡንዔስ። ሄ ዎዴ ኑ ማይዛቲ ካ ዴማናው ዳንዳዒቦኮና።
63001004	Faith	ኣዋይ ኑና ኪቲዳይሳዳ፥ ኔ ናይታፔ ባጋቲ፥ ቱማስ ኪቴቴይሳ ቤዓዳ ታኒ ዳሮ ኡፋይታስ።
54005008	Faith	ሺን ባ ዳቦታስ፥ ኡባፌ ኣዲ ባ ሶ ኣሳስ ቆፖና ኦኒካ ባ ኣማኑዋ ካዲዳይሳ፤ ኣማኖና ኣሳፔካ ኣዳ ኢታ።
58010022	Faith	ኑኒ ኢታ ካሃፔ ጌያናው ኑ ዎዛና ዉርፄቲዲ፥ ኑ ኣሳቴ ፂሎ ሃን ሜጬቲዲ፥ ሱሬ ዎዛናኒኔ ፖሎ ኣማኖን ፆሳኮ ሺቆስ።
48001023	Description	ሺን ኤንቲ፥ «ካሴ ኑና ጎዲያ ኡራይ፥ ሃዒ ሄ ኢ ይሳናው ኮያ ኣማኑዋባ ሳባኬስ» ያጌይሳ ሲዒዶሶና።
44027034	Recommendation	ሄሳ ጊሾ፥ ጉ ካ ሂንቴ ማና ሜላ ታኒ ሂንቴና ዎሳይስ። ሂንቴ ጋሽታና ሜላ ጉ ካ ማናው ኮሼስ፤ ሃሪ ኣቶሺን ሂንቴ ሁዔ ቢናናፔ ኢሶይካ ዬና» ያጊስ።
66002003	Faith	ኔኒ ጌንጫዳሳ፤ ታ ሱን ጊሾ ሜቶ ዳንዳዓዳሳ፤ ፆኔታባካ።
56002002	Recommendation	ጪማ ኣዴቲ ባንታና ሃሬይሳታ፥ ዎፑ ጊዳይሳታ፥ ቦንቼቲዳይሳታ፥ ኣማኖን፥ ሲቆኒኔ ዳንዳዓን፥ ሚኖ ጊዳና ሜላ ዞራ።
44017030	Recommendation	ሄሳ ጊሾ፥ ፆሳይ ካሴ ዎዴ ኣሳይ ኤሮና ኦዳይሳ ኣጊዲ ኣስ፥ ሺን ሃዒ ኡባሶን ዴዒያ ኣሲ ኡባይ ናጋራፔ ሲማና ሜላ ኪቴስ።
43019025	Description	ሺን ዬሱሳ ማስቃሊያ ማታን ኢያ ኣያ፥ ኢያ ኣዬ ሚቺያ፥ ቄሊዮጴ ማቺያ ማይራማኔ ማግዴላ ማይራማ ኤቂዶሶና።
66019013	Description	ኢ ሱን ሙኬቲዳ ማዖ ማዒስ፤ ኢያ ሱንይካ ፆሳ ቃላ።
46008009	Recommendation	ሺን ሂንቴ ኮዪዳባ ማናው ላዓቴ ሂንቴው ዴዒኮካ ሄሲ ኣማኖን ሚኖናይሳታ ቦና ሜላ ናጌቲቴ።
44013034	Grace	ኢ ዎቆና ሜላ ፆሳይ ሃይቆፔ ኢያ ዴንን ኤሪሳናው፥ ‹ታኒ ዳዊቴስ ኢማና ጊዳ ኣማኔቲዳ ጌሻ ኣንጁዋ ሂንቴው ኢማና› ያጊዲ ኦዲስ።
43014020	Faith	ታኒ ታ ኣዋን፥ ሂንቴ ታናን፥ ቃሲ ታኒ ሂንቴናን ዴዔይሳ ሂንቴ ሄ ጋላስ ኤራና።
62002003	Faith	ኑኒ ፆሳ ኪታ ናጊኮ፥ ሲይ ባይናሺን፥ ቱማ ኑ ኢያ ኤሮስ።
43008024	Sin	ሂንቴ ኣቶቴ ዴሞና ሂንቴ ናጋራን ሃይቃና ጋዳ ታኒ ሂንቴው ኦዲዳይ ሄሳሳ። ታኒ ታና ጊዴይሳ ሂንቴ ኣማኖና ኢፂኮ ሂንቴ ኣቶቴ ዴሞና ሂንቴ ናጋራን ሃይቃና» ያጊስ።
66017006	Sin	ቃሲ ሄ ማጫሲያ ጌሻታ ሱኔ ዬሱሳስ ማርካቲሼ ሃይቂዳይሳታ ሱ ኡያዳ ማቲዳሮ ታ ቤዓዳ ማላሌታስ።
58012017	Description	ጉዬፔ ኤሳዌይ ሄ ኣንጁዋ ኤካናው ኮዪዳ ዎዴ ዲጌቲዳይሳ ኤሬታ። ኢ ሄ ኣንጁዋ ኣፉን ሚኒዲ ኮይኮካ፥ ዴማናው ዳንዳዒቤና፤ ኢ ናጋራፔ ሲማናው ቃዳ ዴሚቤና።
43007012	Description	ኣሳይ ካልካሺዲ ኢያባ ኦዴቶሶና። ባጋይ፥ «ኢ ሎዖ ኣሲ» ጊያ ዎዴ ሃራቲ ቃሲ፥ «ኣካይ፥ ኢ ኣሳ ባሌስ» ያጎሶና።
44011021	Faith	ጎዳ ዎልቃይ ኤንታራ ዴዔስ፤ ቃሲ ዳሮ ኣሳይ ኣማኒዲ ጎዳኮ ሲሚዶሶና።
52002004	Faith	ሺን ፆሳይ ኑናን ኣማኔቲዲ ባ ዎንጌላ ኦዳና ሜላ ኑስ ሃዳራ ኢሚዳ ጊሾ ኦዶስ። ኑ ሄሳ ኦይ ኑ ዎዛና ቤዒያ ፆሳ ኡፋይሳናሳፌ ኣቲን ኣሴ ኡፋይሳናሳ ጊዴና።
46015057	Grace	ሺን ኑ ጎዳ ዬሱስ ኪሪስቶሳ ባጋራ ኑስ ፆኖ ኢሚያ ፆሳ ጋላቲ ጋኮ።
54005005	Faith	ባርካ ዴዒያ ቱማ ኣምዒያ ፆሳፌ ማዴ ዴማናው ኡፋይሳን ናጋሱ። ጋላሲኔ ቃማ ፆሳይ ባና ማዳና ሜላ ዎሳዉሱኔ ኦይቻዉሱ።
43016024	Grace	ሃዒ ጋካናው ታ ሱንን ኣይቢባካ ዎሲቤኬታ። ሂንቴ ኡፋይሳይ ፖሎ ጊዳና ሜላ ፆሳ ዎሲቴ፤ ሂንቴ ኤካና።
46007021	Recommendation	ፆሳይ ኔና ፄጊያ ዎዴ ኔኒ ኣይሌ? ኣይኮይ ባዋ ሄሳስ ኡንዔቶፋ። ሺን ኔኒ ኣይሌቴፌ ላዓ ኬያናው ዳንዳዒኮ ዬዳ ኬያ።
65001019	Sin	ሄ ኣሳቲ ኣሳ ጊዶን ሻሆቴ ሜይሳታ፥ ባንታ ኣሾ ኣሙዋስ ሃሬቴይሳታኔ ጌሻ ኣያናይ ባይናይሳታ።
48001006	Sin	ኪሪስቶሳ ኣ ኬሃቴን ሂንቴና ፄጊዳ ፆሳ ኣጊዲ፥ ሃራ ዎንጌላኮ፥ ሂንቴ ኤሌሲዲ፥ ዋኒዲ ሲሚዳኮ ታና ማላሊሴስ።
58012014	Recommendation	ኣሳ ኡባራ ሳሮ ዳናዉኔ ጌሻቴን ዳናው ሚኒቴ፤ ጌሻቴ ባይና ኦኒካ ጎዳ ቤዓናው ዳንዳዔና።
43021006	Description	ኢ ዛሪዲ፥ «ሂንቴ ጊቲያ ዎጎሉዋፔ ኡሻቻ ባጋራ ዬጊቴ፤ ጉ ሞሎ ሂንቴ ኦይካና» ያጊስ። ሄሳ ጊሾ፥ ጊቲያ ኡሻቻ ባጋራ ዬጊዶሶና። ሞሎይ ዳሪዳ ጊሾ ጎቺዲ ኬሳናው ፆኔቲዶሶና።
46007019	Recommendation	ፆሳ ኪታ ፖላናው ቤሴስፔ ኣቲን ቃፃሬቲን ቃፃሬቶና ኣጊን ኣይኮካ ማዴና።
45012008	Recommendation	ኑ ኢሞይ ሃራታ ሚን ጊዲኮ፥ ሚኒዲ ሚንናው ቤሴስ። ኑ ኢሞይ ኑስ ዴዒያባፔ ሃራታስ ኢሞ ጊዲኮ፥ ዎዛናፔ ኢማናው ቤሴስ። ኑ ኢሞይ ኣይሶ ጊዲኮ፥ ሚኒዲ ኣይሳናው ቤሴስ። ኑ ኢሞይ ሃራታስ ኬሆ ጊዲኮ፥ ኡፋይሳን ኬሃናው ቤሴስ።
44019002	Faith	ኤንታኮ፥ «ሂንቴ ኣማኒዳ ዎዴ ጌሻ ኣያና ኤኪዴቲ?» ያጊዲ ኦይቺስ። ኤንቲ፥ «ኣካይ፥ ኤኪቦኮ፤ ሃሪ ኣቶሺን፥ ጌሻ ኣያኒ ዴዒያባካ ሲዒቦኮ» ያጊዶሶና።
53003014	Recommendation	ሃዒ ኑኒ ሃ ዳብዳቢያን ኪቲዳ ኪታስ ኪቴቶና ኣሲ ኦኒካ ዴዒኮ ሄ ኡራ ኤሪቴ። ኢ ዬላታና ሜላ ኢያፔ ሻኬቲቴ።
46015050	Sin	ታ ኢሻቶ፥ ታ ጌይሲ ሄሳ፤ ሃዒ ኑ ማዒዳ ኣሳቴይ ፆሳ ካዎቴ ላታናው ዳንዳዔና። ዎቂያ ኣሳቴይ ዎቆና ኣሳቴ ላቴና።
43006027	Recommendation	ሳሚያ ካስ ኦፊቴ፥ ሺን ሜሪና ዴዖ ኢሚያ ካስ ኦቴ። ፆሳ ኣዋይ ኢ ኦና ሜላ ኢያው ማታ ኢሚዳ ጊሾ ሄ ካ ኣሳ ናዓይ ሂንቴው ኢማና» ያጊስ።
59004003	Sin	ሂንቴ ዎሴታ፥ ሺን ዴሜኬታ። ሂንቴ ኣሾ ኣሙዋ ፖላናው ዎቤ ኦጌን ዎሲያ ጊሾ ዴሜኬታ።
49005020	Faith	ኑ ጎዳ ዬሱስ ኪሪስቶሳ ሱንን ኡባ ዎዴ ፆሳ ኣዋ ኡባባስ ጋላቲቴ።
48003006	Faith	ኣኔ ኣብራሃሜ ቤዒቴ፥ «ኢ ፆሳ ኣማኒስ፤ ፆሳይ ኢያው ሄሳ ፂሎቴ ኦዲ ኤኪስ» ጌቴቲዲ ፃፌቲስ።
66021023	Grace	ፆሳ ቦንቾይ ሄ ካታማስ ፖዒያ ጊሾኔ ዶርሳይ ኢያው ፆምፔ ጊዲያ ጊሾ ካታማስ ኣዋ ዎይኮ ኣጌና ፖዖ ኮሼና።
45008009	Faith	ሺን ፆሳ ኣያናይ ሂንቴናን ዴዒኮኔ ሂንቴና ሃሪኮ፥ ሂንቴ ኣያና ሼኔን ዴዔታፔ ኣቲን ሂንቴ ኣሾ ኣሙዋስ ሃሬቴኬታ። ኪሪስቶሳ ኣያናይ ባይና ኦኒካ ኪሪስቶሳባ ጊዴና።
45011023	Faith	ኣይሁዴቲ ኣማኒኮ፥ ካሴ ኤንቲ ዴዒያ ቤሳ ሲማና። ፆሳይ ኤንታ ዛሪዲ፥ ዎናው ዳንዳዔስ።
66014005	Description	ኤንቲ ዎርዶይኔ ቦሬይ ባይና ኣሳታ።
44024014	Faith	«ሺን ታኒ ኢሲባ ኣማናይስ፤ ታኒ ሂጌን ዴዒያባኔ ናቤቲ ፃፊዳ ኡባባ ኣማናዳ፥ ኑ ኣዋታ ፆሳ፥ ኤንቲ ዎርዶ ጊያ ኦጊያን ጎይናይስ።
45013008	Recommendation	ኢሶይ ኢሱዋራ ሲቄቲቴ። ሲቆ ኣጮፔ ኣቲን ሂንቴ ቦላ ሃራ ኣጮይ ዶፖ። ኣሴ ሲቂያ ኦኒካ ሂጌይ ጌይሳ ፖሊስ።
66016009	Sin	ኣሳይ ዎልቃማ ሴላን ፁጌቲዲ፥ ሄ ቦሻታ ቦላ ማቲ ዴዒያ ፆሳ ሱን ባዲዶሶና፤ ባንታ ናጋራፔ ሲሚዲ ፆሳ ቦንቺቦኮና።
66021012	Description	ሄ ካታማ ዲርሳይ ዎልቃማኔ ኣዱሴ። ኢያው ታማኔ ናምዑ ፔንጌቲኔ ሄ ፔንጌታ ናጊያ ታማኔ ናምዑ ኪታንቾቲ ዴዖሶና። ፔንጌታ ቦላ ታማኔ ናምዑ ኢስራዔሌ ዜሬታ ሱንይ ፃፌቲስ።
48003013	Grace	«ሚ ቦላ ካቄቲዲ ሃይቂያ ኦኒካ ቃንጌቲዳይሳ» ጌቴቲ ፃፌቲዳ ጊሾ ኪሪስቶሲ ኑ ጊሾ ቃንጌቲዳይሳ ጊዲዲ፥ ኑና ሂጌ ቃንጌፌ ዎዚስ።
48001013	Sin	ታ ካሴ ኣይሁዴ ኣማኖን ዴዒያ ዎዴ ዋና ዴዒዳኮ፥ ሂንቴ ሲዒዴታ። ታ ዎሳ ኬ ቃይ ባይና ጎዳናዉኔ ይሳናው ባፄታስ።
66020002	Description	ኢ ዳዊያ ኦይኪዲ ሙኩሉ ላይስ ቃቺስ። ሄ ዳዌይ ኮይሮ ሾሻ፥ ዳቡሎሳ ዎይኮ ፃላሄ።
44008009	Description	ሺን ሲሞና ጊያ ኢሲ ኡራይ ሄ ካታማን ዴዔስ። ኢ፥ ‹ባና ጊታ› ጊዲ ሳማሬ ኣሳ ማሮቴን ማላሊሲሼ ጋምዒስ።
50003010	Faith	ታኒ ኪሪስቶሳኔ ኢያ ዴንዶ ዎልቃ ኤራናው ኮያይስ። ታኒ ኢያ ሜቱዋ ኢያራ ሻኬታናዉኔ ኢያ ሃይቁዋን ኢያ ዳናናው ኣሞታይስ።
54005022	Recommendation	ኦዴ ቦላካ ኔ ኩሺያ ዎዳ ሹማናው ኤሌሶፓ። ሃራታ ናጋራን ጌሎፓ፤ ኔና ጌሻቴን ናጋ።
56002003	Recommendation	ሄሳዳካ፥ ጪማ ማጫሳይ ባንታ ዱሳን ጌሻታ፥ ዚጊሮናይሳታ፥ ዎይኔ ኡሻን ሃሬቶናይሳታኔ ሎዖባ ታማርሴይሳታ ጊዳና ሜላ ታማርሳ።
46007038	Recommendation	ሄሳ ጊሾ፥ ጌላዒው ኤኪያ ኡራይ ሎይስ፤ ቃሲ ኤኮና ኡራይ ዳሮ ሎይስ።
59001022	Recommendation	ሺን ፆሳ ቃላ ኦሶን ፔሺቴፔ ኣቲን ሲሳ ፃላላን ሂንቴና ጪሞፊቴ።
43007001	Violence	ሄሳፌ ጉዬ፥ ኣይሁዴቲ ዬሱሳ ዎናው ኮያ ጊሾ ኢ ዪሁዳ ኣጊዲ ጋሊላን ሲሜሬቴስ።
46001030	Grace	ሺን ፆሳይ ሂንቴው ኪሪስቶስ ዬሱሳራ ኢሲፌቴ ዳና ሜላ ኦስ። ኢ ኑስ ፆሳፌ ጪንጫቴ፥ ፂሎቴ፥ ጌሻቴኔ ኣቶቴ ጊዲስ።
43013005	Description	ሄሳፌ ጉዬ፥ ሃ ሜቻ ሚሼን ቲጊዲ፥ ባ ታማሬታ ቶሁዋ ሜጪስ፤ ቃሲ ባ ፄሳን ዳንጪዳ ፖፃን ቁቺስ።
44022004	Violence	ታኒ ሃ ኦጊያ ካሊያ ማጫታኔ ኣዴታ ኦይካዳ ቃሾ ኬን ዬጋሼን ኤንታ ዎሳና ጋካናው ዋዬ ቤሲዳ ኣሲ።
43007043	Description	ሄሳ ጊሾ፥ ዬሱሳ ጋሶን ኣሳይ ባንታ ጊዶን ሻኬቲዶሶና።
60005002	Recommendation	ሂንቴ ኣዋቴፌ ጋርሳን ዴዒያ ፆሳ ዉዲያ ሄሚቴ። ፆሳይ ኮዬይሳዳ ዶሳናፔ ኣቲን ኡንዔቲዲ ሄሞፊቴ። ቃሲ ሚሼ ኮሻን ጊዶናሺን ሃጋዛናው ዴዒያ ሎዖ ቆፋን ሄሚቴ።
46015056	Sin	ሃይቆይ ዱኪያ ዎልቃይ ናጋራ፤ ቃሲ ናጋራ ዎልቃይ ሂጌ።
59005004	Sin	ሂንቴ ጋዴን ኦ ፔዒዳ ኣሳ ኬራ ሚሺያ ቃንፂቤኬታ። ሄሲ ሂንቴ ቦላ ዋሴስ። ሄ ኣሳታ ዋሶይ ዎልቃማ ጎዳ ሃይን ሲዔቲስ።
60002001	Recommendation	ሂዛ፥ ኢታቴ ኡባ፥ ጪሞ ኡባ፥ ጩቦቴ ቃናቴኔ ዚጊርሲ ኡባ ሂንቴፌ ዲጊቴ።
46007039	Recommendation	ማቺያ ባ ኣዚናይ ፓፃ ዴዒያ ዎዴ ኡባን ኢያራ ቃሼታሱ። ሺን ኢ ኣዚናይ ሃይቂኮ፥ ባ ዶሲዳ ኣዚና ጌላናው ዳንዳዓዉሱ። ጊዶሺን፥ ኢያ ጌሊያ ኣዴይ ኣማኒያ ኣሲ ጊዳናው ቤሴስ።
55002018	Sin	ሃ ኣሳቲ ቱማ ኦጊያ ኣጊዲ፥ «ሃይቂዳ ኣሳይ ሃይቆፔ ቤኒ ዴንዲዶሶና» ያጊዲ ጉ ኣሳታ ኣማኑዋ ይሲዶሶና።
48005006	Faith	ሂዛ፥ ኪሪስቶስ ዬሱሳን ዴዒኮ፥ ሲቆን ቆንጪያ ኣማኖፔ ኣቲን ቃፃሬቲን፥ ቃፃሬቶና ኣጊን ኑና ኣይኮካ ማዴና።
58005009	Grace	ሄሳንካ፥ ዬሱሲ ባ ኦሱዋ ፖሊዳፔ ጉዬ ባው ኪቴቲያ ኡባይ ሜሪና ኣቶቴ ዴማና ሜላ ጋሶ ጊዲስ።
46016001	Recommendation	ኣማኒያ ኣሳስ ሚሼ ሺሾባ ጋላቲያ ዎሳ ኬታስ ታኒ ኪቲዳይሳዳ ሂንቴካ ኦቴ።
49005022	Recommendation	ማቼቶ፥ ጎዳስ ሃሬቴይሳዳ ሂንቴ ኣዚናታስ ሃሬቲቴ።
43008012	Faith	ቃሲካ ዬሱሲ ኣሳኮ፥ «ታኒ ኣላሚያስ ፖዖ። ታና ካሊያ ኦኒካ ዴዖ ኢሚያ ፖዑዋ ኤካናፔ ኣቲን ማን ሲሜሬቴና» ያጊዲ ኦዲስ።
65001017	Recommendation	ሺን ታ ኢሻቶ፥ ኑ ጎዳ ዬሱስ ኪሪስቶሳ ሃዋሬቲ ካሴ ሂንቴው ኦዲዳ ቃላ ኣኬኪቴ።
44017025	Grace	ኢ ዴዖ፥ ሼምፖኔ ኡባባ ኣሳ ኡባስ ኢሚያ ጊሾ ፓጪ ዴዒያ ኣሳዳ ኣሳ ማዴ ኮዬና።
62005009	Faith	ኑ ኣሲ ማርካቴይሳ ኣማኖስ። ሺን ፆሳ ማርካቴይ ኣሳይሳፌ ዳሮ ኣስ። ፆሳይ ባ ናዓስ ማርካቲዳ ማርካቴይ ሃይሳ።
45013014	Faith	ጎዳ ዬሱስ ኪሪስቶሳ ካንዱዋ ማዒቴ፤ ሂንቴ ናጋራንቾ ኣሳቴይ ባ ኣሙዋ ፖላና ሜላ ኢያው ቆፖፊቴ።
58011030	Description	ኢስራዔሌ ኣሳይ ኢያርኮ ካታማ ሹቻ ዲርሳ ላፑን ጋላስ ዩዪዲ፥ ኩንዲሲዳይ ኣማኖና።
44019011	Grace	ፆሳይ ጳዉሎሳ ኩሼን ዎልቃማ ማላታታ ኦስ።
43008034	Sin	ዬሱሲ ዛሪዲ፥ «ታኒ ሂንቴው ቱማ ኦዳይስ፤ ናጋራ ኦያ ኦኒካ ናጋራ ኣይሌ።
62004011	Faith	ታ ሲቆ ኢሻቶ፥ ፆሳይ ኑና ሃይሳዳ ሲቂኮ፥ ኑካ ኢሶይ ኢሱዋ ሲቃናው ቤሴስ።
44002028	Grace	ኔኒ ታና ዴዖ ኦጊያ ኤሪሳዳሳ። ኔኒ ታራ ዴዔይሳን ታ ኡፋይሳይ ኩሜ ጊዴስ› ያጊስ።
54004013	Recommendation	ታኒ ያና ጋካናው ኣሳስ ጌሻ ማፃፋ ናባቦን፥ ሳባኮኒኔ ታማርሶን ሚና።
47004008	Description	ኑ ኡባ ባጋራካ ዋዬቲዳ፥ ሺን ሜቄሬቲቦኮ። ኑስ ሃዲርሲ ጊዲስ፥ ሺን ኡፋይሲ ቃንፂቦኮ።
44002013	Description	ሺን ሃራቲ፥ «ሃይሳቲ ኡዪዲ ማቲዶሶና» ያጊዲ ቄልቂሲዶሶና።
66021018	Description	ካታማ ዲርሳይ ያስጲዴ ጊያ ሹቻን ዲሬቲስ። ካታማይ ማስቶቴዳ ጶሊያ ጌሻ ዎርቃን ኦሴቲስ።
66015006	Description	ላፑን ቦሻታ ኦይኪዳ ላፑን ኪታንቾቲ ፆሳ ኬፌ ኬዪዶሶና። ኤንቲ ጌሺኔ ጶሊያ ሊኖ ማዖ ማዒዶሶና፤ ባንታ ቲራን ዎርቃ ዳንጮ ዳንጪዶሶና።
45012014	Recommendation	ሂንቴና ጎዴይሳታ ኣንጂቴ፤ ኣንጂቴፔ ኣቲን ባዶፊቴ።
66001015	Description	ኢያ ቶሆይ ታማን ሴሪዲ ዞዒዳ ናሴ ቢራታ ዳኔስ፤ ኢያ ጊርሳይካ ጊታ ሻፋ ኮሺንቻ ሜላ።
43017026	Grace	ኔኒ ታና ሲቂዳ ሲቆይ ኤንታናን ዳና ሜላ፥ ቃሲ ታኒ ኤንታናን ጊዳና ሜላ፥ ታኒ ኔ ሱን ኤንታ ኤሪሳስ፤ ሲንስካ ኤሪሳና» ያጊስ።
45008032	Grace	ኢ ሃሪ ኣቶሺን፥ ባ ናዓስ ቃቶናሺን፥ ኑ ጊሾ ኣ ኢሚስ። ያቲን፥ ባ ናዓ ኑስ ኣ ኢሚዳይሲ ዋኒዲ ኡባባ ጮ ኢሜኔ?
65001018	Sin	ኤንቲ፥ «ዉርሴ ዎዲያን፥ ባንታ ኣሙዋ ካሊዲ ቶቼይሳቲ ያና» ያጊዶሶና።
45011018	Recommendation	ሂዛ፥ ሂንቴ ታሼዳ ካሬቲ ዎዳ ኣይሁዴታ ቦላ ኦቶርቶፊቴ። ሂንቴ ኦቶርቲያባ ጊዲኮ፥ ፃጶይ ሂንቴና ቶኬሲፔ ኣቲን ሂንቴ ፃጱዋ ቶኮናይሳ ኣኬኪቴ።
47001024	Faith	ሂንቴ፥ ሂንቴ ኣማኑዋን ሚኒዲ ዴዒያ ጊሾ ኑ ሂንቴና ኡፋይሳናው ሂንቴራ ኢሲፌ ኦይሳታፔ ኣቲን ሂንቴና ዎልቃን ኣማንይሳታ ጊዶኮ።
43011001	Description	ቢታኒያ ጉታን ኣላዛራ ጊያ ኢሲ ኣዴይ ሃርጌቲስ። ቢታኔይ ማይራማኔ ኢ ሚቺያ ማርታ ዴዒያ ጉታ።
52004008	Sin	ሄሳ ጊሾ፥ ሃ ቲሚርቲያ ኢፂያ ኦኒካ ሂንቴው ጌሻ ኣያና ኢሚያ ፆሳ ኢፄስፔ ኣቲን ኣሴ ጊዴና።
62004002	Faith	ፆሳ ኣያና ጊዴይሳ ሂንቴ ሃይሳን ኤራና፤ «ዬሱስ ኪሪስቶሲ ኣሴ ጊዲዲ ዪዳይሳ ማርካታይስ» ጊያ ኣያና ኡባይ ፆሳፌ ዬስ።
65001008	Sin	ሄሳዳካ፥ ሃ ኣሙሃንቾቲ ባንታ ኣሳቴ ቱኒሶሶና፤ ማታ ኣዋታ ካሶና፤ ሳሎ ሜቴታ ጫዮሶና።
60003011	Recommendation	ኢታባ ኦይሳ ኣጊዲ ሎዖባ ኦ፤ ሳሮቴካ ኬሂ ኮዮኔ ካሎ።
51001023	Faith	ሂንቴ፥ ሂንቴ ኣማኑዋን ቃፆና ሚኒዲኔ ፃጲዲ ዳናው ቤሴስ። ሂንቴ ዎንጌላ ቃላ ሲዒዳ ዎዴ ኤኪዳ ኡፋይሳ ሚን ኦይኪቴ። ሄ ዎንጌላይ ሂንቴ ሲዒዳይሳኔ ቢታ ኡባን ሳባኬቲዳይሳ። ታ፥ ጳዉሎሲካ ሃ ዎንጌላስ ኦሳንቾ ጊዳስ።
43008059	Violence	ሄሳ ጊሾ፥ ኤንቲ ዬሱሳ ጫዳናው ሹቺ ኤኪዶሶና። ሺን ዬሱሲ ኤንታፌ ጌሚዲ ፆሳ ኬፌ ኬዪዲ ቢስ።
49004024	Recommendation	ቱማ ፂሎቴኒኔ ጌሻቴን ፆሳ ሌሚሶን ሜቲዳ ኦራ ኣሳቴ ማዒቴ።
66014012	Faith	ፆሳ ኪታ ናጌይሳቲኔ ዬሱሳ ኣማኔቴይሳቲ ጌንጪያ ሚኖቴይ ቆንጪያ ዎዴይ ሄሳ።
44013030	Description	ሺን ፆሳይ ሃይቆፔ ዬሱሳ ዴንስ።
43010011	Description	«ታኒ ሎዖ ሄንንቾ፤ ሎዖ ሄንንቾይ ባ ዶርሳታ ጊሾ ባ ሼምፑዋ ኣ ኢሜስ።
49003002	Grace	ታ ሂንቴና ማዳና ሜላ ፆሳይ ባ ኣ ኬሃቴን ታው ኢሚዳ ሃ ኦሱዋባ ሂንቴ ሎይ ሲዒዴታ።
56003010	Recommendation	ሻሆቴ ሜያ ኡራ ኮይሮ ዞራ፤ ናምዓን ሃንቄታ ሄሳፌ ጉዬ ኢያፔ ሃካ።
43010019	Description	ሄሳ ኢ ጊዳ ጊሾ ኣይሁዴታ ጊዶን ቃሲካ ሻኬቴ ሜቲስ።
43003033	Faith	ኢያ ማርካቴ ኤኪያ ኦኒካ ፆሳይ ቱማ ጊዴይሳ ቆንጪሴስ።
61003014	Recommendation	ሄሳ ጊሾ፥ ታ ሲቆ ኢሻቶ፥ ኑ ሄ ጋላሳ ናጊያ ጊሾ ፖኮይኔ ቦሬይ ባይናይሳታ ጊዲዲ፥ ጎዳራ ሳሮን ዳናው ሚኒቴ።
53003001	Faith	ዉርሴን ኑ ኢሻቶ፥ ጎዳ ቃላይ ሂንቴ ጊዶን ኤሌሲዲ ዳልጋናዳኔ ቦንቼታናዳ ኑስ ዎሲቴ።
47004014	Faith	ጎዳ ዬሱሳ ሃይቆፔ ዴንዳ ፆሳይ፥ ኑናካ ዬሱሳራ ሃይቆፔ ዴንናይሳኔ ሂንቴራ ኢሲፌ ባ ሲን ሺሻናይሳ ኤሮስ።
59005014	Recommendation	ሂንቴፌ ሃርጌቲያ ኦኒካ ዴዒኮ ዎሳ ኬ ጪማታ ፄጎ። ኤንቲ ጎዳ ሱንን ሻማሆ ዛይቴ ቲዪዲ ኢያው ፆሳ ዎሶ።
44007023	Description	«ሙሴስ ላይይ ኦይታማ ኩሚዳ ዎዴ ባ ኢሻታ፥ ኢስራዔሌታ ቤዓናው ባ ዎዛናን ቆፒስ።
44023027	Violence	ኣይሁዴቲ ሃ ኡራ ኦይኪዲ ዎና ሃኒሺን፥ ኢ ሮሜ ቢታ ኣሲ ጊዶይሳ ኤራዳ ዎታዳሬታራ ጋካዳ ኢያ ኣሻስ።
44019029	Description	ሄ ዋሶይ ካታማ ኡባ ጋኪስ። ጳዉሎሳራ ሃሙቲያ ማቄዶኒያ ኣሳታ፥ ጋዮሳኔ ኣርስፂሮኮሳ ኦይኪዲ ጎቺሼ ካሳ ቤሳ ዎፂዶሶና።
44003014	Sin	ሂንቴ ጌሻኔ ፂሉዋ፥ ‹ኑኒ ኢያ ኤሮኮ› ጊዲ፥ ሼምፖ ዎዳይሳ ሂንቴው ቢላና ሜላ ጲላፆሳ ዎሲዴታ።
44015009	Faith	ኣማኖን ኤንታ ዎዛና ጌሺዳ ጊሾ ኑ ጊዶኒኔ ኤንታ ጊዶን ዱማቴ ዎቤና።
46011028	Recommendation	ሺን ኣሲ ባና ፓጮ። ያቲዲ ኡይ ሞ፤ ፁዓፔካ ኡዮ።
46015058	Faith	ሄሳ ጊሾ፥ ታ ሲቆ ኢሻቶ፥ ቃፆና ሚኒዲ ኤቂቴ። ጎዳ ኦሱዋን ሂንቴ ዳቡሬይሲ ጮ ጊዶናይሳ ኤሪዲ ኡባ ዎዴ ጎዳ ኦሱዋ ኣዛሎና ኦቴ።
46004016	Recommendation	ሂዛ፥ ሂንቴ ታና ሌሚሶ ኦዲ ካላና ሜላ ሂንቴና ዎሳይስ።
46001021	Faith	ሃ ሳዓ ኣሳይ ባንታ ጪንጫቴን ፆሳ ኤሮና ሜላ ባ ጪንጫቴን ዲጊዲ፥ ኤያቴን ታይቤቲያ፥ ኑኒ ኦዲያ ቃላን ኣማኔይሳታ ኣሻናው ፆሳ ሼኔ ጊዲስ።
60003001	Recommendation	-
47005020	Recommendation	ፆሳይ ኣሳ ኑ ባጋራ ፄጊያ ጊሾ ኑ ኪሪስቶሳን ኪቴቲዲ ኣሳ ፆሳራ ሲጌቲቴ ጊዲ ኪሪስቶሳ ጊሾ ዎሶስ።
44002024	Description	ሺን ፆሳይ ሃይቆ ዎልቃ ዲጊዲ ኢያ ዴንስ። ሄሳ ጊሾ፥ ሃይቆይ ኢያ ኦይካናው ዳንዳዒቤና።
59002007	Sin	ሂንቴ ፄጌቲዳ ሎዖ ጎዳ ሱን ጫዬይሳቲ ኤንታ ጊዶኮናዬ?
54003003	Description	ማቶናይሳ፥ ኦዬቶናይሳ፥ ፓላሞናይሳ፥ ሚሼ ሲቆናይሳ፥
43004014	Grace	ሺን ታኒ ኢማና ሃ ኡያ ኦኒካ ኡባካ ሳሞቴና። ታኒ ኢማና ሃይ ኢያ ጊዶን ሜሪና ዴዖ ኢሚያ ጎጊያ ፑልቶ ጊዳና» ያጊስ።
62002005	Faith	ሺን ኢያ ቃላስ ኑ ኪቴቲያባ ጊዲኮ ሄ ኡራይ ፆሳ ሲቂያ ሲቆይ ፖሎ ጊዴስ። ኑኒ ፆሳን ዴዔይሳስ ሄሲ ባው ቱማ ማርካ።
66016013	Description	ሄሳፌ ጉዬ፥ ሾ ዳኒያ ሄ ቱና ኣያናቲ ዳዊያ ዶናፔ፥ ዶዓ ዶናፔኔ ዎርዶ ናቢያ ዶናፔ ኬዪሺን ቤዓስ።
59002008	Recommendation	ሺን ጌሻ ማፃፋን፥ «ኣሴ ኡባ ኔና ኔ ዶሴይሳዳ ዶሳ» ጌቴቲዲ ፃፌቲዳ ፆሳ ካዎቴ ሂጊያ ሂንቴ ፖሊኮ ሎዖ ኦታ።
47004005	Faith	ኑኒ፥ ዬሱስ ኪሪስቶሲ ጎዳ ጊዴይሳኔ ኑ ኢያ ጊሾ ሂንቴ ኦሳንቾ ጊዴይሳ ኦዶሲፔ ኣቲን ኑባ ኦዶኮ።
46015033	Recommendation	ጪሜቶፊቴ! ኢታ ላጌቴ ሎዖ ኣማሊያ ኢሴስ።
58013020	Grace	ሳሮቴ ፆሳይ፥ ዶርሳ ሄሚያ ኑ ጎዳ ዬሱሳ፥ ባ ሜሪና ጫቆ ሱን ሃይቆፔ ዴንዳይሲ፥
50001027	Recommendation	ኡባፌ ኣዲ፥ ሂንቴ ኪሪስቶሳ ዎንጌላስ ቦንቾ ኤሂያ ዴዖ ዴዒቴ። ታ ሂንቴና ቤዒን ዎይኮ ቤዖና ኢፂን ሂንቴ ኢሲ ቆፋን ሚኒዲ ኤቂዲ፥ ሃራቲ ዎንጌላን ኣማናና ሜላ ኢሲ ዎዛናን ጊዲዲ ኢሲፌ ባፄቴይሳ ታ ሲዓና።
46006014	Grace	ፆሳይ ጎዳ ሃይቆፔ ዴንዳይሳዳ፥ ኑናካ ሃይቆፔ ባ ዎልቃን ዴንና።
55001006	Recommendation	ሄሳ ጊሾ፥ ታኒ ታ ኩሺያ ኔ ቦላ ዎዳ ዎዴ ፆሳይ ኔው ኢሚዳ ኢሞታ ኔኒ ዛራ ኤና ሜላ ኣኬኪሳይስ።
60004006	Grace	ሃይቂዳ ኣሳስ ዎንጌላይ ሳባኬቲዳይ ሃይሳ ጊሾሳ። ኤንቲ ኣሳ ባንታ ኣሹዋን ፒርዴታና ቃሲ ባንታ ኣያናን ፆሳ ዴዖን ዳና።
46007023	Recommendation	ፆሳይ ሂንቴና ጋቴን ሻሚዳ ጊሾ ኣሳ ኣይሌ ጊዶፒቴ።
46010010	Recommendation	ኤንታፌ ኢሶቲ ኢሶቲ ዙዙሚዲ ሃይቆ ኤሂያ ኪታንቹዋን ዪዳይሳዳ ሂንቴካ ዙዙሞፊቴ።
47002017	Faith	ኑኒ ፆሳ ቃላ ዎ ዴማናው ኮዪዲ ዋላኪዲ ዛልዒያ ዳሮ ኣሳ ሜላ ጊዶኮ። ሺን ፆሳይ ኪቲዳ ሱሬ ኣሳታ ሜላ ኪሪስቶሳን ዴዒዲ ፆሳ ሲንን ቃላ ኦዶስ።
45015001	Recommendation	ኑኒ ኣማኖን ሚኒዳይሳቲ ዳቡራንቾታ ቶሁዋ ቶካናው ቤሴስ። ኑኒ ኑና ኡፋይሳናው ቤሴና።
50002024	Faith	ታኒ፥ ታ ሁዔን ማታ ዎዴን ሂንቴኮ ባናይሳ ጎዳን ኣማኔታይስ።
66007001	Description	ሄሳፌ ጉዬ፥ ኦይዱ ኪታንቾቲ ኦይዱ ሳዓ ጋፃን ኤቂዳይሳታ ቤዓስ። ሄ ኪታንቾቲ ሳዓ ቦላ ዎይኮ ኣባ ቦላ ዎይኮ ኣይ ሚ ቦላ ጫርኮይ ኦይዱ ሳዓ ጋፃፔ ጫርኮና ሜላ ቴቂዶሶና።
60004003	Sin	ካሴ ሂንቴ ኣማኖና ኣሳይ ዴዒዳይሳዳ ዴዒዴታ። ሂንቴ ኢታ ኣሞን፥ ላይማቴን፥ ማን፥ ቱናቴ ዴንያ ዬን፥ ፖኪያ ኤቃ ጎይኖን ካሴ ዴዒዳ ዱሳይ ጊዳና።
66011005	Violence	ኦኒካ ኤንታ ቆሃናው ኮይኮ ኤንታ ዶናፔ ታሚ ኬዪዲ፥ ኤንታ ሞርኬታ ይሴስ። ኤንታ ቆሃናው ኮያ ኦኒካ ሄሳዳ ሃይቃና።
44023005	Recommendation	ጳዉሎሲ፥ «ታ ኢሻቶ፥ ኢ ካሂኔ ሃላቃ ጊዲዳይሳ ታኒ ኤራቢኬ፤ ኣይስ ጊኮ ፆሳ ቃላን፥ ‹ኔ ዴሪያ ኣይሴይሳ ቦላ ኢታ ቃላ ሃሳዮፓ› ጌቴቲ ፃፌቲስ» ያጊስ።
66022015	Sin	ሺን ካናቲ፥ ቢቴይሳቲ፥ ላይማቴይሳቲ፥ ሼምፖ ዎይሳቲ፥ ኤቃ ጎይኔይሳቲ፥ ዎርዶ ዶሴይሳቲኔ ኦይሳቲ ካሬን ዴዖሶና።
66002014	Sin	ጊዶሺን፥ ታ ኔና ቦሪያ ጉባቲ ዴዖሶና። ሄሲካ ኢስራዔሌ ኣሳይ ኤቃስ ያርሼቲዳ ካ ሚዲ ቱናና ሜላኔ ላይማቴ ናጋራ ኦና ሜላ ባላቃ ታማርሲዳ ባላማ ቲሚርቲያ ኤኪዳ ኢሲ ኢሲ ኣሳቲ ኔራ ዴዖሶና።
53001003	Faith	ኑ ኢሻቶ፥ ሂንቴ ኣማኖይኔ ሂንቴ ኢሶይ ኢሱዋኔ ሃራታ ሲቂያ ሲቆይ ዳሮ ዲጪያ ጊሾ ኑኒ ሄሳስ ፆሳ ኡባ ዎዴ ጋላታናው ቤሴስ።
46012002	Sin	ሂንቴ ፆሳ ኣማኖና ዎዴ ዶኒ ባይና ኤቃታን ጎሼቲዲ፥ ሂንቴ ኤሮና ሶ ቢዳይሳ ኤሬታ።
49005025	Recommendation	ኣዚናቶ፥ ኪሪስቶሲ ዎሳ ኬ ዶሲዲ ባና ኢው ኢሚዳይሳዳ ሂንቴካ ሂንቴ ማቼታ ዶሲቴ።
45012017	Recommendation	ኦኒካ ሂንቴው ኢታባ ኦኮ፥ ሄ ኡራስ ኢታ ዛሮፒቴ። ኣሳ ኡባ ሲንን ናሺሲያ ሎዖ ኦሶ ኦቴ።
60005006	Recommendation	ፆሳይ ባ ዎዴ ሂንቴና ቦንቻና ሜላ ዎልቃማ ፆሳ ኩሺያፔ ጋርሳን ሂንቴና ካዉሺቴ።
44014017	Grace	ሺን ኢራ ሳሉዋፔ ቡኪሲስ፥ ካካ ዎዴን ዎዴን ኢሚስ፥ ካ ኢሚዲ ሂንቴና ዳሮ ኡፋይሲስ፥ ያቲዲ ሂንቴው ሎዖባ ኦዲ ባው ማርካ ይሲቤና» ያጊዶሶና።
54003011	Recommendation	ሄሳዳካ፥ ኤንታ ማጫሳቲ ቦንቼቲዳይሳታ፥ ዚጊሮናይሳታ፥ ማራን ዴዔይሳታ፥ ኡባባን ኣማኔቴይሳታ ጊዳናው ቤሴስ።
66002021	Sin	ኢያ ባ ናጋራፔ ሲማና ሜላ ታ ኢው ዎዴ ኢማስ፥ ሺን ኢያ ሲማናው ኮያቡኩ።
44012020	Description	ሄሮዲሲ ፂሮሳ ኣሳ ቦላኔ ሲዶና ኣሳ ቦላ ዳሮ ሃንቄቲስ። ኤንታ ቢታይ ካ ሄሮዲሳ ቢታፌ ዴሚያ ጊሾ ኤንቲ ኢሲፌ ጊዲዲ ኢያ ሞሪና ቢላስፆሳ ባንታው ጪማ ኦዲ ጊጋናው ሄሮዲሳኮ ቢዶሶና።
43008049	Sin	ዬሱሲ ኤንታኮ «ታ ቦላ ቱና ኣያኒ ባዋ። ታኒ ታ ኣዋ ቦንቻይስ፥ ሺን ሂንቴ ታና ካዉሼታ።
43006018	Description	ዎልቃማ ጫርኮይ ጫርኪዳ ጊሾ ኣባይ ቃፄስ።
45008018	Faith	ኑኒ ሃዒ ዋዬቲያ ዋያ፥ ሲንፌ ኑስ ቆንጫና ቦንቹዋራ ጋ ቤዒኮ፥ ጊኒሳናው ዳንዳዔቴና ጋዳ ቆፓይስ።
62002012	Grace	ታ ናይቶ፥ ኪሪስቶሳ ሱን ባጋራ ሂንቴ ናጋራይ ኣቶ ጌቴቲዳ ጊሾ ታኒ ሂንቴው ፃፋይስ።
55001009	Grace	ፆሳይ ባ ሼኔኒኔ ባ ኣ ኬሃቴን ኑና ኣሺዲ፥ ባ ጌሻ ዴሬ ኦናው ኑና ዶሪስፔ ኣቲን ኑኒ ኦዳ ኦሱዋ ጊሾ ጊዴና። ሃ ኣ ኬሃቴ ኪሪስቶስ ዬሱሳ ባጋራ ኣላሜይ ሜታናፔ ሲን ኑስ ኢሚስ።
43019006	Violence	ካሂኔ ሃላቃቲኔ ፆሳ ኬ ናጌይሳቲ ኢያ ቤዒዳ ዎዴ ባንታ ቃላ ቁ ኦዲ፥ «ማስቃሊያ ቦላ ካቃ! ካቃ!» ያጊዶሶና። ጲላፆሲ ኤንታኮ፥ «ሂንቴ ኢያ ኤፊዲ፥ ማስቃሊያ ቦላ ካቂቴ። ታኒ ኢያፔ ኣይ ኢታካ ዴማቢኬ» ያጊስ።
60001010	Grace	ኣ ኬሃቴ ባጋራ ሂንቴው ጊጊዳ ሃ ኣቶቴባ ናቤቲ ኤራናው ጊታ ኮሻኒኔ ናጎን ኮዪዶሶና።
63001007	Sin	ዬሱስ ኪሪስቶሲ ኣሴ ጊዲዲ ዪዳይሳ ኣማኖና፥ ዳሮ ባሌያ ኣሳቲ፥ ኣላሜን ዴንዲዶሶና። ሄሳ ሜላ ኣሲ ኦኒካ ባሌይሳኔ ኪሪስቶሳ ሞርኬ።
44024005	Sin	ሃ ኡራይ ቤ ጊዲዲ ቢታ ኡባን ዴዒያ ኣይሁዴታ ጊዶን ቡቄ ሜዲ ናዚራዌታ ባጋ ኣሳ ካሌይሳ ጊዶይሳ ኤሪዳ።
54003016	Grace	ኑ ኣማኑዋ ፁራይ ሲይ ባይና ጊታ። ኪሪስቶሲ ኣሾ ማዒዲ ቆንጪስ፤ ኢያ ቱማቴ ጌሻ ኣያናይ ማርካቲስ። ኪታንቾታስ ቤንቲስ፤ ኢ ካዎቴ ኡባስ ሳባኬቲስ። ኣላሜን ዴዒያ ኣሳን ኣማኔቲስ፤ ቦንቾን ሳሎ ኤኬቲስ።
66016021	Violence	ኣሳ ቦላ ኦይታማኔ ኢቻሹ ኪሎ ጊራሜ ሜላ ዴፂያ ዎልቃማ ሻቺ ሳሎፔ ቡኪስ። ቦሻይ ዳሮ ኢታ ጊዲያ ጊሾ ኣሳይ ሻቻ ቦሻ ጊሾ ፆሳ ባዲዶሶና።
61003013	Faith	ሺን ኑኒ ፂሎቴ ሃሪያ ኦራ ሳሎኔ ኦራ ሳዓ ፆሳ ኡፋይሳ ቃላዳ ናጎስ።
66006014	Description	ሳሎይ ፃ ማፃፋዳ ፃፄቲዲ ኣስ፤ ዙማይኔ ኣባን ቴቄቲዳ ቢታቲ ባንታ ቤሳፌ ዪዶሶና።
58010010	Grace	ዬሱስ ኪሪስቶሲ ፆሳ ሼኒያ ኦዲ፥ ዛሬና ኦጌን ኢሲ ቶሆ ባ ኣሹዋ ያርሺዳ ጊሾ ኑኒ ጌዪዳ።
52001002	Faith	ኑኒ ፆሳ ዎሲያ ዎዴ ኡባን ሂንቴና ቆፒሼ ሂንቴ ጊሾ ኡባ ዎዴ ፆሳ ጋላቶስ።
66006004	Violence	ቃሲ ሃራ ሲሃ ዞዖ ፓሪ ኬዪስ። ሄ ፓራ ቶጊዳይሳስ ሳዓፔ ሳሮ ይሳና ሜላኔ ኣሳይ ዎሊ ዉርሳና ሜላ ማቲኔ ጊታ ማሺ ኢሜቲስ።
54006001	Recommendation	ፆሳ ሱንይኔ ኑ ቲሚርቴይ ጫዬቶና ሜላ ኣይሌቴን ዴዔይሳቲ ባንታና ሃሪያ ጎዳታ ቦንቾ።
51003009	Recommendation	ጬጋ ኣሳቴ ኢያ ኦሱዋራ ሂንቴፌ ቃሪዳ ጊሾ ኢሶይ ኢሱዋስ ዎርዶቶፒቴ።
66002020	Sin	ጊዶሺን፥ ታ ኔና ቦሪያ ኢሲባይ ዴዔስ፤ ባና ናቤ ጊያ ማጫሲው፥ ኤልዛቤሎ፥ ኣይኮካ ጋባካ። ሄ ማጫሲያ ኤቃስ ያርሼቲዳ ካ ሚዲ ቱናናዳኔ ላይማታናዳ ኦዳ ታ ኣይሌታ ባሌሱ።
48003008	Grace	ፆሳይ ኣይሁዴ ጊዶና ኣሳ ኣማኖን ፂሊሳናይሳ ጌሻ ማፃፋይ ቤዒዲ፥ «ካዎቴ ኡባይ ኔናን ኣንጄታና» ያጊዲ፥ ዎንጌላ ኣብራሃሜስ ካሴቲዲ ኦዲስ።
58012005	Recommendation	ፆሳይ ባ ቃላን፥ ባ ናይታዳ ሂንቴና ዞሪዳይሳ ዶጊዴታ። «ታ ናዓው፥ ፆሳ ሴራ ሌቆፋ፤ ኢ ኔና ሴሪያ ዎዴ ኡፋይሲ ቃንፆፋ።
58013017	Recommendation	ሂንቴና ካሌይሳታስ ኪቴቲቴ፤ ኤንቲ ጊያባ ኦቴ። ኤንቲ ባንታ ኦያባስ ፆሳ ሲንን ኦይሼታናው ዴዒያ ጊሾ ሂንቴና ሄሞሶና። ሂንቴ ኤንታው ኪቴቲኮ፥ ባንታ ኦሱዋ ኡፋይቲዲ ኦና፤ ሄሲ ሃኖና ኢፂኮ፥ ኤንቲ ኣዛኒሼ ኦና፤ ሄሲ ሂንቴና ኣይቢባካ ማዴና።
44013019	Description	ካናኔ ቢታን ኣይሁዴ ጊዶና ላፑን ካዎቴታ ዲጊዲ ኤንታ ቢታ ባ ኣሳ ላቲሲስ።
54006003	Faith	ኦኒካ ዱማ ቲሚርቲያ ታማርሲያባ ጊዲኮ፥ ኑ ጎዳ ዬሱስ ኪሪስቶሳ ቱማ ቃላራኔ ኑ ኣማኑዋ ቲሚርቲያራ ጋሄቴና።
63001010	Recommendation	ኦኒካ ሂንቴኮ ዪሼ ሃ ቲሚርቲያ ኤሆና ኢፂኮ፥ ሂንቴ ሶ ጌልሶፊቴ፤ ሳሮካ ጎፒቴ።
47001005	Grace	ኑኒ ኪሪስቶሳ ዳሮ ዋያ ሻኬቲዳይሳዳ ቃሲ ኑኒ ኢያ ዳሮ ሚንዋን ሚናና።
65001011	Sin	ኤንታና ኣዬ! ኤንቲ ቃዔላ ኦጊያን ቢዶሶና። ሚሼ ኮዪዲ ባላማ ባላን ኩንዲዶሶና። ቆሬይ ፆሳ ቦላ ዴንዲዳይሳዳ ኤንቲ ፆሳ ቦላ ዴንዲዲ ዪዶሶና።
65001010	Sin	ሺን ሃ ኣሳቲ ባንታው ኤሮናባ ኡባ ጫዮሶና፤ ቃሲ ኤንቲ ዎዛኒ ባይና ሜሄዳ ሜን ኤሪያ ኤራይ፥ ኢ ኤንታና ይሳና።
58011007	Faith	ኖሄይ ቡሮ ቤንቶናባስ ፆሳይ ኢያው ኦዲዳ ዎዴ ፆሳስ ያዪዲ፥ ባናኔ ባ ሶ ኣሳ ኣሻናው ኣማኖን ማርካቤ ኬፂስ። ያቲዲ ባ ኣማኑዋን ኣላሚያ ፒርዲዲ፥ ኣማኖን ቤንቲያ ፂሎቴ ፆሳፌ ኤኪስ።
58009006	Description	ሃ ኡባይ ሃይሳዳ ጊጊዳፔ ጉዬ፥ ካሂኔቲ ኡባ ዎዴ ባንታ ኦሱዋ ኦናው ዱንካኒያስ ኮይሮ ኪፊሊያ ጌሎሶና።
44007051	Sin	«ሂንቴ ዋኒዳ ሲዖና ኣሴ? ሂንቴ ዎዛናይ ፆሳ ቃላ ኤካናው ኣይስ ኢፂዴ? ሂንቴ ሃይይ ኣይስ ቱሊዴ? ሂንቴ፥ ሂንቴ ኣዋታ ኡባ ዎዴ ጌሻ ኣያናራ ኤቄቴታ።
54001009	Sin	ኢሲባ ኣኬካናው ኮሼስ። ሂጌይ ሎዖ ኣሳስ ሜቲቤና። ሺን ሂጌይ፥ ሂጌ ሜንይሳታ፥ ዎራንታ፥ ፆሴ ያዮናይሳታ፥ ሼምፖ ዎይሳታ፥ ናጋራንቾታ፥ ጌሻቴ ባይናይሳታ፥ ቱናታ፥ ሃሪ ኣቶሺን ባንታ ኣዪው ዎይኮ ኣዋ ዎይሳታ፥
46005009	Recommendation	ታ ካሴ ፃፊዳ ዳብዳቢያን ሂንቴ ላይማቲያ ኣሳራ ጋሄቶና ሜላ ሂንቴው ኦዳስ።
48001015	Grace	ሺን ታ ቡሮ ታ ኣዬ ኡሎን ዴዒሺን ፆሳይ ታና ዶሪስ፤ ባ ኣ ኬሃቴን ታና ፄጊስ።
45007015	Description	ታኒ ኦያባ ኣኬኪኬ፤ ታኒ ዶሲያባ ኦናይሳ ኣጋዳ ታ ኢፂያባ ኦይስ።
61003018	Faith	ሺን ሂንቴ ኑና ኣሺያ ኑ ጎዳ፥ ዬሱስ ኪሪስቶሳ ኣ ኬሃቴኒኔ ኤራቴን ዲጪቴ። ኢያው ሃዒካ ሜሪናዉካ ቦንቾይ ጊዶ። ኣሚንዒ።
46004010	Description	ኑኒ ኪሪስቶሳ ጊሾ ኤያ ጊዲዳ፥ ሺን ሂንቴ ኪሪስቶሳን ጪንጫታ ጊዲዴታ። ኑኒ ዳቡራንቾ፥ ሺን ሂንቴ ሚኖ ጊዲዴታ። ሂንቴ ቦንቼቲዴታ፥ ሺን ኑኒ ቶሼቲዳ።
60005009	Faith	ኣላሜን ዴዒያ ሂንቴ ኢሻቲ ሄሳዳ ዋዬ ኤኬይሳ ኤሪዲ፥ ኣማኖን ሚኒዲ፥ ፃላሂያራ ኤቄቲቴ።
51003022	Recommendation	ኣይሌቶ፥ ሳዓን ሂንቴው ጎዳ ጊዲዳይሳታስ ኡባባን ኪቴቲቴ። ጎዳ ቦንቺሼ ሱሬ ዎዛናፔ ኪቴቲዲ ኤንታ ኡፋይሲቴፔ ኣቲን ኣሲ ቤዖ ጊዲ ኦፊቴ።
66017012	Description	ኔኒ ቤዒዳ ታሙ ካጬቲ ሃሮ ዶሚቦና ታሙ ካዎታ። ሺን ኤንቲ ዶዓራ ኢሲፌ ኢሲ ሳቴ ካዎቲዲ ሃራናው ኤንታው ማቲ ኢሜታና።
46002012	Grace	ፆሳይ ኑስ ጮ ኢሚዳባ ኑ ኤራና ሜላ ፆሳ ኣያና ኤኪዳፔ ኣቲን ሃ ሳዓ ኣያና ኤኪቦኮ።
59005001	Recommendation	ሂንቴኖ፥ ዱሬቶ፥ ሂንቴ ቦላ ኢታ ሜቶይ ያ ጊሾ ዬኪቴኔ ዜሌሊቴ።
66002010	Recommendation	ኔኒ ኤካናው ዴዒያ ዋያ ባቦፋ። ፃላሄይ ሂንቴፌ ኢሶታ ኢሶታ ፓጫናው ቃሾ ኬን ዬጋና፤ ታሙ ጋላስ ጋካናው ሂንቴ ዋዬታና። ሃይቃና ጋካናው ኣማኔቲዳይሳ ጊዳ፤ ታ ኔው ዴዖ ካላቻ ኢማና።
54006011	Recommendation	ሺን ኔኖ፥ ፆሳ ኣሶ፥ ሄሳፌ ባቃታ። ፂሎቴ፥ ፆሳ ዳኖ፥ ኣማኖ፥ ሲቆ፥ ዳንዳዓኔ ኣሽኬቴ ካላ።
59005005	Sin	ሃ ሳዓን ሂንቴ ኡሎ ፃላላስ ቆፒዲ፥ ኢንጄን ዴዒዴታ። ሹካስ ጊጌቲዳ ሜሄዳ ሂንቴና ኪዴታ።
66004004	Description	ሄ ኣራታ ዩሹዋን ላታማኔ ኦይዱ ኣራታቲ ዴዖሶና፤ ኤንታ ቦላ ቦ ማዖ ማዒዲ፥ ሁዔን ዎርቃ ካላቻ ዎዳ ላታማኔ ኦይዱ ጪማቲ ኡቲዶሶና።
66018007	Description	ኢያ ቦንቼቲዳይሳዳኔ ኢው ኢንጄቲዳይሳ ሜላ፥ ኢዮ ሜቶቴኔ ካዮዪቴ። ኢያ ባ ዎዛናን፥ ‹ታኒ ካዌዳ ኡታስ፤ ታ ኣዚኒ ባይና ማጫስ ጊዲኬ፤ ታኒ ኡባካ ካዮቲኬ› ያጋሱ።
60003007	Recommendation	ኣዚናቶ፥ ሂንቴ ማቼቲ ሂንቴፌ ዳቡራንቾ ሜታ ጊዴይሳ ኤሪዲ፥ ኤንታና ቦንቺቴ፤ ሂንቴ ዎሳ ቦና ሜላ ፆሳይ ኢሚዳ ዴዑዋ ኤንቲ ሂንቴራ ኢሲፌ ላቲያ ጊሾ ኤንታ ቦንቺቴ።
54002012	Recommendation	ታኒ ማጫሳይ ታማርሳና ሜላ ዎይኮ ኣዴ ቦላ ኣዋታና ሜላ ጊዶናሺን ሲዒ ጊዲ ዳና ሜላ ኮያይስ።
46001009	Faith	ባ ናዓ፥ ኑ ጎዳ ዬሱስ ኪሪስቶሳራ ኢሲፌቴይ ዳና ሜላ ሂንቴና ፄጊዳ ፆሳይ ኣማኔቲዳይሳ።
48005013	Recommendation	ታ ኢሻቶ፥ ሂንቴ ላዓ ዳናው ፄጌቲዴታ። ጊዶሺን፥ ሂንቴ ላዓቴይ ኣሾ ኣሞ ፖላናው ሂንቴው ጋሶ ጊዶፖ፤ ሄሳፌ ኣዲ ኢሶይ ኢሱዋ ሲቆን ማዲቴ።
59002012	Recommendation	ኣይሌቴፌ ኬሲያ ሂጊያ ሲንን ፒርዳ ኤካናው ዴዒያ ኣሳዳ ኦዴቲቴኔ ኦቴ።
46012005	Faith	ኑ ጎዳስ ኦያ ዱማ ዱማ ኦሶቲ ዴዖሶና፥ ሺን ጎዳይ ኢሱዋ።
45009005	Description	ኤንቲ ዬሌቴን ማይዛታ ዛሬ፤ ቃሲ ኪሪስቶሲ ኣሾን ኤንታ ዛሬ ጊዲዲ ዪስ። ኡባፌ ቦላ ጊዲዳ ፆሳይ ሜሪናው ጋላቴቶ። ኣሚንዒ!
47001006	Description	ኑኒ ዋዬቲኮ ሄሲ ሂንቴና ሚንናሳኔ ሂንቴና ኣሻናሳ። ቃሲ ኑኒ ሚኔቲኮ ኑኒ ጌንጪዳ ዋያ ሜላ ሂንቴካ ጌንጪዲ፥ ፆሳይ ሂንቴው ኢሚያ ሚንዋን ሚናና።
47001021	Faith	ኑኔ ሂንቴ ኪሪስቶሳን ሚኒዲ ኤቃና ሜላ ኦዳይኔ ባ ኦሱዋስ ዶሪዳይ ፆሳ።
44010015	Recommendation	ቃሲ፥ «ፆሳይ ጌሺዳይሳ ኔኒ ቱና ጎፓ» ጊያ ቃሊ ናምዓን ኢያኮ ዪስ።
66018009	Sin	«ኢራ ላይማቲዳይሳቲኔ ኢ ሚኮቴን ዴዒዳ፥ ኣላሚያ ካዎቲ ሄ ካታሚያ ፁጌቲን ኬያ ጩያ ቤዒዳ ዎዴ ኢው ዋሲዲ ዬካና።
43014023	Faith	ዬሱሲ ዛሪዲ፥ «ታና ዶሲያ ኦኒካ ታ ቃላስ ኪቴታና። ታ ኣዋይ ኢያ ዶሳና። ቃሲ ታ ኣዋይኔ ታኒ ኢያኮ ዪዲ ኢያራ ዳና።
62004010	Grace	ቱማ ሲቆ ጉሳይ ሃይሳ፡ ኑኒ ፆሳ ሲቂዳ ጊሾ ጊዶናሺን ፆሳይ ኑና ሲቂዳ ጊሾኔ ኑ ናጋራፔ ኑና ማራናው ባ ናዓ ኪቲዳ ጊሾሳ።
62001007	Faith	ሺን ፖዖን ኢ ዴዔይሳዳ፥ ኑካ ፖዖን ዴዒኮ፥ ኑስ ዎሊ ጊዶን ኢሲፌቴ ዴዔስ። ኢያ ናዓ፥ ዬሱሳ ሱይ ናጋራ ኡባፌ ኑና ጌሼስ።
48004007	Grace	ሄሳ ጊሾ፥ ሂዛፔ ኔኒ ፆሳ ናዓፔ ኣቲን ኣይሌ ጊዳካ። ኔኒ ኢያ ናዓ ጊዲኮ፥ ፆሳ ላቴይሳ ጊዳዳሳ።
58001008	Faith	ሺን ባ ናዓባ ኦዲሼ፥ «ፆሳው፥ ኔ ካዎቴይ ሜሪናው ዴዔስ። ኔ ካዎቴ ኔ ፂሎቴን ኣይሳሳ።
43010033	Sin	ኣይሁዴቲ ዛሪዲ፥ «ኑኒ ኔና ኔ ሎዖ ኦሶ ጊሾ ሹቻን ጫዳናው ኮዮኮ። ሺን ኔኒ ፆሳ ጫያ ጊሾኔ ኣሴ ጊዳሼ ኔ ኔና ፆሴ ጊያ ጊሾሳ» ያጊዶሶና።
66014011	Description	ኤንታ ዋያ ጩያይ ሜሪ ሜሪናው ጩዪሼ ዳና። ዶዓኔ ኢያ ሚሲሊያ ጎይኔይ ቃሲ ሄ ዶዓ ሱን ማላይ ዴዒያ ኦኒካ ቃማኔ ጋላስ ሼምፖይ ባይና ካዔታና» ያጊስ።
47004001	Faith	ሂዛ፥ ፆሳይ ባ ማሮቴን ሃ ኦሱዋ ኑስ ኢሚዳ ጊሾ ኑኒ ኡፋይሲ ቃንፆኮ።
58013006	Faith	ሄሳ ጊሾ፥ ኑኒ ኣማኔቲዲ፥ «ጎዳይ ታና ማዴይሳ፤ ታ ያዪኬ፤ ኣሲ ታና ኣይ ኦኔ?» ያጎስ።
45014003	Recommendation	ኡባባ ሚያ ኣሲ ሞና ኡራ ካፖ። ኡባባ ሞና ኣሲ ሚያ ኡራ ቦላ ፒርዶፎ። ፆሳይ ኡባ ሚያ ኡራ ሺሺ ኤኪስ።
45015005	Grace	ጌንጫኔ ሚኖቴ ኢሚያ ጎዳይ ሂንቴ ኪሪስቶስ ዬሱሳ ካሊያ ዎዴ ኢሲፌቴ ሂንቴው ኢሞ።
58007027	Description	ኢ ሃንኮ ካሂኔ ሃላቃታ ሜላ ኮይሮ ባ ናጋራ ጊሾ ካሊዲ ኣሳ ናጋራ ጊሾ ጋላስ ጋላስ ያርሾ ያርሻናው ኮሼና። ኢ ባና ያርሺዳ ዎዴ ዛሬና ኦጌን ኢሲ ቶሆ ባና ያርሺስ።
62003017	Sin	ሺን ዱሬ ጊዲዳ ኦኒካ ሜቶታንቹዋ ቤዒሼ፥ ኢያው ቃቶና ኢፂኮ ባ ዎዛናን ፆሳ ሲቆይ ዴዔስ ጋናው ዋኒዲ ዳንዳዒ?
47005008	Faith	ኑ ሃ ሳዓ ኣሳቴፌ ሻኬቲዲ፥ ኑ ሶ ቢዲ ጎዳራ ኢሲፌ ዳናው ኣሞቲያ ጊሾ ኣማኔቲዲ ዴዖስ።
60002011	Recommendation	ታ ኢሻቶ፥ ሂንቴ ሃ ሳዓን ኢማኔ ቤታንቾ ጊዲዳይሳዳ ሂንቴ ሼምፑዋ ኦሊያ ኣሾ ኣሞፔ ሃካና ሜላ ታኒ ሂንቴና ዎሳይስ።
60002017	Recommendation	ኣሳ ኡባ ቦንቺቴ፤ ኣማኒያ ኣሳ ሲቂቴ፤ ፆሳ ያዪቴ፤ ካዎ ቦንቺቴ።
44007025	Description	ሙሴይ ባ ኢሻታ ባ ባጋራ ፆሳይ ኣሻናው ሃኔይሳ ኤንቲ ኣኬካና ጊዲ ቆፒስ፥ ሺን ኤንቲ ኣኬኪቦኮና።
50003002	Violence	ኢታባ ኦያ ካናታፔ፥ ቃሲ ቃፃሬታናው ኮሼስ ጊያ ኢታ ኣሳታፔ ናጌቲቴ።
56001016	Sin	ኤንቲ ኑ ፆሳ ኤሮስ ጎሶና፥ ሺን ባንታ ኦሱዋን ኢያ ካዶሶና። ኤንቲ ፆሳን ኢፄቲዳይሳታ፥ ኪቴቶናይሳታኔ ሎዖ ኦሶ ኡባስ ጊዶናይሳታ።
45010002	Faith	ኤንቲ ፆሳስ ሚሼቶሶናሺን፥ ቱማ ኤራቴን ሚሼቶናይሳ ታ ማርካታይስ።
47001004	Grace	ፆሳይ ኑስ ኢሚዳ ሚንዋን፥ ሜቶን ዴዔይሳታ ኑ ሚንና ሜላ ፆሳይ ኑና ኑ ሜቶ ኡባን ሚንስ።
55002015	Recommendation	ኔኒ ቱማ ቃላ ሱሬቴን ታማርሴይሳኔ ዬላዮና ኦሳንቾ ጊዳዳ፥ ፆሳይ ናሺያ ኣሳዳ፥ ኔናቴ ኢያው ኢማናው ሚና።
53002004	Description	ኣሲ ጎይኒያባኔ ፆሳያባ ኡባ ኢ ኢፃናኔ ባና ቁ ኦና። ሃሪ ኣቶሺን፥ ፆሳ ኬ ጌሊ ኡቲዲ፥ «ታኒ ፆሴ» ጋና።
49006004	Recommendation	ኣዋቶ፥ ሂንቴ ናይታ ጎዳ ቃላ ታማርሶኒኔ ኤንታ ካሌሶን ዲቺቴፔ ኣቲን ኤንታና ጫሚሶፒቴ።
45008037	Grace	ሺን ኑኒ፥ ኑና ሲቂዳ ኪሪስቶሳን ሃ ኡባ ፖሎ ፆኖስ።
44026014	Violence	ኑኒ ኡባይካ ሳዓን ኩንዲዳ ዎዴ ኢብራይስፄ ዶናን፥ ‹ሳዖላ፥ ሳዖላ፥ ታና ኣይስ ጎዳይ? ኔኒ ኔና ጫዲያ ፃምዓ ቃኪኮ ኔና ቆሃሳ› ያጊዲ ታው ኦዲሺን ሲዓስ።
66002009	Sin	ታኒ ኔ ዋያኔ ኔ ማንቆቴ ኤራይስ፤ ጊዶሺን ኔኒ ዱሬ። ኣይሁዴ ጊዶናሺን ባንታና ኣይሁዴ ጌይሳቲ ጫያ ጫሻ ታ ኤራይስ፥ ሺን ኤንቲ ፃላሄ ማባራን ዴዖሶና።
46013006	Faith	ሲቆይ ቱማን ኡፋይቴሲፔ ኣቲን ዎርዶን ኡፋይቴና።
59001021	Recommendation	ሄሳ ጊሾ፥ ቱና ሃኖታኔ ኢታቴ ኡባ ዲጊዲ፥ ፆሳይ ሂንቴ ዎዛናን ቶኪዳ ሂንቴ ሼምፑዋ ኣሻናው ዳንዳዒያ ቃላ ኣዳቴን ኤኪቴ።
46003006	Grace	ታ ቶካስ፤ ኣጲሎሲ ሃ ኡሺስ፥ ሺን ዲቼይ ፆሳ።
66014008	Sin	ኮይሮይሳ ካሊዲ ሃራ ናምዓን ኪታንቾይ፥ «ዴሬ ኡባ ቱናኔ ማያ ዎይኔ ኡሺዳ፥ ጊታ ባቢሎኔይ ኩንዳሱ! ኩንዳሱ!» ያጊዲ ዋሲስ።
43015014	Recommendation	ታኒ ሂንቴና ኪቲዳባ ኡባ ኦኮ ሂንቴ ዶሴቲዳይሳታ።
62005021	Recommendation	ታ ናይቶ፥ ኤቃታፔ ሂንቴ ሃኪቴ።
55003006	Sin	ኤንታፌ ኢሶቲ ኢሶቲ ኣሳ ኬ ጌሊዲ ናጋራን ኦይኬቲዳይሳታኔ ዱማ ዱማ ኣሞን ሱጌቲያ ዳቡራንቾ ማጫሳታ ቦላ ጎዳቶሶና።
49004015	Faith	ሺን ኑኒ ቱማ ሲቆን ኦዲሼ ኣሳቴስ ሁዔ ጊዲያ ኪሪስቶሳራ ዴዒያ ኢሲፌቴ ጉጂ ጉጂ ዲቾስ።
49004003	Faith	ሳሮቴን ቃሼቲዲ ኣያናይ ኢሚያ ኢሲፌቴ ናጋናው ሚኒቴ።
44009005	Description	ሳዖሊ፥ «ጎዳው፥ ኔኒ ኦኔ?» ያጊዲ ኦይቺስ። «ታኒ፥ ኔኒ ጎዲያ ዬሱሳ» ያጊስ።
60003015	Recommendation	ኪሪስቶሳ ሂንቴ ዎዛናን ቦንቺቴኔ ጎዳዪቴ። ፆሳይ ሂንቴው ኢሚዳ ኡፋይሳስ ጋሶ ኦይቺያ ኦዴስካ ዛሮ ኢማናው ኡባ ዎዴ ጊጊ ኡቲቴ፥ ሺን ሄሳ ኣሽኬቴኒኔ ያሻን ኦቴ።
44007033	Recommendation	«ጎዳይ ሙሴኮ፥ ‹ኔኒ ኤቂዳ ቢታይ ጌሺ ጊዲያ ጊሾ ኔ ቶሁዋን ዴዒያ ጫማ ኬሳ።
62002024	Faith	ሄሳ ጊሾ፥ ኮይሮ ሂንቴ ሲዒዳ ቃላ ሂንቴ ዎዛናን ሚንዲ ናጊቴ። ኮይሮ ሲዒዳይሳ ሂንቴ ናጊኮ ሂንቴው ናዓራኔ ኣዋራ ኢሲፌቴ ዳና።
43008051	Faith	ታኒ ሂንቴው ቱማ ኦዳይስ፤ ታ ቃላ ናጊያ ኦኒካ ሃይቄና» ያጊስ።
66020011	Description	ሄሳፌ ጉዬ፥ ጊታ ቦ ኣራታ ቦላ ኡቲዳይሳ ቤዓስ። ሳዒኔ ሳሎይ ኢያ ሲንፌ ባቃቲዶሶና፤ ኤንቲ ዛሪ ቤንቲቦኮና።
46006013	Recommendation	ሂንቴ፥ «ካ ኡሎሳ፤ ኡሎይካ ካሳ» ያጌታ። ሺን ፆሳይ ኡሉዋካ ካካ ይሳናይሳ ታ ሂንቴው ኦዳይስ። ኑ ኣሳቴይ ጎዳሳፌ ኣቲን ላይማቴሳ ጊዴና። ጎዳይካ ኑ ኣሳቴሳ።
45006011	Faith	ሄሳዳካ፥ ሂንቴ ናጋራስ ሃይቂዲ፥ ጎዳ ኪሪስቶስ ዬሱሳ ባጋራ ፆሳስ ዴዖን ዴዔይሳ ቆፒቴ።
47002014	Faith	ሺን ኪሪስቶሳ ባጋራ ኡባ ዎዴ ኑና ፆኖን ካሌያኔ ሺቶ ሜላ ሳዊያ ኪሪስቶሳባ ኑ ኤሪያ ቲሚርቲያ ኡባ ቤሲ ጋና ሜላ ኦያ ፆሳ ጋላቲ ጋኮ።
62001005	Grace	ኑኒ ዴዖ ጊዲዳ ኢያፔ ሲዒዲ፥ ሂንቴው ኦዲያ ኪታይ ሃይሳ፡ «ፆሳይ ፖዖ፤ ኢያን ሚ ባዋ» ያጌይሳ።
43006037	Grace	ታ ኣዋይ ታው ኢሚያ ኡባይ ታኮ ያና፤ ቃሲ ታኮ ያ ኦናካ ካሬ ዬዲኬ።
58013001	Recommendation	ኣማኒያ ኣሳዳ ኢሶይ ኢሱዋራ ፖሎ ሲቄቲቴ።
58007025	Grace	ሄሳ ጊሾ፥ ኢ ኡባ ዎዴ ኤንታ ጊሾ ጋናታናው ሜሪናው ዴዒያ ጊሾ ፆሳኮ ኢያ ባጋራ ዬይሳታ ፖሎ ኣሻናው ዳንዳዔስ።
43019015	Violence	ኣይሁዴቲ ባንታ ቃላ ቁ ኦዲ፥ «ዲጋ! ዲጋ! ማስቃሊያ ቦላ ካቃ» ያጊዶሶና። ጲላፆሲ ዛሪዲ፥ «ሂንቴ ካዉዋ ታኒ ማስቃሊያ ቦላ ካቃናይሳ ኮዬቲ?» ያጊዲ ኦይቺስ። ካሂኔ ሃላቃቲ፥ «ቄሳሬፔ ሃራ ካዎይ ኑስ ባዋ» ያጊዶሶና።
45011005	Grace	ሄሳዳካ፥ ሃ ዎዲያን ፆሳይ ባ ኣ ኬሃቴን ዶሪዳ ጉ ኢስራዔሌቲ ዴዖሶና።
66017002	Sin	ኣላሚያ ካዎቲ ኢራ ላይማቲዶሶና፤ ኣላሜን ዴዒያ ኣሳይካ ኢ ላይማቴ ዎይኒያ ኡዪዲ ማቲዶሶና» ያጊስ።
45012010	Recommendation	ኢሶይ ኢሱዋራ ኢሻዳ ሲቄቲቴ፤ ኢሶይ ኢሱዋ ቦንቺቴ።
45008014	Faith	ፆሳ ኣያናይ ካሌያ ኡባይ ፆሳ ናይታ።
66012003	Description	ቃሲ ሃራ ማላቲ ሳሎን ቤንቲስ። ላፑን ሁዔቲኔ ታሙ ካጬቲ ዴዒያ ጊታ ዞዖ ዳዌይ ቤንቲስ። ኢ ባ ሁዔታ ቦላ ላፑን ካላቻ ዎስ።
45008017	Faith	ኑኒ ኢያ ናይታ ጊዲኮ ፆሳ ኣንጁዋ ላታና፤ ኪሪስቶሳራ ዎላ ሄ ኣንጁዋ ላታና። ቃሲ ኑኒ ኪሪስቶሳራ ሜቱዋ ኤኪኮ ኢያራ ዎላ ኢያ ቦንቹዋን ሻኬታና።
54005017	Recommendation	ዎሳ ኬ ሎይ ሄሚያ ጪማቲ፥ ኡባፌ ኣዲ፥ ቃላ ሳባኮኒኔ ታማርሶን ዳቡሬይሳቲ ዳኮ ቦንቾ ኤካናው ቤሴስ።
46008007	Sin	ሺን ሃይሳ ኤሬይ ኡባ ጊዴና። ኢሲ ኢሲ ኣሳይ ኤቃ ጎይኖራ ሜዜቲዳ ጊሾ ካ ሚያ ዎዴ ኤቃስ ያርሼቲዳባ ኦዲ ኤኮሶና። ሄ ዎዴ ኤንታ ካሃይ ዳቡራ ጊዲያ ጊሾ ቱኔስ።
43015002	Grace	ታ ቦላ ዴዒያ ኣይፌ ኣይፎና ታሺያ ኡባ ኢ ካሬስ። ኣይፊያ ታሺያ ካሴይሳፌ ኣ ኣይፋና ሜላ ሄ ታሺያ ኢ ጊጊሳና።
60005003	Recommendation	ሂንቴ ኣዋቴፌ ጋርሳን ዴዒያ ዉዲያስ ሌሚሶ ጊዲቴፔ ኣቲን ጎዳቶፒቴ።
52004013	Recommendation	ኑ ኢሻቶ፥ ኣማኒዲ ሃይቂዳ ኣሳቲ ሃናናባ ሂንቴ ኤራና ሜላ ኮዮስ። ሂንቴ ኤንታ ጊሾ ኡፋይሲ ባይና ኣሳዳ ካዮቶፊቴ።
58011029	Description	ኢስራዔሌ ኣሳይ ሜላ ቢታራ ሃሙቲያዳ ሃሙቲዲ፥ ዞዖ ኣባ ፒኒዳይ ኣማኖና። ሺን ጊብፄ ኣሳይ ጌላናው ፓጪ ቤዒሺን ሃይ ኤንታ ሚቲስ።
44007020	Description	«ሄ ዎዴ ሙሴይ ዬሌቲስ፤ ኢ ፆሳ ሲንን ዳሮ ሎዖ ናዓ። ባ ኣዋ ኬን ሄ ኣጌና ጋካናው ዲጪስ።
58005002	Grace	ኢ ባ ሁዔን ዳቡራንቾ ጊዲያ ጊሾ ኤሮናይሳታሲኔ ባሌይሳታስ ቃታናው ዳንዳዔስ።
45013012	Recommendation	ማ ዎዴይ ኣናው ሃኔስ፤ ዎንታይ ማቲስ። ሂዛ፥ ኑኒ ማ ኦሶ ኣጊዲ ፖዖ ኦላ ሚሼ ኦይኮስ።
49006009	Recommendation	ጎዳቶ፥ ኣሳ ሶምዖ ቤዒዲ ማዶና ጎዳይ፥ ሳሉዋን ዴዔይሳ ኤሬታ። ሄሳ ጊሾ፥ ሂንቴ ኣይሌታ ማንዴይሳ ኣጊዲ ኤንቲ ሂንቴው ቦንቾን ኪቴቴይሳ ሜላ ሂንቴ ኤንታው ሎዖባ ኦቴ።
45012015	Recommendation	ኡፋይቴሳታራ ኡፋይቲቴ፤ ዬኬይሳታራ ዬኪቴ።
45002005	Sin	ሺን ሂንቴው ሹቻ ዎዛኒኔ ሲዖና ሃይ ዴዔስ። ሄሳ ጊሾ፥ ፆሳ ሃንቆይኔ ፂሎ ፒርዳይ ቆንጪያ ጋላስ፥ ኔ ቦላ ፒርዳይ ዳራና ሜላ ኦሳ።
44014019	Violence	ኣንፆኪያፔኔ ኢቆኒዮኔፔ ዪዳ ኣይሁዴቲ፥ ኣሳ ባንታ ባጋ ዛሪዲ ሹቻን ጳዉሎሳ ጫዲዶሶና። ኤንታው ኢ ሃይቂዳባ ዳኒን ካታማፔ ጋፃ ጎቺ ኤፊዲ ዬጊዶሶና።
43013021	Description	ዬሱሲ ሄሳ ኦዲዳፔ ጉዬ ባ ዎዛናን ዳሮ ኡንዔቲዲ፥ «ታኒ ሂንቴው ቱማ ኦዳይስ፤ ታና ሂንቴፌ ኢሶይ ኣ ኢማና» ጊዲ ቆንጪሲዲ ኦዲስ።
48003022	Faith	ሺን ዬሱስ ኪሪስቶሳ ኣማኒን ቤንቲያ ኡፋይሳ ቃላይ ኣማኔይሳታስ ኢሜታና ሜላ ኩሜ ኣላሜይ ናጋራስ ሃሬቲዲ ዴዔይሳ ጌሻ ማፃፋይ ኦዴስ።
66011007	Violence	ኤንቲ ባንታ ማርካቴ ኦንጊዳፔ ጉዬ፥ ኦላፌ ኬያ ዶዓይ ኤንታና ኦላና። ሄ ዶዓይ ኤንታ ፆናና፤ ዎና።
58003014	Faith	ኑ ኮይሮ ኣማኑዋ ኑኒ ዉርሴ ጋካናው ሚንዲ ናጊኮ፥ ኪሪስቶሳራ ኢሲፌ ላታና።
45008010	Faith	ሺን ኪሪስቶሲ ሂንቴናን ዴዒኮ፥ ሂንቴ ኣሳቴይ ናጋራ ጋሶን ሃይቂዳይሳ። ሺን ሂንቴ ኣያናይ ፂሎቴ ጋሶን ዴዖን ዴዔስ።
44007052	Sin	ናቤታ ጊዶፌ ሂንቴ ኣዋቲ ጎዶናይ ኦኔ? ፆሳ ናዓይ፥ ፂሎይ ያናይሳ ካሴቲዲ ኦዲዳይሳታ ዎዶሶና። ሃዒ ሂንቴ ኢያ ኣ ኢሚዲ ዎዴታ።
48005021	Sin	ጌኔ፥ ማ፥ ዬኔ ሄሳ ሄሳ ሜላታ። ካሴ ታ ሂንቴው ኦዲዳይሳዳ ሃዒካ ታ ሂንቴው ኦዳይስ። ሃይሳ ሜላባታ ኦይሳቲ ፆሳ ካዎቴ ላቶኮና።
43012036	Faith	ፖዖ ናይታ ጊዳና ሜላ ፖዖይ ዴዒሺን ፖዑዋ ኣማኒቴ» ያጊስ። ዬሱሲ ሄሳ ኦዲዳፔ ጉዬ ቢዲ ኤንታፌ ጌሚስ።
58003002	Faith	ሙሴይ ፆሳ ኬ ኡባን ኣማኔቲዳይሳዳ ዬሱሲካ ባና ዶሪዳ ፆሳስ ኣማኔቲዳይሳ።
56003006	Grace	ሄ ኣያና፥ ፆሳይ ኑና ኣሺያ ዬሱስ ኪሪስቶሳ ባጋራ ኑ ቦላ ዳርሲዲ ጉሲስ።
44004036	Description	ቆጲሮሳ ጊያ ቤሳን ዬሌቲዳ ዮሴፋ ጊያ ሌዌ ሼሻፔ ጊዲዳ ኢሶይ ዴዔስ። ኢያ ሱን ሃዋሬቲ ባርናባሳ (ሚን ናዓ) ጊዶሶና።
48006009	Recommendation	ኣኔ ሎዖ ኦሶ ኦናው ኣዛሌይሳ ኣጎስ። ኑኒ ኣዛሎና ኢፂኮ ዎዴይ ጋኪያ ዎዴ ኑ ዜሪዳይሳ ጫካና።
48002019	Faith	ታኒ ፆሳስ ዳና ሜላ ሂጌ ባጋራ ሂጌስ ሃይቃስ።
66011001	Recommendation	ሄሳፌ ጉዬ፥ ታው ዋ ፃምዓ ኢሚዲ፥ «ባዳ ፆሳ ኬኔ ያርሾ ቤሳ ዋ፤ ያን ጎይኒያ ኣሳታካ ፓይዳ።
66014004	Description	ሃይሳቲ ማጫሳራ ባንታና ቱኒሶና ናጊዳ ጌሻታ። ኤንቲ ዶርሳይ ቢያሶ ኡባ ካሎሶና። ኤንቲ ፆሳሲኔ ዶርሳስ ባይራ ጊዲዲ፥ ሺቃናው ሳዓ ኣሳ ጊዶፌ ዎዜቲዶሶና።
66009007	Description	ቦሌይ ኦላስ ጊጊ ኡቲዳ ፓራ ዳኔስ። ቦሊያ ሁዔን ዎርቃ ካላቺ ዴዔስ፤ ኤንታ ሶምዖይካ ኣሳ ሶምዖ ዳኔስ።
60002016	Recommendation	ፆሳ ኣይሌ ጊዲዲ ላዓቴን ዴዒቴፔ ኣቲን ሂንቴ ላዓቴ ኢታ ኦሶስ ካማ ኦፊቴ።
54004010	Faith	ኑኒ ኣሳ ኡባ፥ ኡባፌ ኣዲ ኣማኔይሳታ ኣሺያ ዴዖ ፆሳፌ ኤካና ጊዲ ኡፋይሳን ናጊያ ጊሾ፥ ሄሳስ ኑኒ ኦሶን ዳቡሮሲኔ ባፄቶስ።
58010029	Sin	ያቲን፥ ፆሳ ናዓ ካዳ ኡራይ፥ ባና ጌሺዳ ፆሳ ጫቆ ሱ ቱናባዳ ቆፒዳ ኡራይ፥ ቃሲ ኣ ኬሃቴ ኣያና ጫዪዳ ኡራይ፥ ኣይ ሜላ ኢታ ፒርዳ ኤካናው ቤሲያኮ ኣኔ ቆፒቴ።
43020021	Grace	ዬሱሲ ዛሪዲ ኤንታኮ፥ «ሳሮይ ሂንቴው ጊዶ፤ ታ ኣዋይ ታና ኪቲዳይሳዳ ታኒካ ሂንቴና ኪታይስ» ያጊስ።
65001016	Sin	ሄ ኣሳቲ ኡባ ዎዴ ዙዙሜይሳታኔ ኦዳ ኮዬይሳታ። ቃሲ ባንታ ኢታ ኣሙዋ ካሎሶና፤ ባንታናን ጬቆሶናኔ ባንታና ጎዒያባ ዴማናው ሃራታ ሳቦሶና።
66006015	Description	ቢታ ካዎቲ፥ ዴሪያ ሃሬይሳቲ፥ ኦላ ካሌይሳቲ፥ ዱሬቲ፥ ዎልቃማቲ፥ ኣይሌቲኔ፥ ዎማኖቲ ጎንጎሎኒኔ ዴሪያ ቦላ ዴዒያ ዛላ ሆምዖን ቆሴቲዶሶና።
66021008	Sin	ሺን ያሻንቾታ፥ ኣማኔቶናይሳታ፥ ቱናታ፥ ሼምፖ ዎይሳታ፥ ላይማቴይሳታ፥ ቢቴይሳታ፥ ኤቃ ጎይኔይሳታኔ ዎርዳንቾታ ቃዳይ ዲኔይ ኤፂያ ታማ ኣባን ጊዳና። ሄሲ ናምዓን ሃይቆ» ያጊስ።
44022016	Recommendation	ሃዒ ኣይስ ጋምዓይ? ዴንዳዳ ፃማቄታ፤ ኢያ ሱን ፄጋዳ ኔ ናጋራፔ ሜጬታ› ያጊስ።
66009008	Description	ኢያ ቢናናይ ማጫሳ ቢናና ሜላ ኣዱሴ። ኤንታ ኣቻይካ ጋሞ ኣቺ ዳኔስ።
55002024	Recommendation	ጎዳ ኦሳንቾይ ኣሳ ኡባስ ኬሃ፥ ሎዖ ታማርሴይሳኔ ዳንዳዓንቾ ጊዳናው ቤሴሲፔ ኣቲን ኦዬታናው ቤሴና።
51002005	Faith	ታ ሂንቴፌ ሃካዳ ዴዒኮካ ኣያናን ሂንቴራ ዴዓይስ። ሂንቴ ዱሳ ማራኔ ኪሪስቶሳ ሂንቴ ሚኒዲ ኣማኔይሳ ቤዓዳ ኡፋይታይስ።
60003012	Sin	ጎዳ ኣይፌይ ፂሎታኮ ፄሌስ፤ ቃሲ ኢ ኡባ ዎዴ ኤንታ ዎሳ ሃይዜስ። ሺን ጎዳይ ኢታባ ኦይሳታ ባ ሃንቆ ሶምዑዋን ፄሌስ» ያጌስ።
53002013	Faith	ጎዳይ ዶሲያ ኑ ኢሻቶ፥ ኑኒ ፆሳ ሂንቴ ጊሾ ኡባ ዎዴ ጋላታናው ቤሴስ። ሂንቴ ኣታና ሜላ ፆሳይ ጌሻ ኣያና ዎልቃን ሂንቴና ጌሺዳይሳኔ ሂንቴካ ቱማ ኣማኒዳይሳን ኢ ሂንቴና ባይራዳ ዶሪስ።
66022011	Recommendation	ኢታ ኦይ ጉጂዲ ኢታ ኦ፤ ቱኔይ ጉጂዲ ቱኖ። ሎዖ ኦይ ጉጂዲ ሎዖ ኦ፤ ጌዬይ ጉጂዲ ጌዮ» ያጊስ።
44002038	Faith	ጴፂሮሲ ኤንታኮ፥ «ሂንቴ ናጋራይ ኣቶ ጌቴታና ሜላ ናጋራፔ ሲሚዲ፥ ሂንቴ ኢሶይ ኢሶይ ዬሱስ ኪሪስቶሳ ሱንን ፃማቄቲቴ። ፆሳይ ኢሚያ ጌሻ ኣያና ሂንቴ ኤካና።
52005015	Recommendation	ኦኒካ ኢታ ጊሾ ኢታ ዛሮና ሜላ ናጌቲቴ። ሂንቴ ዎሊሲኔ ኣሳ ኡባስ ሎዖባ ኦናው ሚኒቴ።
45001027	Sin	ሄሳዳካ፥ ኣዴቲ ባንታው ቤሲያ ማጫሳራ ጋይቴ ኣጊዲ፥ ኣዴይ ኣዴራ ጋሄቲዶሶና። ኣዴቲ ኢሶይ ኢሱዋራ ኣሞን ፁጌቲዲ፥ ቦርሶባ ኦዶሶና። ባንታ ኦዳ ባላስ ቤሲያ ፒርዳ ኤኪዶሶና።
50002018	Recommendation	ሄሳዳ ሂንቴካ ኡፋይቲዲ ታናካ ኡፋይሳናው ቤሴስ።
44003019	Recommendation	ሂዛ፥ ፆሳይ ሂንቴ ናጋራ ኣቶ ጋና ሜላ ጎዳኮ ሲሚቴ።
66021025	Description	ቃሚ ያን ባይና ጊሾ ካታማ ፔንጌቲ ኡባ ዎዴ ዶያ ጊዳና፤ ጎርዴቶኮና።
43006054	Faith	ታ ኣሹዋ ሚያ ኡራሲኔ ታ ሱ ኡያ ኡራስ ሜሪና ዴዖይ ዴዔስ። ታኒ ዉርሴ ጋላስ ኢያ ሃይቆፔ ዴንና።
43019011	Sin	ዬሱሲ፥ «ፆሳይ ኔው ማታ ኢሚቦናባ ጊዲያኮ ታ ቦላ ማቲ ኔው ዴናሺን። ሄሳ ጊሾ፥ ታና ኔው ኣ ኢሚዳይስ ኣያ ናጋራ ኦስ» ያጊስ።
59002017	Faith	ሄሳ ጊሾ፥ ኦሶይ ባይና ኣማኖይ ባርካ ሃይቂዳይሳ።
45008003	Sin	ኑ ናጋራ ኣሳቴ ጋሶን፥ ሂጌይ ዳቡራንቾ ጊዲያ ጊሾ ኑና ኣሻናው ዳንዳዒቤና። ፆሳይ ባ ናዓ ናጋራንቾ ኣሳ ሌሚሶን ናጋራስ ያርሾ ጊዳና ሜላ ኪቲዲ ሄሳ ኦስ። ያቲዲ፥ ፆሳይ ኪሪስቶሳ ኣሹዋ ባጋራ ናጋራ፥ ናጋራንቾ ኣሳ ጊዶን ፒርዲስ።
60003014	Recommendation	ሃሪ ኣቶሺን፥ ፂሎቴ ጊሾ ሂንቴ ዋዬቲኮ ኣንጄቲዳይሳታ። ኣሳስ ያዮፊቴኔ ሂርጎፊቴ።
51003021	Recommendation	ኣዋቶ፥ ሂንቴ ናይቲ ኡፋይሲ ቃንፆና ሜላ ኤንታ ጫሜፊቴ።
66018002	Sin	ሄ ኪታንቾይ ባ ቃላ ቁ ኦዲ፥ «ኢያ ኩንዳሱ! ጊታ ባቢሎኔይ ኩንዳሱ! ባቢሎኔይ ቱና ኣያናቲ ኣቂያ ቤሲ ጊዳሱ። ዱማ ዱማ ኢታባታስ ኬ ጊዳሱ፤ ቱና ካፎቲኔ ዶዓቲ ሼምፒያ ቤሲ ጊዳሱ።
62002022	Sin	ዬሱሲ፥ ፆሳይ ዶሪዳይሳ ጊዴና ጊዲ ካዲያ ኣሳፔ ሃሪ ዎርዳንቾይ ኦኔ? ሄሳ ሜላ ኣሲ ኪሪስቶሳ ሞርኬ። ኢ ናዓ ካዲኮ ኣዋካ ካዴስ።
46011027	Sin	ሄሳ ጊሾ፥ ቤሶና ኦጊያን ጎዳ ኡይ ሚያ ዎይኮ ጎዳ ፁዓ ኡያ ኦኒካ ኢያ ኣሹዋኔ ሱ ቶቺዳ ጊሾ ባ ናጋራን ኦይሼቴስ።
59002020	Faith	ኔኖ ኤያው! ኣማኖይ ኦሶፔ ሻኬቲዲ ማዶናይሳ ኤራናው ኮያይ?
43018003	Description	ሄሳ ጊሾ፥ ዪሁዲ ፓኖሴ፥ ፆምፔ፥ ቶራኔ ጎንዳሌ ኦይኪዳ ዳሮ ዎታዳሬታ፥ ካሂኔ ሃላቃቲኔ ፋሪሳዌቲ ኪቲዳ ፆሳ ኬ ናጊያ ፖሊሴታ ካሌ ኤኪዲ፥ ሄ ቤሳ ቢስ።
53003003	Grace	ሺን ጎዳይ ኣማኔቲዳይሳ፤ ኢ ሂንቴና ሚንናኔ ፃላሄፔ ናጋና።
44007021	Description	ሙሴይ ዎራ ሆሌቲዳ ዎዴ ጊብፄ ካዉዋ ናዒያ ዴማ ኤካዳ ባ ናዓ ኦዳ ኢያ ዲቻሱ።
66008005	Description	ሄሳፌ ጉዬ፥ ኪታንቾይ ኢፃኔ ጩዪሲያ ሻቲያ ኤኪዲ፥ ኢያን ያርሾ ቤሳፌ ቦንቆ ታማ ኩንዲ ሳዓ ዱጌ ሆሊስ። ያቲን ዴሾይ፥ ዎልዓን፥ ጊርሲኔ ቢታ ቃፆይ ሃኒስ።
66018003	Sin	ኣሳ ዜሬ ኡባ ባ ላይማቴ ዎይኒያ ኡሻሱ። ሳዓ ካዎቲ ኢራ ላይማቲዶሶና። ኢ ሚኮቴፌ ዴንዶይሳን ቢታን ዴዒያ ዛልዓንቾቲ ዱሬቲዶሶና» ያጊስ።
44026021	Violence	ሄሳ ጊሾ፥ ኣይሁዴቲ ታና ፆሳ ኬን ኦይኪዲ ዎናው ኮዪዶሶና።
55004004	Sin	ኤንቲ ቱማ ቲሚርቲያ ኣጊዲ፥ ቱማ ጊዶና ኦዳ ሲዓናው ባንታ ሃይ ዛሮሶና።
43006064	Faith	ሺን ሂንቴ ጊዶን ኣማኖናይሳቲ ዴዖሶና» ያጊስ። ኣማኖናይሳቲ ኦናንቴኮ ዬሱሲ ኮይሮፔ ዶሚዲ ኤሬስ። ቃሲ ባና ኣ ኢማናይ ኦኔኮ ኤሬስ።
43013026	Description	ዬሱሲ ዛሪዲ፥ «ታኒ ኡይ ዎፄን ቱሻዳ ባርሴይሳ» ያጊስ። ቃሲ ኡይ ሜን ኤኪዲ፥ ዎፄን ቱሺዲ፥ ሲሞና ናዓ ኣስቆሮታ ዪሁዳ ባርሲስ።
54006020	Recommendation	ፂሞቲዮሳ፥ ኢሲ ኢሲ ኣሳይ፥ «ኤራቴ» ጊያ ኤያ ፓላማፔኔ ሃዳ ኦዳፔ ባቃታ፤ ኔው ኢሜቲዳ ሃዳራ ናጋ።
44017005	Violence	ሺን ኣይሁዴቲ ቃናቲዲ ኢሲ ኢሲ ኦሶይ ባይና ኢታ ኣሳታ ኦጌፔ ሺሺዶሶና። ካታማን ቡቄ ኬሲዶሶና፤ ጳዉሎሳኔ ሲላሴ ኣሳስ ኣ ኢማናው ኮዪዲ ያሶና ኬ ቴቂዶሶና።
62005016	Sin	ኦኒካ ባ ኢሻይ ሃይቆ ቤሶና ናጋራ ኦሺን ቤዒኮ፥ ፆሳ ኢያው ዎሳናው ቤሴስ። ሃይቆ ቤሶና ናጋራ ኦዳይሳታስ ፆሳይ ዴዖ ኢማና። ሃይቆ ቤሲያ ናጋሪ ዴዔስ። ታኒ ሂንቴና ሄሳስ ፆሳ ዎሲቴ ጊኬ።
43013020	Faith	ታኒ ሂንቴው ቱማ ኦዳይስ፤ ታኒ ኪቲዳ ኦናካ ሞኪያ ኡራይ ታና ሞኬስ። ታና ሞኪያ ኦኒካ ታና ኪቲዳይሳ ሞኬስ» ያጊስ።
58012028	Faith	ኑኒ ቃፃናው ዳንዳዖና ካዎቴ ኤኪያ ጊሾ ፆሳ ጋላቶስ፤ ፆሳ ኡፋይሲያ ኦጌን ቦንቾኒኔ ያሻቴን ኢያ ጎይኖስ።
44019013	Description	ቱና ኣያናታ ኬሲሼ ዩያ ኣይሁዴታፔ ኢሶቲ ኢሶቲ፥ «ጳዉሎሲ ሳባኪያ ዬሱሳ ሱንን ኬዪቴ ጊዲ ሂንቴና ኪቶስ» ያጊዲ፥ ቱና ኣያናቲ ኦይኪዳ ኣሳታ ቦላ ጎዳ ዬሱሳ ሱን ፄጊዶሶና
44015040	Grace	ሺን ጳዉሎሲ ሲላሴ ዶሪስ፤ ኣማኔይሳቲ ጳዉሎሳ ፆሳ ኣ ኬሃቴስ ሃዳራ ኢሚዳፔ ጉዬ ኢ ኬዪዲ ቢስ።
63001008	Recommendation	ሂንቴ ኦዳ ኩሜ ዎይቱዋ ኤካናው ሚኒቴ። ሂንቴ ኦዳይሲ ዮና ሜላ ናጌቲቴ።
66011006	Violence	ኤንቲ ቲንቢቴ ኦዲያ ዎዴ ኢሪ ቡኮና ሜላ ሳሉዋ ጎርዳናው ኤንታው ማቲ ዴዔስ። ኤንታው ሃ ሱ ኬሳናው፥ ቃሲ ኤንቲ ኮዪዳ ሜላ ቢታ ዱማ ዱማ ጋዶን ይሳናው ኤንታው ማቲ ዴዔስ።
44008021	Sin	ኔ ዎዛናይ ፆሳ ሲንን ሱሬ ጊዶና ጊሾ ኔው ሃይሳን ጊሾይ ዎይኮ ቃዲ ባዋ።
43017010	Faith	ታው ዴዒያ ኡባባይ ኔባ፤ ኔው ዴዒያ ኡባይካ ታባ። ታኒ ኤንታ ባጋራ ቦንቼታስ።
45003012	Sin	ኣሳ ኡባይ ፆሳስ ዞኮ ዛሪዶሶና፤ ኡባይ ኢሲፌ ፓናባ ጊዲዶሶና። ሎዖ ኦያ ኦኒካ ባዋ፤ ኢሲ ኣሲካ ባዋ።
50002003	Recommendation	ሂንቴና ዶሶን ዎይኮ ጬቄቲያ ሃዳ ኣሞን ኢሲባካ ኦፊቴ። ሺን ሂንቴ ኢሶይ ኢሱዋፌ ጊታታይስ ያጊዲ ቆፖና ሂንቴና ካዉሺቴ።
66001013	Description	ሄ ኮጫታ ጊዶን ኣሳ ናዓ ዳኔይሳ ቤዓስ። ኢ ኣዱሳ ኣፊላ ባ ቶሁዋ ጋ ማዒስ፥ ዎርቃ ዳንጮን ባ ቲራ ዳንጪስ።
66022003	Faith	ሄ ካታማን ኣይቢ ቃንጌካ ዴና። ፆሳ ካዎቴ ኣራታይኔ ዶርሳ ካዎቴ ኣራታይ ሄ ካታማን ዳና። ፆሳ ኣይሌቲ ፆሳስ ኦና።
60004007	Recommendation	ሂዛ፥ ኡባባስ ዉርሴይ ማታቲስ። ሄሳ ጊሾ፥ ዎሳናው ዳንዳዔታና ሜላ ዎፑ ጊዳ ዎዛኒ ዴዖ፤ ማራራ ዴዒቴ።
44014026	Grace	ያፔ ኤንቲ ባንታ ፖሊዳ ኦሱዋስ ፆሳ ኣ ኬሃቴስ ኤንታ ሃዳራ ኢሚዳ ኣንፆኪያ ማርካቤራ ሲሚዶሶና።
46007028	Recommendation	ሺን ኔ ማቾ ኤኪኮ ናጋሪ ባዋ። ሄሳዳ ጌላዒያካ ኣዚና ጌሊኮ ናጋሪ ባዋ። ሺን ኤኪያ ጌሊያ ኣሳስ ሃ ሳዓን ዳሮ ሜቶይ ዴዒያ ጊሾ ሂንቴ ሄሳፌ ኣታና ሜላ ታ ኮያይስ።
49006012	Sin	ኑ ኦላይ ኣሳራ ጊዶናሺን ሳሎን ዴዒያ ቱና ኣያና ኦላንቾታራ፥ ማታ ኣዋታራ፥ ሃሬይሳታራኔ ሃ ማ ኣላሚያ ዎልቃታራ።
59001005	Recommendation	ሂንቴፌ ኦዴስካ ጪንጫቴ ዪኮ ፆሳ ዎሶ። ኢያው ኢሜታና። ፆሳይ ኦናካ ቦሮና ኡባስ ኬሃቴን ኢሚያ ፆሴ።
52005019	Recommendation	ጌሻ ኣያና ኦሱዋ ቶይሶፒቴ።
58009002	Description	ዱንካኔይ ኤቂስ። ኢያን ፆምፔ ዎያ ኮጫይ፥ ፃርጴዛይኔ ጎዳ ሲንን ዎያ ኡይይ ዴዔስ፤ ሄ ቤሳይ ጌሻ ቤሳ ጌቴቴስ።
66003018	Recommendation	ሄሳ ጊሾ፥ ኔ ዱሬታናው ታማን ጌዪዳ ዎርቃ፥ ኔ ዬላ ካሉዋ ካማናው ቦ ማዖኔ ሎይ ፄላናው ማዲያ ኣይፌ ሌ ታፔ ሻማና ሜላ ኔና ዞራይስ።
62005013	Faith	ፆሳ ናዓን ኣማኒያ ሂንቴው ሜሪና ዴዖይ ዴዔይሳ ሂንቴ ኤራና ሜላ ሃይሳ ሂንቴው ፃፋስ።
43007018	Faith	ባባ ኦዲያ ኦኒካ ባ ሁዔ ቦንቾ ኮዬስ። ሺን ባና ኪቲዳይሳ ቦንቹዋ ኮያ ኦኒካ ኢ ቱማንቾ፤ ኢያን ዎርዶይ ባዋ።
47004007	Grace	ሺን ኡባፌ ኣያ ዎልቃይ ኑባ ጊዶናሺን ፆሳባ ጊዴይሳ ቤሳናው ሃ ቦንቾ ሻሎይ ሜቃ ሚሼ ጊዲዳ ኑ ኣሳቴን ዴዔስ።
45012019	Recommendation	ታ ኢሻቶ፥ ሂንቴ፥ ሂንቴ ሁዔን ኣሳስ ሃሎ ኬዮፒቴ። ፆሳይ ሃሎ ኬያና ሜላ ኢያው ኣጋጊቴ። ጌሻ ማፃፋን፥ «ታኒ ሃሎ ኬያና፤ ታኒ ኩሼ ዛራና» ያጌስ ጎዳይ፥ ጌቴቲዲ ፃፌቲስ።
43008054	Faith	ዬሱሲ፥ «ታኒ ታና ቦንቺኮ ታ ቦንቾይ ሃዳ። ሂንቴ፥ ‹ኑ ፆሳ› ጊያ ታ ኣዋይ ኢ ታና ቦንቼስ።
45014020	Recommendation	ካ ጊሾ ጋዳ ፆሳ ኦሱዋ ይስሶፋ። ኡባ ካ ሜቴቴስ፥ ሺን ሃራ ኣሲ ናጋራን ብሲያ ካ ሙሲ ኢታ።
43019040	Description	ሄ ናምዑ ኣሳቲ ዬሱሳ ኣሃ ኤኪዲ፥ ኣይሁዴቲ ኣሃ ፃፂያ ማራን፥ ሺቶራ፥ ሞጎ ኣፊላን ፃፂዶሶና።
58010034	Faith	ቃሾን ዴዒያ ኣሳስካ ቃቲዴታ። ሂንቴው ሎዖኔ ዮና ሻሎይ ሳሎን ዴዔይሳ ሂንቴ ኤሪዳ ጊሾ ሂንቴ ሻሎይ ቦንቄቲያ ዎዴ ኡፋይሳን ዳንዳዒዴታ።
44013023	Grace	«ፆሳይ፥ ‹ታኒ ዳዊቴ ሼሻፔ ኢስራዔሌ ዴሪያ ኣሼይሳ ኤሃና› ጊዳይሳ ሜላ ዬሱሳ ኤሂስ።
46002009	Faith	ሺን ጌሻ ማፃፋን፥ «ኣይፌይ ቤዒቦናባ፥ ሃይ ሲዒቦናባ፥ ዎዛኒ ቆፒቦናባ፥ ፆሳይ ባና ሲቄይሳታስ ጊጊሲስ» ያጌስ።
45008011	Grace	ሺን ዬሱሳ ሃይቆፔ ዴንዳ ፆሳ ኣያናይ ሂንቴናን ዴዒኮ፥ ኪሪስቶሳ ሃይቆፔ ዴንዳ ፆሳይ፥ ሂንቴናን ዴዒያ ባ ጌሻ ኣያናን ሃይቂያ ሂንቴ ኣሳቴስ ዴዖ ኢማና።
45008016	Faith	ፆሳ ኣያናይ ኑ ኣያናራ ጊዲዲ ኑኒ ፆሳ ናይታ ጊዴይሳ ማርካቴስ።
48006007	Recommendation	ሂንቴ፥ ሂንቴና ጪሞፊቴ። ኣሲ ባ ዜሪዳባ ዛሪዲ ጫኪያ ጊሾ ፆሳ ቦላ ቄልቂሶፒቴ።
45011022	Grace	ሂዛ፥ ፆሳይ ኣይ ሜላ ኬሄኮኔ ኣይ ሜላ ያሺያኮ ቤዓ። ኢ ያሼይ ኪቴቶናይሳታ፥ ቃሲ ኢ ኬሄይ ኢያ ኣማኒዲ ሚኒዲ ኤቂዳይሳታሳ። ሚኒዲ ኤቆና ኢፂኮ ሂንቴካ ካሬታና።
59005007	Recommendation	ታ ኢሻቶ፥ ጎዳይ ያና ጋካናው ጌንጪቴ። ጎሻንቾይ ቶርቼ ኢራይኔ ሲላ ኢራይ ያና ጋካናው ጌንጪዲ ኣልዖ ካ ናጊዲ ዋቲ ጋ ኤኪያኮ ቆፒቴ።
55001016	Grace	ኣኔስፎሪ ታና ዳሮ ዎዴ ሚንዳ ጊሾ ጎዳይ ኢያ ሶ ኣሳስ ቃቶ። ታኒ ቃሾ ኬን ዴዒያ ዎዴ ኢ ታናን ዬላቲቤና።
62002028	Faith	ሂዛ፥ ታ ናይቶ፥ ኢ ቆንጪያ ዎዴ ኑኒ ያሺ ባይናኔ ኢያ ዩሳ ጋላስ ኢያ ሲንን ኑ ዬላን ቆሴቶና ሜላ ኢያን ዴዒቴ።
48005016	Recommendation	ሂዛ፥ ታ ሂንቴው ኦዳይስ፤ ኣያናን ዴዒቴ፤ ሂንቴ ኣሾ ኣሙዋ ፖሎፒቴ።
54001015	Grace	«ኪሪስቶስ ዬሱሲ ናጋራንቾታ ኣሻናው ሃ ኣላሚያ ዪስ» ጊያ ቃላይ ኣማንይሳኔ ኣሳ ኡባይ ኤካናው ቤሴይሳ። ኡባፌ ኣዳ ናጋራንቾይ ታና።
49006010	Faith	ዉርሴን፥ ጎዳኒኔ ኢያ ጊታ ዎልቃን ሚኒቴ።
46010012	Recommendation	ሄሳ ጊሾ፥ ታ ኤቃስ ጊያ ኦኒካ ኩንዶና ሜላ ባና ናጎ።
58010014	Grace	ኢ ዛሬና ኦጌን ኢሲ ቶሆ ባና ያርሺዳ ያርሹዋን ጌሻታ ሜሪናው ፖሎ ኦስ።
43010031	Violence	ኣይሁዴቲ ዬሱሳ ጫዳናው ቃሲካ ሹቺ ዴንዶሶና።
46011003	Description	ሺን ኪሪስቶሲ ኣዴ ኡባስ ሁዔ፥ ኣዴይ ማጫሳስ ሁዔ፥ ቃሲ ፆሳይ ኪሪስቶሳስ ሁዔ ጊዴይሳ ሂንቴ ኤራና ሜላ ታ ኮያይስ።
58011036	Violence	ሃራቲ ኣሳን ቦሬቲዲ ሊሶን ጋራፌቲዶሶና፤ ሃራቲ ሳንላታን ቃሼቲዲ ቃሾ ኬን ዬጌቲዶሶና።
58006019	Faith	ሃ ኡፋይሳይ ኑ ሼምፑዋስ፥ ማርካቤይ ቃፆናዳ ሚንዲ ኦይኪያ ቢራታ ሜላ። ሄ ኡፋይሳይ ማጋራጁዋፌ ጉዬ ባጋን ዴዒያ ጌሻ ቤሳ ጌሊስ።
49005011	Recommendation	ጎዒ ባይና ማ ኦሶ ቆንጪሲቴፔ ኣቲን ኢያራ ኢሲፎፒቴ።
59004011	Recommendation	ታ ኢሻቶ፥ ኢሶይ ኢሱዋ ዚጊሮፒቴ። ባ ኢሻ ዚጊሬይኔ ኢያ ቦላ ፒርዴይ ሂጌ ዚጊሬሲኔ ሂጌ ቦላ ፒርዴስ። ኔኒ ሂጌ ቦላ ፒርዲኮ ሂጌ ቦላ ፒርዴይሳ ጊዳሳፔ ኣቲን ሂጌ ፖሌይሳ ጊዳካ።
66021021	Description	ታማኔ ናምዑ ፔንጌታስ ታማኔ ናምዑ ኢንቆ ጊያ ኣልዖ ሹቺ ዴዔስ። ኢሲ ኢሲ ፔንጌይ ኢሲ ኢንቆን ኦሴቲስ። ካታማ ዎጋ ኦጌይ ማስቶቴዳ ጶሊያ ጌሻ ዎርቃፌ ኦሴቲስ።
58003006	Faith	ሺን ኪሪስቶሲ ፆሳ ኬን ናዓዳ ኣማኔቲዳይሳ። ኑኒ ኤካና ጊዲ ናጊያ ኡፋይሳ ሚንዲ ናጊኮ ፆሳ ኬ ጊዶስ።
45012009	Recommendation	ሂንቴ ሲቆይ ቆፔ ቆሞን ጊዳናው ቤሴና። ኢታባ ኢፂቴ፤ ሎዖባ ሚንዲ ኦይኪቴ።
66011013	Violence	ሄ ሳቲያን ቢታይ ዎልቃማ ቃፆ ቃፂን፥ ካታማፔ ታማን ኩሼይ ይስ። ቃሲ ቢታ ቃፆን ላፑን ሙኩሉ ኣሳይ ሃይቂስ። ኣቲዳ ኣሳይ ዳሮ ኮኮሪዲ ባቢዲ፤ ሳሎ ፆሳስ ቦንቾ ኢሚዶሶና።
48003020	Description	ጊዶ ጊዲዲ ሲጌያ ኡራይ ኢሲ ኣሳ ፃላላስ ጊዴና፥ ሺን ፆሳይ ኢሲኖ።
43019010	Description	ሄሳ ጊሾ፥ ጲላፆሲ፥ «ታው ኦዲኪ? ኔና ቢላናው ዎይኮ ማስቃሊያ ቦላ ካቃናው ታው ማቲ ዴዔይሳ ኤሪኪ?» ያጊስ።
44008032	Description	ሞሪናይ ናባቢያ ማፃፋ ኪፊሌይ፥ «ኢ ዶርሳዳ ሹኬታናው ላጌቲስ፤ ዶርሳ ማሪ ባ ኢኪሲያ ሜዴይሳታ ሲንን ሲዒ ጌይሳዳ፥ ኢካ ባ ዶና ዶዪቤና።
44013021	Description	ሄሳፌ ጉዬ፥ ኤንቲ ባንታው ካዎ ኢማና ሜላ ዎሲን፥ ፆሳይ ቢኒያሜ ሼሻፔ ቂሴ ናዓ፥ ሳዖላ ኦይታሙ ላይ ካዎታና ሜላ ኤንታው ኢሚስ።
56001010	Sin	ኪቴቶናይሳቲ፥ ፓና ኦዳ ኦዴቴይሳቲ፥ ጪሜይሳቲ ኡባካ ቃፃሬቴ ዎጋ ናጊያ ዳሮ ኣሳቲ ዴዖሶና።
44010012	Description	ኢያን ኦይዱ ቶሆራ ዴዒያ ሜሄቲ፥ ዎራ ዶዓቲ፥ ኡሎራ ጎሼቲያ ሜቴቲኔ ሳሎ ካፎቲ ኡባይ ዴዔስ።
43017022	Grace	ኔኒኔ ታኒ ኢሲኖ ጊዴይሳዳ፥ ኤንቲ ኢሲኖ ጊዳና ሜላ፥ ኔኒ ታና ቦንቺዳይሳዳ፥ ታኒካ ኤንታ ቦንቻስ።
55001013	Faith	ታኒ ኔና ታማርሲዳ ቱማ ቃላ ሌሚሶ ኦ ኦይካዳ ኪሪስቶስ ዬሱሳ ባጋራ ኑባ ጊዲዳ ኣማኑዋኒኔ ሲቁዋን ዴዓ።
43002006	Description	ኣይሁዴቲ ባንታ ጌሾ ዎጋስ ጎዔቲያ ኡሱፑን ሹቻ ባቲ ሄ ቤሳን ዴዖሶና። ኢሲ ኢሲ ባይ ናምዑ ዎይኮ ሄ ፁጋ ኦይኬስ።
46015034	Recommendation	ሂንቴ ኣኬካኮ ሲሚቴ። ናጋራ ኦፊቴ። ሂንቴፌ ኢሲ ኢሲ ኣሳይ ፆሳ ኤሮኮና። ታኒ ሂንቴና ዬላያናው ሄሳ ጋይስ።
49004002	Recommendation	ሂንቴ ኡባ ዎዴ ኣዳኔ ሃዮ ጊዲቴ፤ ኢሶይ ኢሱዋ ዳንዳዒቴኔ ሲቆን ዴዒቴ።
65001023	Recommendation	ኢሲ ኢሲ ኣሳታ ታማፔ ኬሲ ኤኪቴ። ቃሲ ኢታ ኣሞን ቱኒዳ ኤንታ ማዑዋ ኢፂሼ ሃራታስ ያሻን ቃቲቴ።
45008028	Grace	ፆሳ ሲቄይሳታሲኔ ኢያ ሼኒያዳ ፄጌቲዳይሳታስ ፆሳይ ኡባ ሎዖስ ኦይሳ ኤሮስ።
45016019	Recommendation	ዎንጌላስ ሂንቴ ኪቴቲዳይሳ ኣሳ ኡባይ ሲዒዳይሲ ታና ኡፋይሴስ። ሺን ሂንቴ ሎዖባ ኤራና ሜላኔ ኢታባፔ ሃካና ሜላ ታ ኮያይስ።
58009004	Description	ኢያ ጊዶን ኢፃኔ ጩዪሲያ ዎርቃ ሳፂኔይኔ ዎርቃን ሜሼቲዳ ጫቆ ታቦቴይ ዴዔስ። ሄ ጫቆ ታቦቲያን ማናይ ዴዒያ ዎርቃ ፃሮይ፥ ኣጪዳ ኣሮና ፃምዓይኔ ሙሴ ሂጌይ ፃፌቲዳ ናምዑ ሎቼ ሹቻቲ ዴዖሶና።
45003027	Faith	ያቲን፥ ኑ ጬቄቲያባይ ኣይቢ ዴዒ? ኣይቢካ ባዋ። ኑኒ ጬቄቴይ ሂጌስ ኪቴቲያ ጊሾዬ? ኣካይ! ኣማኖ ጊሾሳ።
43014010	Faith	ታኒ ኣዋራ ኢሲኖ ጊዴይሳኔ ኣዋይካ ታራ ኢሲኖ ጊዴይሳ ኔኒ ኣማኒኪዬ? ታኒ ሂንቴው ኦዲያ ቃላ ታኒ ታፔ ኦዲኬ፥ ሺን ታናን ዴዒያ ኣዋይ ባ ኦሱዋ ኦስ።
44016022	Violence	ኣሳይ ኢሲ ባጋ ጊዲዲ፥ ጳዉሎሳ ቦላኔ ሲላሴ ቦላ ዴንዲዶሶና። ዳይናቲ ኤንታ ማዑዋ ቃሪዲ ፃምዓን ኤንታ ሾጫና ሜላ ኪቲዶሶና።
43013034	Recommendation	ታኒ ሂንቴው ኢሚያ ኦራ ኪታይ ሃይሳ፤ ኢሶይ ኢሱዋ ዶሲቴ። ታኒ ሂንቴና ዶሲዳይሳዳ ሂንቴ ኢሶይ ኢሱዋ ዶሳናው ቤሴስ።
47005001	Grace	ሃዒ ኑ ዴዒያ ዱንካኔ ዳኒያ ሃ ሳዓ ኣሳቴይ ላሌቲኮካ፥ ኣሲ ኬፂቦና፥ ፆሳይ ኬፂዳ ሜሪና ኬይ ኑስ ሳሎን ዴዔይሳ ኤሮስ።
43012044	Faith	ዬሱሲ ባ ቃላ ቁ ኦዲ፥ «ታና ኣማኒያ ኦኒካ ታና ኪቲዳይሳካ ኣማኔስፔ ኣቲን ታ ፃላላ ኣማኔና።
44009013	Description	ሃናኔይ ዛሪዲ፥ «ጎዳው፥ ዬሩሳላሜን ኔ ጌሻ ኣሳ ቦላ ሄ ኡራይ ኣይ ሜላ ኢታባ ኦዳኮ ታኒ ዳሮ ኣሳፔ ሲዓስ።
55003002	Sin	ኣሳይ ባንታና ዶሴይሳታ፥ ሚሼ ሲቄይሳታ፥ ጬቄቴይሳታ፥ ኦቶሬይሳታ፥ ጫዬይሳታ፥ ባንታና ዬሊዳይሳታስ ኪቴቶናይስታ፥ ጋላቶናይስታ፥ ጌሻቴ ባይናይሳታ፥
45005009	Grace	ሂዛ፥ ኑኒ ኪሪስቶሳ ሱን ፂሊዳባ ጊዲኮ፥ ኡባፌ ኣዲ ኢያ ባጋራ ፆሳ ሃንቁዋፌ ኣታና።
45014014	Sin	ጎዳ ዬሱሳ ኣማኒያ ኣሳዳ፥ ባ ሁዔን ቱና ጊዲዳ ካ ባይናይሳ ታኒ ጌሻዳ ኤራይስ። ሺን ኢሲ ኣሲ ኢሲባ ቱና ጊዲ ቆፒኮ ሄሲ ኢያው ቱና ጊዴስ።
54004006	Faith	ሄሳ ጊሾ፥ ኔኒ ሃ ቲሚርቲያ ኣማኔይሳታ ታማርሲኮ፥ ኑ ኣማኑዋኒኔ ሎዖ ቲሚርቲያ ኪቴታዳ ዲጪዳ ኪሪስቶስ ዬሱሳ ሎዖ ኣይሌ ጊዳና።
