45011032	Grace	galauk auk guþ allans in ungalaubeinai , ei allans gaarmai .
43019002	Description	jah þai gadrauhteis uswundun wipja us þaurnum jah galagidedun imma ana haubid jah wastjai paurpurodai gawasidedun ina ,
54005014	Recommendation	wiljau nu juggos liugan , barna bairan , garda waldan … .
43014011	Faith	Galaubeiþ mis þatei ik in attin jah atta in mis ; iþ jabai ni , in þize waurstwe ni galaubeiþ mis .
45013009	Recommendation	þata auk : ni horinos , ni maurþrjais , ni hlifais , nih faihugeigais , jah jabai hvo anþaraizo anabusne ist , in þamma waurda usfulljada , þamma : frijos nehvundjan þeinana swe þuk silban .
45007022	Faith	gawizneigs im auk witoda gudis bi þamma innumin mann ;
50004004	Recommendation	nunu nu faginoþ in fraujin sinteino ; aftra qiþa , faginoþ !
43010008	Sin	allai swa managai swe qemun , þiubos sind jah waidedjans ; akei ni hausidedun im þo lamba .
47005018	Faith	aþþan alla us guda , þamma gafriþondin uns sis þairh Xristu jag~gibandin unsis andbahti gafriþonais .
55001008	Faith	ni nunu skamai þuk weitwodiþos fraujins unsaris Iesuis nih meina , bandjins is , ak miþarbaidei aiwaggeljon bi mahtai gudis ,
43017019	Description	jah fram im ik weiha mik silban , ei sijaina jah eis weihai in sunjai .
49005005	Sin	þata auk witeiþ , kunnandans þatei hvazu h hors aiþþau unhrains aiþþau faihufriks , þatei ist galiugagude skalkinassaus , ni habaiþ arbi in þiudangardjai Xristaus jah gudis .
49005018	Recommendation	jah ni anadrigkaiþ izwis weina , in þammei ist usstiurei , ak fullnaiþ in ahmin ,
49002018	Faith	unte þairh ina habam atgagg bajoþs in ainamma ahmin du attin .
49004014	Recommendation	ei þanaseiþs ni sijaima niuklahai uswagidai jah uswalugidai winda hvammeh laiseinais , liutein manne , in filudeisein du listeigon uswandjai airzeins ,
51003005	Sin	dauþeiþ nu liþuns izwarans , þans þaiei sind ana airþai , horinassu , unhrainein , winnon , lustu ubilana jah faihugeiron , sei ist galiugagude skalkinassus ;
52005008	Faith	iþ weis dagis wisandans usskawai sijaima , gahamodai brunjon galaubeinais jah friaþwos jah hilma wenai nasseinais .
55001007	Grace	unte ni gaf unsis guþ ahman faurhteins , ak mahtais jah frijaþwos jah inaheins .
50002002	Faith	usfulleiþ meina fahed , ei þata samo hugjaiþ , þo samon friaþwa habandans , samasaiwalai , samafraþjai ;
43007030	Description	sokidedun þan ina gafahan , jah ni ainshun uslagida ana ina handu , unte nauhþanuh ni atiddja hveila is .
43018030	Description	andhofun jah qeþun du imma : nih wesi sa ubiltojis , ni þau weis atgebeima þus ina .
45012012	Recommendation	wenai faginondans ; aglons usþulandans ; bidai haftjandans ;
46013007	Description	allata þulaiþ , allata galaubeiþ , all weneiþ , all gabeidiþ .
47004013	Faith	habandans nu þana saman ahman galaubeinais bi þamma gamelidin : galaubida , in þizei jah rodida , jah weis galaubjam , in þizei jah rodjam ,
52005014	Recommendation	bidjamuþ~þan izwis , broþrjus , talzjaiþ þans ungatassans , þrafstjaiþ þans grindafraþjans , usþulaiþ þans siukans , usbeisneigai sijaiþ wiþra allans .
48006016	Grace	jah swa managai swe þizai garaideinai galaistans sind , gawairþi ana im jah armaio jah ana Israela gudis .
46010031	Recommendation	jaþþe nu matjaiþ jaþþe drigkaiþ jaþþe hva taujiþ , allata du wulþau gudis taujaiþ .
45008001	Description	Ni waiht þannu nu wargiþos þaim in Xristau Iesu ni gaggandam bi leika .
52005009	Grace	unte ni satida uns guþ in hatis , ak du gafreideinai ganistais , þairh fraujan unsarana Iesu Xristu ,
55001012	Faith	in þizozei fairinos jah þata winna ; akei nih skama mik , unte wait hvamma galaubida , jah gatraua þammei mahteigs ist þata anafilh mein fastan in jainana dag .
49006018	Faith	þairh allos aihtronins jah bidos aihtrondans in alla mela in ahmin jah du þamma wakandans sinteino in allai usdaudein jah bidom fram allaim þaim weiham ,
50004005	Faith	anawiljei izwara kunþa sijai allaim mannam ; frauja nehva ist .
46011026	Faith	swa ufta auk swe matjaiþ þana hlaif jaþ~þana stikl drigkaiþ , dauþau fraujins gakannjaiþ , unte qimai .
55001003	Faith	awiliudo guda meinamma , þammei skalkino fram fadreinam in hrainjai gahugdai , hvaiwa unsweibando haba bi þuk gaminþi in bidom meinaim naht jah daga ,
55003008	Sin	aþþan þamma haidau ei Jannis jah Mambres andstoþun Moseza , swa jah þai andstandand sunjai , mannans frawaurþanai ahin , uskusanai bi galaubein ;
54004016	Recommendation	atsaihv du þus silbin jah du laiseinai usdaudo , þairhwis in þaim ; þatuh auk taujands jah þuk silban ganasjis jah hausjandans þus .
48005019	Sin	aþþan swikunþa sind waurstwa leikis , þatei ist : horinassus , kalkinassus , unhrainiþa , aglaitei ,
54004007	Recommendation	iþ þo usweihona swe usalþanaizo spilla biwandei , iþ þroþei þuk silban du gagudein .
46007007	Grace	iþ wiljau allans mans wisan swe mik silban ; akei hvarjizuh swesa giba habaiþ fram guda , sums swa , sumsuh swa .
47004006	Grace	unte guþ saei qaþ ur~riqiza liuhaþ skeinan , saei jah liuhtida in hairtam unsaraim du liuhadein kunþjis wulþaus gudis in andwairþja Iesuis Xristaus .
43017024	Grace	atta , þatei atgaft mis , wiljau ei þarei im ik , jah þai sijaina miþ mis , ei saihvaina wulþu meinana þanei gaft mis , unte frijodes mik faur gaskaft fairhvaus .
46012011	Description	þatuþ~þan all waurkeiþ ains jah sa sama ahma , daileiþ sundro hvarjammeh swaswe wili .
43010039	Violence	sokidedun ina aftra gafahan , jah usiddja us handum ize .
47004016	Faith	inuh þis ni wairþam usgrudjans , akei þauhjabai sa utana unsar manna frawardjada , aiþþau sa innuma ananiujada daga jah daga .
43012003	Description	iþ Marja nam pund balsanis nardaus pistikeinis filugalaubis jah gasalboda fotuns Iesua jah biswarb fotuns is skufta seinamma ; iþ sa gards fulls warþ daunais þizos salbonais .
50003017	Recommendation	miþgaleikondans meinai wairþaiþ , broþrjus , jah mundoþ izwis þans swa gaggandans , swaswe habaiþ frisaht unsis .
48006002	Recommendation	izwaros misso kauriþos bairaiþ , jah swa usfulleiþ witoþ Xristaus .
45009014	Faith	hva nu qiþam ? ibai inwindiþa fram guda ? nis~sijai !
45014001	Recommendation	Iþ unmahteigana galaubeinai andnimaiþ , ni du tweifleinai mitone .
49004026	Recommendation	þwairhaiþ~þan sijaiþ jah ni frawaurkjaiþ , sunno ni disiggqai ana þwairhein izwara .
43008029	Grace	jah saei sandida mik miþ mis ist ; ni bilaiþ mis ainamma atta , unte ik þatei leikaiþ imma tauja sinteino .
49006014	Recommendation	standaiþ nu , ufgaurdanai hupins izwarans sunjai jag~gapaidodai brunjon garaihteins ,
43015011	Grace	þata rodida izwis , ei faheþs meina in izwis sijai , jah faheds izwara usfulljaidau .
54001001	Description	Pawlus apaustaulus Xristaus Iesuis bi anabusnim gudis nasjandis unsaris jah Xristaus Iesuis , wenais unsaraizos ,
54002009	Recommendation	samaleiko jah qinons in gafeteinai hrainjai miþ gariudein jah inahein fetjandeins sik , ni in flahtom aiþþau gulþa aiþþau marikreitum aiþþau wastjom gal a ubaim ,
49002010	Grace	ak is sijum taui , gaskapanai in Xristau Iesu du waurstwam godaim , þoei fauragamanwida guþ , ei in þaim gaggaima .
49006017	Recommendation	jah hilm naseinais nimaiþ jah meki ahmins , þatei ist waurd gudis ;
53003013	Recommendation	aþþan jus , broþrjus , ni wairþaiþ usgrudjans waila taujandans .
46016013	Faith	wakaiþ standaiduh in galaubeinai , wairaleiko taujaiþ , gaþwastidai sijaiþ .
53002015	Recommendation	… unsaros .
47005005	Grace	aþþan saei jah gamanwida uns du þamma guþ , saei jah gaf unsis wadi ahman .
54002011	Recommendation	qino in hauniþai galaisjai sik in allai ufhauseinai ;
54005019	Recommendation	bi praizbwtairein wroh ni andnimais , niba in andwairþja twa d dje aiþþau þrije weitwode .
46011002	Faith	hazjuþ~þan izwis , broþrjus , þei allata mein gamunandans sijuþ , jas~swaswe anafalh izwis , anabusnins gafastaiþ .
43006047	Faith	amen amen qiþa izwis : saei galaubeiþ du mis aih libain aiweinon .
43014018	Grace	ni leta izwis widuwairnans ; qima at izwis .
45015013	Faith	iþ guþ lubainais fulljai izwis allaizos fahedai … .
45012020	Recommendation	jabai gredo fijand þeinana , mat gif imma ; iþ jabai þaursjai , dragkei ina ; þata auk taujands haurja funins rikis ana haubiþ is .
51003016	Recommendation	waurd Xristaus bauai in izwis gabigaba , in allai handugein jah frodein ahmeinai laisjandans jah talzjandans izwis silbans psalmom , hazeinim , saggwim ahmeinaim , in anstai siggwandans in hairtam izwaraim fraujin .
51003019	Recommendation	wairos , frijoþ qenins izwaros jah ni sijaiþ baitrai wiþra þos .
54005016	Recommendation	… widuwons , andbahtjai im , jah ni kaurjaidau aikklesjo , ei þaim bi sunjai … .
43008036	Grace	jabai nu sunus izwis frijans briggiþ , bi sunjai frijai sijuþ .
49003013	Faith	in þize bidja , ni wairþaiþ usgrudjans in aglom meinaim faur izwis , þatei ist wulþus izwar .
55001014	Recommendation	þata godo anafilh fastai þairh ahman weihana saei bauiþ in uns .
48006008	Faith	unte saei saijiþ in leika seinamma , us þamma leika jah sneiþiþ riurein ; iþ saei saijiþ in ahmin , us ahmin jah sneiþiþ libain aiweinon .
46013005	Recommendation	ni aiwiskoþ , ni sokeiþ sein ain , ni ingramjada , nih mitoþ ubil ,
43015022	Sin	nih qemjau jah rodidedjau du im , frawaurht ni habaidedeina : iþ nu inilons ni haband bi frawaurht seina .
51004005	Recommendation	in handugein gaggaiþ du þaim uta , þata mel usbugjandans .
45008007	Sin	unte fraþi leikis fijands du guda ; witoda gudis ni ufhauseiþ , iþ ni mag :
46010020	Sin	ni þatei þo galiugaguda waihts sijaina , ak þatei saljand þiudos , skohslam saljand , jan~ni guda . Ni wiljau auk izwis skohslam gadailans wairþan .
49005006	Recommendation	ni manna izwis uslusto lausaim waurdam , þairh þoei qimiþ hatis gudis ana sunum ungalaubeinais .
56001011	Sin	þanzei skal gasakan , þaiei gardins allans uswaltjand laisjandans þatei ni skuld ist , in faihugairneins .
43013011	Sin	… qaþ : ni allai hrainjai sijuþ .
43010001	Sin	Amen amen qiþa izwis , saei inn ni atgaggiþ þairh daur in gardan lambe , ak steigiþ aljaþro , sah hliftus ist jah waidedja .
51003014	Recommendation	aþþan ufar alla þo friaþwa , sei ist gabindi ainamundiþos .
43012023	Description	iþ Iesus andhof im qiþands : qam hveila ei sweraidau sunus mans .
45007008	Sin	iþ lew nimandei frawaurhts þairh anabusn gawaurhta in mis allana lustu ; unte inu witoþ frawaurhts was nawis .
54005021	Recommendation	weitwodja in andwairþja gudis jah fraujins unsaris Iesuis Xristaus jah þize gawalidane aggile , ei þata fastais inu faurdomein , ni waiht taujands bi wiljahalþein .
46004002	Faith	… ei hvas triggws bigitaidau .
43008021	Sin	þanuh qaþ aftra du im Iesus : ik galeiþa , jah sokeiþ mik , jah in frawaurhtai izwarai gadauþniþ . þadei ik gagga , jus ni maguþ qiman .
51003012	Recommendation	gahamoþ izwis nu swe gawalidai gudis , weihans jah walisans , brusts bleiþein s , armahairtein , selein , haunein ahins , qairrein , usbeisnein .
43012026	Faith	jabai mis hvas andbahtjai , mik laistjai : jah þarei im ik , þaruh sa andbahts meins wisan habaiþ ; jah jabai hvas mis andbahtiþ , sweraiþ ina atta .
54003004	Description	seinamma garda waila fauragaggands , barna habands ufhausjanjandona miþ allai anawiljein .
52005011	Recommendation	inuh þis þrafsteiþ izwis misso jah timrjaiþ ainhvarjizuh anþar anþarana , swaswe jah taujiþ .
46007026	Recommendation	man nu þata goþ wisan in þizos andwairþons þaurftais , þatei goþ ist mann swa wisan :
54002015	Faith	iþ ganisiþ þairh barne gabaurþ , jabai gastandand in galaubeinai jah frijaþwai jah weihiþai miþ gafraþjein .
43010028	Grace	jah ik libain aiweinon giba im , jah ni fraqistnand aiw ; jah ni frawilwiþ hvashun þo us handau meinai .
55003005	Sin	habandans hiwi gagudeins , iþ maht izos inwidandans ; jah þans afwandei .
45012005	Description	swa managai ain leik sijum in Xristau , aþþan ainhvarjizuh anþar anþaris liþjus … .
49005028	Recommendation	swa jah wairos skulun frijon seinos qenins swe leika seina . sein silbins leik frijoþ , saei seina qen frijoþ , jah sik silban frijoþ .
45009030	Faith	hva nu qiþam ? þatei þiudos þos ni laistjandeins garaihtein gafaifahun garaihtein , aþþan garaihtein þo us galaubeinai ;
54003009	Faith	habandans runa galaubeinais in hrainjai gahugdai .
54006002	Recommendation	aþþan þaiei galaubjandans haband fraujans , ni frakunneina , unte broþrjus sind , ak mais skalkinona , unte galaubjandans sind jah liubai , þaiei wailadedais gadailans sind . þata laisei jah gaþlaih .
43015012	Recommendation	þata ist anabusns meina , ei frijoþ izwis misso , swaswe ik frijoda izwis .
45011026	Grace	jah swa allai Israel ganisand , swaswe gameliþ ist : urrinniþ us Sion sa lausjands du afwandjan afgudein af Iakoba .
52002015	Violence	þaiei jah fraujin usqemun Iesua jah swesaim praufetum jah uns frawrekun jah guda ni galeikandans jah allaim mannam andaneiþans sind ,
49002006	Grace	jah miþurraisidai jah miþgasatidai in himinakundaim in Xristau Iesu ,
49004025	Recommendation	in þizei aflagjandans liugn rodjaiþ sunja hvarjizuh miþ nehvundjin seinamma , unte sijum anþar anþaris liþus .
48002005	Faith	þaimei nih hveilohun gakunþedum ufhnaiwein , ei sunja aiwaggeljons gastandai at izwis .
43017013	Description	iþ nu du þus gagga , jah þata rodja in manasedai , ei habaina fahed meina usfullida in sis .
51003008	Recommendation	iþ nu aflagjiþ jah jus þo alla , hatis , þwairhein , unselein , anaqiss , aglaitiwaurdein ; us munþa izwaramma ni usgaggai .
53003012	Recommendation	þaimuh swaleikaim anabiudam jah bidjam in fraujin Iesua Xristau , ei miþ rimisa waurkjandans seinana hlaib matjaina .
48005024	Faith	iþ þaiei sind Xristaus , leik sein ushramidedun miþ winnom jah lustum .
51001010	Faith	ei gaggaiþ wairþaba fraujins in allamma þatei galeikai , in allamma waurstwe godaize akran bairandans jah wahsjandans in ufkunþja gudis ,
54001018	Recommendation	þo anabusn anafilha þus , barnilo Teimauþaiu , bi þaim faura faursniwandam ana þuk praufetjam , ei driugais in þaim þata godo drauhtiwitoþ ,
49002001	Grace	Jah izwis wisandans dauþans missadedim jah frawaurhtim izwaraim ,
46010021	Sin	ni maguþ stikl fraujins drigkan jah stikl skohsle ; ni maguþ biudis fraujins fairaihan jab~biudis skohsle .
49005003	Recommendation	aþþan horinassus jah allos unhrainiþos aiþþau faihufrikei nih namnjaidau in izwis , swaswe gadob ist weihaim ,
56001015	Sin	aþþan all hrain hrainjaim , iþ bisaulidaim jah ungalaubjandam ni waiht hrain , ak bisaulida sind ize jah aha jah miþwissei .
50001021	Faith	aþþan mis liban Xristus ist jah gaswiltan gawaurki .
45012018	Recommendation	jabai magi wairþan us izwis , miþ allaim mannam gawairþi habandans .
43014027	Grace	gawairþi bileiþa izwis , gawairþi mein giba izwis ; ni swaswe so manaseþs gibiþ , ik giba izwis . ni indrobnaina izwara hairtona nih faurhtjaina .
47005006	Faith	gatrauandans nu sinteino jah witandans þatei wisandans in þamma leika afhaimjai sijum fram fraujin ;
43012047	Grace	jah jabai hvas meinaim hausjai waurdam jah galaubjai , ik ni stoja ina ; nih þan qam ei stojau manased , ak ei ganasjau manased .
54001017	Faith	aþþan þiudana aiwe , unriurjamma , ungasaihvanamma , ainamma , frodamma guda sweriþa jah wulþus in aldins aiwe . amen .
53003010	Recommendation	jah auk þan wesum at izwis , þata izwis anabudum , ei jabai hvas ni wili waurkjan , nih matjai .
51003017	Recommendation	all þishvah þatei taujaiþ in waurda aiþþau in waurstwa , all in namin fraujins Iesuis , awiliudondans guda attin þairh ina .
48006006	Recommendation	aþþan gamainjai sa laisida waurda þamma laisjandin in allaim godaim is .
45007005	Sin	þan auk wesum in leika , winnons frawaurhti þos þairh witoþ waurhtedun in liþum unsaraim du akran bairan dauþau ;
54002007	Faith	du þammei gasatiþs im ik merjands jah apaustaulus , sunja qiþa in Xristau , ni liuga , laisareis þiudo in galaubeinai jah sunjai .
46010024	Recommendation	ni ainshun sein sokjai , ak anþaris hvarjizuh .
45012016	Recommendation	þata samo in izwis misso fraþjandans ; ni hauhaba hugjandans , ak þaim hnaiwam miþgawisandans ; ni wairþaiþ inahai bi izwis silbam .
49004031	Recommendation	alla baitrei jah hatis jah þwairhei jah hrops jah wajamereins afwairpaidau af izwis miþ allai unselein .
51001025	Faith	þizozei warþ ik andbahts bi ragina gudis , þatei giban ist mis in izwis du usfulljan waurd gudis ,
47004015	Grace	þatuh þan allata in izwara , ei ansts managnandei þairh managizans awiliud ufarassjai du wulþau guda .
43006056	Faith	saei matjiþ mein leik jah driggkiþ mein bloþ , in mis wisiþ jah ik in imma .
43011027	Faith	qaþ imma : jai , frauja , ik galaubida þatei þu is Xristus , sunus gudis , sa in þana fairhvu qimanda .
55002016	Recommendation	iþ þo dwalona usweihona lausawaurdja biwandei ; unte filu gaggand du afgudein ,
46015003	Grace	atgaf auk izwis in frumistjam þatei andnam , ei Xristus gaswalt faur frawaurhtins unsaros afar bokom ,
50004009	Recommendation	þatei jah galaisideduþ izwis jah ganemuþ jah gahausideduþ jah gasehvuþ in mis , þata taujaiþ , jah guþ gawairþeis sijai miþ izwis .
53003015	Recommendation	jah ni swaswe fijand ina rahnjaiþ , ak talzjaiþ swe broþar .
50003014	Faith	aþþan ain sweþauh , þaim aftra ufarmunnonds , iþ du þaim þoei faura sind , mik ufþanjands , bi mundrein afargagga afar sigislauna þizos iupa laþonais gudis in Xristau Iesu .
50003019	Sin	þizeiei andeis wairþiþ fralusts , þizeiei guþ wamba ist jah wulþaus in skandai ize , þaiei airþeinaim fraþjand .
54003006	Sin	nih niujasatidana , ibai aufto ufarhauhiþs in stauai atdriusai unhulþins .
45012011	Recommendation	usdaudein ni latai ; ahmin wulandans ; fraujin skalkinondans ;
51001013	Grace	saei galausida izwis us waldufnja riqizis jah atnam in þiudangardja sunaus friaþwos seinaizos ,
43016023	Faith	jah in jainamma daga mik ni fraihniþ waihtais . amen amen , qiþa izwis þatei þishvah þei bidjiþ attan in namin meinamma , gibiþ izwis .
47005002	Faith	unte jah in þamma swogatjam , bauainai unsarai þizai us himina ufarhamon gairnjandans ,
48006004	Recommendation	iþ waurstw sein silbins kiusai hvarjizuh , jah þan in sis silbin hvoftulja habai jah ni in anþaramma ;
43016002	Violence	us gaqumþim dreiband izwis ; akei qimiþ hveila , ei sahvazuh izei usqimiþ izwis , þuggkeiþ hunsla saljan guda .
43018023	Description	andhof imma Iesus : jabai ubilaba rodida , weitwodei bi þata ubil , aiþþau jabai waila , duhve mik slahis ?
50004003	Recommendation	jai jah þuk waliso bidja gajuko , niþais þos þozei miþarbaididedun mis in aiwaggeljon miþ Klaimaintau jah anþaraim gawaurstwam meinaim , þizeei namna sind in bokom libainais .
48004030	Recommendation	akei hva qiþiþ þata gamelido ? uswairp þizai þiujai jah þamma sunau izos ; unte ni nimiþ arbi sunus þiujos miþ sunau frijaizos .
54006009	Sin	aþþan þaiei wileina gabigai wairþan atdriusand in fraistubnja jah hlamma unhulþins jah lustuns managans unnutjans jah skaþulans , þaiei saggqjand mans in frawardein jah fralust .
47005011	Faith	witandans nu agis fraujins mannans fullaweisjam , iþ guda swikunþai sijum . aþþan wenja jah in miþwisseim izwaraim swikunþans wisan uns ,
49002003	Sin	in þaimei jah weis allai usmetum suman in lustum leikis unsaris , taujandans wiljans leikis jah gamitone , jah wesum wistai barna hatize , swaswe jah þai anþarai .
45010011	Faith	qiþiþ auk þata gameliþ : hvazuh sa galaubjands du imma ni gaaiwiskoda .
45015011	Faith	jah aftra qiþiþ : hazjiþ allos þiudos fraujan jah hazjaina ina allos manageins .
45011036	Faith	unte us imma jah þairh ina jah in imma alla ; immuh wulþus du aiwam , amen .
43010010	Grace	þiubs ni qimiþ , nibai ei stilai jah ufsneiþai jah fraqistjai ; iþ ik qam , ei libain aigeina jah managizo aigeina .
50003020	Faith	iþ unsara bauains in himinam ist , þaþroei jah nasjand usbeidam fraujan Iesu Xristu ,
45015007	Recommendation	in þizei andnimaiþ izwis misso , swaswe jah Xristus andnam izwis du wulþau gudis .
47004010	Faith	sinteino dauþein fraujins Iesuis ana leika unsaramma uskunþa sijai .
43006039	Grace	…
52003006	Description	aþþan nu at qimandin Teimauþaiu at unsis fram izwis jah gateihandin uns galaubein jah friaþwa izwara , jah þatei gaminþi unsar habaiþ god sinteino , gairnjandans uns gasaihvan , swaswe jah weis izwis ,
47003012	Faith	habandans nu swaleika wen managaizos balþeins brukjaima ,
43012006	Sin	þatuþ~þan qaþ , ni þeei ina þize þarbane kara wesi , ak unte þiubs was jah arka habaida jah þata innwaurpano bar .
54006006	Faith	aþþan ist gawaurki mikil gagudei miþ ganauhin .
49005004	Recommendation	aiþþau aglaitiwaurdei aiþþau dwalawaurdei aiþþau saldra , þoei du þaurftai ni fairrinnand , ak mais awiliuda .
45009016	Grace	þannu nu ni wiljandins ni rinnandins , ak armandins gudis .
45007023	Sin	aþþan gasaihva anþar witoþ in liþum meinaim , andwaihando witoda ahmins meinis jah frahinþando mik in witoda frawaurhtais þamma wisandin in liþum meinaim .
46016011	Recommendation	ni hvashun imma frakunni , iþ insandjaiþ ina in gawairþja , ei qimai at mis ; usbeida auk ina miþ broþrum .
43007025	Description	qeþunuh þan sumai þize Iairusaulwmeite : niu sa ist þammei sokjand usqiman ?
45010003	Sin	unkunnandans auk gudis garaihtein jah seina garaihtein sokjandans stiurjan , garaihtein gudis ni ufhausidedun .
43014012	Faith	amen amen qiþa izwis , saei galaubeid mis : þo waurstwa þoei ik tauja , jah is taujiþ jah maizona þaim taujiþ ; unte ik du attin gagga .
54003007	Recommendation	skal auk is weitwodiþa goda haban fram þaim uta , ei ni atdriusai in idweit jah hlamma unhulþins .
49004007	Grace	iþ ainhvarjammeh unsara atgibana ist ansts bi mitaþ gibos Xristaus ;
43006040	Faith	þatuh þan ist wilja þis sandjandins mik , ei hvazuh saei saihviþ þana sunu jah galaubeiþ du imma , aigi libain aiweinon , jah urraisja ina ik in spedistin daga .
47001003	Grace	þiuþiþs guþ jah atta fraujins unsaris Iesuis Xristaus , atta bleiþeino jah guþ allaizo gaþlaihte ,
54001006	Sin	af þaimei sumai afairzidai uswandidedun du lausawaurdein ,
51002013	Grace	jah izwis dauþans wisandans missadedim jah unbimaita leikis izwaris miþgaqiwida miþ imma , fragibands uns allos missadedins ,
54004014	Recommendation	ni sijais unkarja þizos in þus anstais , sei gibana warþ þus þairh praufetjans afar analageinai handiwe praizbwtairei n s .
52005016	Recommendation	sinteino faginoþ in fraujin .
52004014	Faith	unte jabai galaubjam þatei Iesus gaswalt jah usstoþ , swa jah guþ þans þaiei anasaislepun þairh Iesu tiuhaiþ miþ imma .
49004022	Recommendation	ei aflagjaiþ jus bi frumin usmeta þana fairnjan mannan þana riurjan bi lustum afmarzeinais .
43010009	Grace	ik im þata daur . þairh mik jabai hvas inngaggiþ , ganisiþ , jah inngaggiþ jah utgaggiþ jah winja bigitiþ .
47004002	Faith	ak afstoþum þaim analaugnjam aiwiskjis , ni gaggandans in warein nih galiug taujandans waurd gudis , ak bairhtein sunjos ustaiknjandans uns silbans du allaim miþwisseim manne in andwairþja gudis .
51003010	Recommendation	jah gahamoþ niujamma , þamma ananiwidin du ufkunþja bi frisahtai þis , saei gaskop ina ;
43011004	Faith	iþ is gahausjands qaþ : so siukei nist du dauþau , ak in hauheinais gudis , ei hauhjaidau sunus gudis þairh þata .
45010012	Grace	ni auk ist gaskaideins Iudaiaus jah Krekis ; sa sama auk frauja allaize , gabigs in allans þans bidjandans sik .
45010004	Faith	ustauhts auk witodis Xristus du garaihtein allaim þaim galaubjandam .
50004006	Recommendation	ni waihtai maurnaiþ , ak in allai bidai jah aihtronai miþ awiliudam bidos izwaros kunþos sijaina at guda .
52004006	Recommendation	ei hvas ni ufargaggai nih bi faihu ol broþar seinana , unte fraweitands frauja ist allaize , swaswe jah fauraqeþum izwis jah weitwodidedum .
47005017	Faith	swaei jabai hvo in Xristau niuja gaskafts , þo alþjona usliþun ; sai , waurþun niuja alla .
49004028	Recommendation	saei hlefi , þanaseiþs ni hlifai , ak mais arbaidjai , waurkjands swesaim handum þiuþ , ei habai dailjan þaurbandin .
57001022	Recommendation	bijandzuþ~þan manwei mis saliþwos ; wenja auk ei þairh bidos izwaros fragibaidau izwis .
52005012	Recommendation	aþþan bidjam izwis , broþrjus , kunnan þans arbaidjandans in izwis jah faurstassjans izwarans in fraujin jah talzjandans izwis
43009022	Description	þata qeþun þai fadrein is , unte ohtedun sis Iudaiuns ; juþan auk gaqeþun sis Iudaieis , ei , jabai hvas ina andhaihaiti Xristu , utana swnagogais wairþai .
50003003	Faith	aþþan weis sium bimait , weis ahmin guda skalkinondans jah hvopandans in Xristau Iesu , jan~ni in leika gatrauam ,
46014020	Recommendation	… barniskai sijaiþ , ei fraþjam fullaweisai sijaiþ .
49004017	Recommendation	þata nu qiþa jah weitwodja in fraujin , ei þanaseiþs ni gaggaiþ , swaswe jah anþaros þiudos gaggand in uswissja hugis seinis ,
51002016	Recommendation	ni manna nu izwis bidomjai in mata aiþþau in draggka aiþþau in dailai dagis dulþais aiþþau fulliþe aiþþau sabbatum ,
55002010	Faith	inuh þis all gaþula bi þans gawalidans , ei jah þai ganist gatilona , sei ist in Xristau Iesu miþ wulþau aiweinamma .
49005021	Recommendation	ufhausjandans izwis misso in agisa Xristaus .
51003018	Recommendation	jus qinons , ufhausjaiþ wairam izwaraim , swe gaqimiþ in fraujin .
54005020	Recommendation	iþ þans frawaurhtans in andwairþja allaize gasak , ei jah þai anþarai agis habaina .
45014013	Recommendation	ni þanamais nu uns misso stojaima , ak þata stojaiþ mais , ei ni satjaiþ bistugq broþr aiþþau gamarzein .
48006017	Faith	þanamais arbaide ni ainshun mis gansjai : unte ik stakins Iesuis ana leika meinamma baira .
45012002	Recommendation	ni galeikoþ izwis þamma aiwa , ak inmaidjaiþ ananiujiþai fraþjis izwaris du gakiusan hva sijai wilja gudis , þatei goþ jah galeikaiþ jah ustauhan .
46015009	Sin	ik auk im sa smalista apaustaule , ikei ni im wairþs ei haitaidau apaustaulus , duþe ei wrak aikklesjon gudis .
48002009	Description	jah ufkunnandans anst þo gibanon mis , Paitrus jah Iakobus jah Iohannes , þaiei þuhtedun sauleis wisan , taihswons atgebun mis jah Barnabin gamaineins , swe weis du þiudom , iþ eis du bimaita ;
47005014	Grace	unte friaþwa Xristaus dishabaiþ uns ,
50002029	Recommendation	andnimaiþ nu ina in fraujin miþ allai fahedai jah þans swaleikans swerans haibaiþ ,
51003020	Recommendation	barna , ufhausjaiþ fadreinam bi all ; unte þata waila galeikaiþ ist in fraujin .
47001012	Faith	unte hvoftuli unsara so ist , weitwodei miþwisseins unsaraizos , þatei in ainfalþein jah hlutrein gudis , ni in handugein leikeinai , ak in anstai gudis usmeitum in þamma fairhvau , iþ ufarassau at izwis .
43014021	Faith	Saei habaid anabusnins meinos jah fastaiþ þos , sa ist saei frijoþ mik : jah þan saei frijoþ mik , frijoda fram attin meinamma , jah ik frijo ina jah gabairhtja imma mik silban .
51002023	Sin	þoei sind sweþauh waurd habandona handugeins þuhtaus in fastubnja jah hauneinai hairtins jah unfreidei nai leikis , ni in sweriþo hvizai du soþa leikis .
55002023	Recommendation	iþ þos dwalons jah untalons soknins biwandei , witands þatei gabairand sakjons .
47003018	Faith	aþþan weis allai andhulidamma andwairþja wulþu fraujins þairhsaihvandans , þo samon frisaht ingaleikonda af wulþau in wulþau , swaswe af fraujins ahmin .
49004030	Faith	jah ni gaurjaiþ þana weihan ahman gudis , in þammei gasiglidai sijuþ in daga uslauseinais .
50003001	Recommendation	Þata anþar , broþrjus meinai , faginoþ in fraujin ; þo samona izwis meljan mis sweþauh ni latei , iþ izwis þwastiþa .
43018031	Description	þaruh qaþ im Peilatus : nimiþ ina jus jah bi witoda izwaramma stojiþ ina . iþ eis qeþunuh du imma Iudaieis : unsis ni skuld ist usqiman manne ainummehun .
50004013	Faith	all mag in þamma inswinþjandin mik Xristau .
52004003	Recommendation	þata auk ist wilja gudis , weihiþa izwara , ei gahabaiþ izwis af kalkinassaus ,
51004002	Recommendation	bidai haftjandans izwis , wakandans in izai in awiliudam ;
51003015	Faith	jah gawairþi gudis swignjaiþ in hairtam izwaraim , in þammei jah laþodai wesuþ in ainamma leika , jah awiliudondans wairþaiþ .
53001004	Faith	swaei weis silbans in izwis hvopam in aikklesjom gudis in stiwitjis izwaris jah galaubeinais in allaim wrakjom izwaraim jah aglom þozei usþulaiþ ,
48001001	Description	Pawlus , apaustaulus , ni af mannam nih þairh mannan , ak þairh Iesu Xristu jah guþ attan , ize urraisida ina us dauþaim ,
45015010	Recommendation	jah aftra qiþiþ : sifaiþ þiudos miþ managein is .
54004001	Sin	Aþþan ahma swikunþaba qiþiþ þatei in spedistaim dagam afstandand sumai galaubeinai atsaihvandans ahmane airziþos jah laiseino unhulþono ,
53003006	Recommendation	aþþan anabiudam izwis , broþrjus , in namin fraujins unsaris Iesuis Xristaus , ei gaskaidaiþ izwis af allamma broþre hvairbandane ungatassaba jah ni bi anafilham þoei andnemuþ at uns .
47004009	Faith	wrikanai , akei ni biliþanai : gadrausidai , akei ni fraqistidai ,
45010006	Faith	iþ so us galaubeinai garaihtei swa qiþiþ : ni qiþais in hairtin þeinamma : hvas ussteigiþ in himin ? þat~ist Xristu dalaþ attiuhan ;
48005026	Recommendation	ni wairþaima flautai , uns misso ushaitandans , misso in neiþa wisandans .
54005001	Recommendation	Seneigana ni andbeitais , ak gaþlaih swe attin , juggans swe broþruns ;
50003006	Sin	bi aljana wrakjands aikklesjon , bi garaihtein þizai sei in witoda ist , wisands usfairina .
43019012	Description	Framuh þamma sokida Peilatus fraletan ina . iþ Iudaieis hropidedun qiþandans : jabai þana fraletis , ni is frijonds kaisara ; sahvazuh izei þiudan sik silban taujiþ , andstandiþ kaisara .
43014001	Faith	Ni indrobnai izwar hairto ; galaubeiþ du guda jah du mis galaubeiþ .
50001028	Faith	jah ni in waihtai afagidai fram þaim andastaþjam , þatei ist im ustaikneins fralustais , iþ izwis ganistais , jah þata fram guda .
43015016	Grace	ni jus mik gawalideduþ , ak ik gawalida izwis jah gasatida izwis ei jus sniwaiþ jah akran bairaiþ , jah akran izwar du aiwa sijai , ei þatahvah þei bidjaiþ attan in namin meinamma , gibiþ izwis .
45012021	Recommendation	ni gajiukaizau af unþiuþa , ak gajiukais af þiuþa unþiuþ .
55002014	Recommendation	þizei gamaudei , weitwodjands in andwairþja fraujins ; waurdam weihan du ni waihtai daug , niba uswalteinai þaim hausjondam .
52004007	Grace	unte ni laþoda uns guþ du unhrainiþai , ak in weihiþa .
43008046	Sin	hvas izwara gasakiþ mik bi frawaurht ? þande sunja qiþa , duhve ni galaubeiþ mis ?
43007020	Violence	andhof so managei jah qeþun : unhulþon habais ; hvas þuk sokeiþ usqiman ?
43018018	Description	þaruh stoþun skalkos jah andbahtos haurja waurkjandans , unte kald was , jah warmidedun sik ; jah þan was miþ im Paitrus standands jah warmjands sik .
49006011	Recommendation	gahamoþ izwis sarwam gudis , ei mageiþ standan wiþra listins diabulaus ;
43013037	Faith	þaruh Paitrus qaþ du imma : frauja , duhve ni mag þuk laistjan nu ? saiwala meina faur þuk lagja .
50004007	Faith	jah gawairþi gudis , þatei ufar ist all ahane , fastaiþ hairtona jah leika izwara in Xristau Iesu .
46005010	Sin	ni þaim horam þis fairhvaus , aiþþau jabai þaim faihufrikam jah wilwam aiþþau galiugam skalkinondam , unte skuldedeiþ þan us þamma fairhvau usgaggan .
43010012	Description	iþ asneis jah saei nist hairdeis , þizei ni sind lamba swesa , gasaihviþ wulf qimandan jah bileiþiþ þaim lambam jah þliuhiþ , jah sa wulfs frawilwiþ þo jah distahjiþ þo lamba .
43012046	Grace	ik liuhad in þamma fairhvau qam , ei hvazuh saei galaubjai du mis , in riqiza ni wisai .
46016014	Recommendation	allata izwar in friaþwai wairþai .
43014015	Recommendation	jabai mik frijoþ , anabusnins meinos fastaid .
48004008	Sin	akei þan sweþauh ni kunnandans guþ , þaim þoei wistai ni sind guda skalkinodeduþ ;
51001021	Sin	jah izwis simle wisandans framaþidans jah fijands gahugdai in waurstwam ubilaim , iþ nu gafriþodai
55002022	Recommendation	aþþan juggans lustuns þliuh ; iþ laistei garaihtein , galaubein , friaþwa , gawairþi miþ þaim bidai anahaitandam frauja n us hrainjamma hairtin .
51003001	Faith	Jabai nu miþurrisuþ Xristau , þoei iupa sind sokeiþ , þarei Xristus ist in taihswai gudis sitands .
51003004	Grace	þan Xristus swikunþs wairþiþ , libains izwara , þanuh jah jus bairhtai wairþiþ miþ imma in wulþau .
49006016	Faith	ufar all andnimandans skildu galaubeinais , þammei maguþ allos arhvaznos þis unseleins funiskos afhvapjan ;
51003023	Recommendation	þishvah þatei taujaiþ , us saiwalai waurkjaiþ swe fraujin , ni mannam ,
43018040	Sin	iþ eis hropidedun aftra allai qiþandans : ne þana , ak Barabban ; sah þan was sa Barabba waidedja .
55003004	Sin	fralewjandans , untilamalskai , ufbaulidai , frijondans wiljan seinana mais þau guþ ,
45015008	Faith	qiþa auk Xristu Iesu andbaht waurþanana bimaitis fram sunjai gudis du gatulgjan gahaita attane ,
43015020	Recommendation	gamuneiþ þis waurdis þatei ik qaþ du izwis : nist skalks maiza fraujin seinamma . jabai mik wrekun , jah izwis wrikand ; jabai mein waurd fastaidedeina , jah izwar fastaina .
43008031	Faith	þanuh qaþ Iesus du þaim galaubjandam sis Iudaium : jabai jus gastandiþ in waurda meinamma , bi sunjai siponjos meinai sijuþ ,
54005008	Faith	aþþan jabai hvas swesaim þishun ingardjam ni gaþlaihiþ , galaubein inwidiþ jah ist ungalaubjandin wairsiza .
48001023	Description	þatainei hausjandans wesun þatei saei wrak uns simle , nu mereiþ galaubein þoei suman brak ;
46008009	Recommendation	… wairþai þaim unmahteigam .
43014020	Faith	in jainamma daga ufkunnaiþ jus þatei ik in attin meinamma jah jus in mis jah ik in izwis .
43008024	Sin	qaþ nu izwis þatei gadauþniþ in frawaurhtim izwaraim ; jabai auk ni galaubeiþ þatei ik im , gadauþniþ in frawaurhtim izwaraim .
43007012	Description	jah birodeins mikila bi ina was in managein : sumaih qeþun þatei sunjeins ist ; anþarai qeþun : ne , ak airzeiþ þo managein .
46015057	Grace	iþ guda awiliud izei gaf unsis sigis þairh fraujan unsarana Iesu Xristu .
54005005	Faith	aþþan soei bi sunjai widuwo ist jah ainakla , wenida du guda jah þairhwisiþ in bidom nahtam jah dagam .
43016024	Grace	und hita ni beduþ ni waihtais in namin meinamma ; bidjaiþ jah nimiþ , ei faheþs izwara sijai usfullida .
46007021	Recommendation	skalks galaþoþs wast , ni karos ; akei þauhjabai magt freis wairþan , mais brukei .
48001006	Sin	sildaleikja ei swaswe sprauto afwandjanda af þamma laþondin izwis in anstai Xristaus du anþaramma aiwaggelja ,
46007019	Recommendation	þata bimait ni waihts ist jah þata faurafilli ni waihts ist , ak fastubnja anabusne gudis .
45012008	Recommendation	… sa dailjands in allawerein , sa faurastandands in usdaudein , sa armands in hlasein .
53003014	Recommendation	iþ jabai hvas ni ufhausjai waurda unsaramma þairh þos bokos , þana gatarhjaiþ ; ni blandaiþ izwis miþ imma , ei gaskamai sik .
46015050	Sin	þata auk qiþa , broþrjus , þei leik jah bloþ þiudinassu gudis ganiman ni magun , nih riurei unriureins arbjo wairþiþ .
43006027	Recommendation	waurkjaiþ ni þana mat þana fralusanan , ak mat þana wisandan du libainai aiweinon , þanei sunus mans gibiþ izwis ; þanuh auk atta gasiglida guþ .
49005020	Faith	awiliudondans sinteino fram allaim in namin fraujins unsaris Iesuis Xristaus attin jah guda ,
48003006	Faith	swaswe jah Abraham galaubida gud … .
45008009	Faith	iþ jus ni sijuþ in leika , ak in ahmin , sweþauh jabai ahma gudis bauiþ in izwis . iþ jabai hvas ahman Xristaus ni habaiþ , sa nist is .
45011023	Faith	jah jainai , niba gatulgjand sik in ungalaubeinai , intrusgjanda ; mahteigs auk ist guþ aftra intrusgjan ins .
45013008	Recommendation	ni ainummehun waihtais skulans sijaiþ , niba þatei izwis misso frijoþ ; unte saei frijoþ nehvundjan , witoþ usfullida .
50003010	Faith	du kunnan ina jah maht usstassais is jah gamainduþ þulaine is , miþkauriþs was dauþau is ,
54005022	Recommendation	handuns sprauto ni man n hun lagjais , ni gamainja sijais frawaurhtim framaþjaim ; þuk silban swiknana fastais .
43007001	Violence	Jah hvarboda Iesus afar þata in Galeilaia ; ni auk wilda in Iudaia gaggan , unte sokidedun ina þai Iudaieis usqiman .
43007043	Description	þanuh missaqiss in þizai managein warþ bi ina .
46015056	Sin	aþþan gazds dauþaus frawaurhts , iþ mahts frawaurhtais witoþ .
55002018	Sin	þaiei bi sunjai uswissai usmetun , qiþandans usstass ju waurþana , jah galaubein sumaize uswaltidedun .
48005006	Faith	unte in Xristu Iesu nih bimait waiht gamag nih faurafilli , ak galaubeins þairh friaþwa waurstweiga .
46016001	Recommendation	Iþ bi gabaur þata þaim weiham , swaswe garaidida aikklesjom Galatiais , swa jah jus taujaiþ .
49005022	Recommendation	qenes seinaim abnam ufhausjaina swaswe fraujin ;
43008012	Faith	Aftra du im Iesus rodida qaþuh : ik im liuhaþ manasedais ; saei laisteiþ mik ni gaggiþ in riqiza , ak habaiþ liuhaþ libainais .
45013014	Faith	ak gahamoþ fraujin unsaramma Xristau Iesua jah leikis mun ni taujaiþ in lustuns .
43008034	Sin	andhof im Iesus : amen amen , qiþa izwis þatei hvazuh saei taujiþ frawaurht , skalks ist frawaurhtai .
54004013	Recommendation	unte qima , gaumei saggwa boko , gaþlaihtai , laiseinai .
47004008	Description	in allamma þraihanai , akei ni gaaggwidai ; andbitanai , akei ni afslauþidai ;
45012014	Recommendation	þiuþjaiþ þans wrikandans izwis : þiuþjaiþ jah ni unþiuþjaiþ ;
43017026	Grace	jah gakannida im namo þeinata jah kannja , ei friaþwa þoei frijodes mik , in im sijai jah ik in im .
45011018	Recommendation	ni hvop ana þans anstans ; iþ jabai hvopis , ni þu þo waurts bairis , ak so waurts þuk .
47001024	Faith	ni þatei fraujinoma izwarai galaubeinai , ak gawaurstwans sijum anstais izwaraizos , unte galaubeinai gastoþuþ .
43011001	Description	Wasuh þan sums siuks , Lazarus af Beþanias , us haimai Marjins jah Marþins , swistrs izos .
52004008	Sin	inuh þis nu saei ufbrikiþ , ni mann ufbrikiþ , ak guda , saei gaf ahman seinana weihana izwis .
51001023	Faith	jabai sweþauh þairhwisiþ in galaubeinai gaþwastidai jah gatulgidai jah ni afwagidai af wenai aiwaggeljons , þoei hausideduþ , sei merida ist in alla gaskaft þo uf himina , þizozei warþ ik Pawlus andbahts ;
43008059	Violence	þanuh nemun stainans , ei waurpeina ana ina ; iþ Iesus þan gafalh sik jah usiddja us alh usleiþands þairh midjans ins , jah hvarboda swa .
49004024	Recommendation	jag~gahamoþ þamma niujin mann þamma bi guda gaskapanin in garaihtein jah weihiþai sunjos .
43010011	Description	ik im hairdeis gods . hairdeis sa goda saiwala seina lagjiþ faur lamba .
49003002	Grace	jabai sweþauh hausideduþ fauragaggi gudis anstais , sei gibana ist mis in izwis ;
43010019	Description	þanuh missaqiss aftra warþ miþ Iudaium in þize waurde .
53003001	Faith	Þata anþar gabidjaiþ jah bi unsis , broþrjus , ei waurd fraujins þragjai jah mikiljaidau , swaswe jah at izwis ,
47004014	Faith	witandans þatei sa urraisjands fraujan Iesu jah unsis þairh Iesu urraiseiþ jah fauragasatjiþ miþ izwis .
46011028	Recommendation	aþþan gakiusai sik silban manna jah swa þis hlaibis matjai jaþ~þis stiklis drigkai .
46015058	Faith	swaei nu , broþrjus meinai liubans , tulgjai wairþaiþ , ungawagidai , ufarfulljandans in waurstwa fraujins sinteino , witandans þatei arbaiþs izwara nist lausa in fraujin .
46001021	Faith	unte auk in handugein gudis ni ufkunnaida sa fairhvus þairh handugein guþ , galeikaida guda þairh þo dwaliþa þizos wailamereinais ganasjan þans galaubjandans .
47005020	Recommendation	faur Xristu nu airinom , swe at guda gaþlaihandin þairh uns ; bidjandans faur Xristu gagawairþnan guda .
54003003	Description	nih weinnas , ni slahals , ak sutis , airknis , ni sakuls , ni faihufriks ,
47004005	Faith	aþþan ni uns silbans merjam , ak Iesu Xristu fraujan , iþ uns skalkans izwarans in Iesuis .
46015033	Recommendation	ni afairzjaindau : riurjand sidu godana gawaurdja ubila .
50001027	Recommendation	hveh þatainei wairþaba aiwaggeljons Xristaus usmitaiþ , ei jaþþe qimau jah gasaihvau izwis , jaþþe aljaþro gahausjau bi izwis , þatei standiþ in ainamma ahmin , ainai saiwalai samana arbaidjandans galaubeinai aiwaggeljons ,
55001006	Recommendation	in þizozei waihtais gamaudja þuk anaqiujan anst gudis , sei ist in þus þairh analagein handiwe meinaizo .
46007023	Recommendation	wairþa galaubamma usbauhtai sijuþ ; ni wairþaiþ skalkos mannam .
47002017	Faith	unte ni sium swe sumai maidjandans waurd gudis , ak us hlutriþai , ak swaswe us guda in andwairþja gudis in Xristau rodjam .
50002024	Faith	aþþan gatraua in fraujin , þammei jah silba sprauto qima .
53001003	Faith	Awiliudon skulum guda sinteino in izwara , broþrjus , swaswe wairþ ist , unte ufarwahseiþ galaubeins izwara jah managniþ friaþwa ainhvarjizuh allaize izwara in izwis misso ;
49005025	Recommendation	jus wairos frijoþ qenins izwaros , swaswe jah Xristus frijoda aikklesjon jah sik silban atgaf faur þo ,
45012017	Recommendation	ni ainummehun ubil und ubilamma usgibandans ; bisaihvandans godis ni þatainei in andwairþja gudis , ak jah in andwairþja manne allaize .
54003011	Recommendation	qinons samaleiko gariudos , ni diabulos , gafaurjos , triggwos in allamma .
43008049	Sin	andhof Iesus : ik unhulþon ni haba , ak swera attan meinana , jah jus unsweraiþ mik .
43006018	Description	iþ marei winda mikilamma waiandin urraisida was .
55001009	Grace	þis nasjandins uns jah laþondins uns laþonai weihai , ni bi waurstwam unsaraim , ak bi seinai leikainai jah anstai sei gibana ist unsis in Xristau Iesu faur mela aiweina ,
43019006	Violence	þaruh biþe sehvun ina þai maistans gudjans jah andbahtos , hropidedun qiþandans : ushramei , ushramei ina ! qaþ im Peilatus : nimiþ ina jus jah hramjiþ . iþ ik fairina in imma ni bigita .
54003016	Grace	jah unsahtaba mikils ist gagudeins runa saei gabairhtiþs warþ in leika , garaihts gadomiþs warþ in ahmin , ataugids warþ þaim aggilum , merids warþ in þiudom , galaubiþs warþ in fairhvau , andnumans warþ in wulþau .
54006001	Recommendation	Swa managai swe sijaina uf jukuzjai skalkans , seinans fraujans allaizos sweriþos wairþans rahnjaina , ei namo fraujins jah laiseins ni wajamerjaidau .
51003009	Recommendation	ni liugaiþ izwis misso , afslaupjandans izwis þana fairnjan mannan miþ tojam is ,
54006003	Faith	jabai hvas aljaleikos laisjai jan~ni atgaggiþ du hailaim waurdam þaim fraujins unsaris Iesuis Xristaus jah þizai bi gagudein laiseinai ,
47001005	Grace	unte swaswe ufarassus ist þulaine Xristaus in uns , swa jah þairh Xristu ufar filu ist jah gaþrafsteins unsara .
54001009	Sin	witan d s þatei garaihtamma witoþ nist satiþ , ak witodalausaim jah untalaim jah unsibjaim jah frawaurhtaim jah unairknaim jah usweihaim , attans bliggwandam jah aiþeins bliggwandam , mannans maurþrjandam ,
46005009	Recommendation	gamelida izwis ana þizai aipistaulein : ni blandaiþ izwis horam ,
45007015	Description	þatei waurkja , ni fraþja ; unte ni þatei wiljau tauja , ak þatei fija þata tauja .
46004010	Description	weis dwalai in Xristaus , iþ jus frodai in Xristau ; weizuþ~þan unmahteigai , iþ jus swinþai ; juzuþ~þan wulþagai , iþ weis unswerai .
51003022	Recommendation	þewisa , ufhausjaiþ bi all þaim bi leika fraujam , ni in augam skalkinondans , swe mannam samjandans , ak in ainfalþein hairtins , ogandans guþ .
54006011	Recommendation	iþ þu , jai manna gudis , þata þliuhais , iþ laistjais garaihtein , gagudein , galaubein , frijaþwa , þulain , qairrein .
54002012	Recommendation	iþ galaisjan qinon ni uslaubja , nih fraujinon faura waira , ak wisan in þahainai .
48005013	Recommendation	jus auk du freihalsa laþodai sijuþ , broþrjus ; þatainei ibai þana freihals du lewa leikis taujaiþ , ak in friaþwos ahmins skalkinoþ izwis misso .
45009005	Description	þizeei attans , jah us þaimei Xristus bi leika , saei ist ufar allaim guþ þiuþiþs in aiwam , amen .
47001006	Description	aþþan jaþþe þreihanda in izwaraizos gaþlaihtais jah naseinais þizos waurstweigons in stiwitja þizo samono þulaine , þozei jah weis winnam , jah wens unsara gatulgida faur izwis ; jaþþe gaþrafstjanda in izwaraizos gaþlaihtais jah naseinais ,
47001021	Faith	aþþan sa gaþwastjands unsis miþ izwis in Xristau jah salbonds uns guþ ,
43014023	Faith	andhof Iesus jah qaþ du imma : jabai hvas mik frijoþ , jah waurd mein fastaiþ , jah atta meins frijoþ ina , jah du imma galeiþos jah saliþwos at imma gataujos .
48004007	Grace	swaei ni þanaseiþs is skalks , ak sunus ; iþ þande sunus , jah arbja gudis þairh Xristu .
43010033	Sin	andhofun imma þai Iudaieis : in godis waurstwis ni stainjam þuk , ak in wajamereins , jah þatei þu manna wisands taujis þuk silban du guda .
47004001	Faith	Duþþe habandans þata andbahti , swaswe gaarmaidai waurþum , ni wairþaima usgrudjans ,
45014003	Recommendation	sa matjands þamma ni matjandin ni frakun n i , iþ sa ni matjands þana matjandan ni stojai ; guþ auk ina andnam .
45015005	Grace	iþ guþ þulainais jah þrafsteinais gibai izwis þata samo fraþjan in izwis misso bi Xristu Iesu ,
47005008	Faith	aþþan gatrauam jah waljam mais usleiþan us þamma leika jah anahaimjaim wisan at fraujin .
50003002	Violence	saihviþ þans hundans , saihviþ þans ubilans waurstwjans , saihviþ þo gamaitanon .
56001016	Sin	guþ andhaitand kunnan , iþ waurstwam inwidand , andasetjai wisandans jah ungalaubjandans , jah du allamma waurstwe godaize uskusanai .
45010002	Faith	weitwodja auk im þatei aljan gudis haband , akei ni bi kunþja .
47001004	Grace	saei gaþrafstida uns ana allai aglon unsarai , ei mageima weis gaþrafstjan þans in allaim aglom þairh þo gaþlaiht þizaiei gaþrafstidai sijum silbans fram guda .
55002015	Recommendation	usdaudei þuk silban gakusanana usgiban guda waurstwjan unaiwiskana , raihtaba raidjandan waurd sunjos .
53002004	Description	sa andstandands jah ufarhafjands sik ufar all qiþanana guþ aiþþau allata blotinassu , swaei ina in alh gudis gasitan , s … .
45008037	Grace	akei in þaim allaim jiukam þairh þana frijondan uns .
46013006	Faith	nih faginoþ inwindiþai , miþfaginoþ sunjai ;
43015014	Recommendation	jus frijonds meinai sijuþ , jabai taujiþ þatei ik anabiuda izwis .
55003006	Sin	unte us þaim sind þaiei sliupand in gardins jah frahunþana tiuhand qineina afhlaþana frawaurhtim , þoei tiuhanda du luslustum missaleikaim ,
49004015	Faith	iþ sunja taujandans in frijaþwai wahsjaima in ina þo alla , ize ist haubiþ , Xristus ,
49004003	Faith	usdaudjandans fastan ainamundiþa ahmins in gabundjai gawairþeis .
43008051	Faith	amen amen qiþa izwis : jabai hvas waurd mein fastaiþ , dauþu ni gasaihviþ aiwa dage .
47002014	Faith	aþþan guda awiliud þamma sinteino ustaiknjandin hroþeigans uns in Xristau jah daun kunþjis seinis gabairhtjandin in allaim stadim þairh uns ;
43006037	Grace	all þatei gaf mis atta , du mis qimiþ , jah þana gaggandan du mis ni uswairpa ut ;
45012010	Recommendation	broþralubon in izwis misso friaþwamildjai ; sweriþai izwis misso faurarahnjandans ;
54005017	Recommendation	… in waurda jah in laiseinai .
43015002	Grace	all taine in mis unbairandane akran goþ , usnimiþ ita : jah all akran bairandane , gahraineiþ ita , ei managizo akran bairaina .
52004013	Recommendation	aþþan ni wileima izwis unweisans , broþrjus , bi þans anaslepandans , ei ni saurgaiþ swe þai anþarai þaiei ni haband wen .
45013012	Recommendation	nahts framis galaiþ , iþ dags atnehvida ; uswairpam nu waurstwam riqizis , iþ gawasjam sarwam liuhadis .
49006009	Recommendation	jah jus fraujans jah jus fraujans þata samo taujaiþ wiþra ins , fraletandans im hvotos , witandans þatei im jah izwis sama frauja ist in himinam , jah wiljahalþei nist at imma .
45012015	Recommendation	faginon miþ faginondam , gretan miþ gretandam .
43013021	Description	þata qiþands Iesus indrobnoda ahmin jah weitwodida jah qaþ : amen amen , qiþa izwis þatei ains izwara galeweiþ mik .
45008010	Faith	jabai auk Xristus in izwis , leik raihti … .
48005021	Sin	neiþa , maurþra , drugkaneins , gabauros jah þata galeiko þaim , þatei faur a qiþa izwis , swe ju fauraqaþ , þatei þai þata swaleik tataujandans þiudangardjos gudis arbjans ni wairþand .
43012036	Faith	þande liuhaþ habaiþ , galaubeiþ du liuhada , ei sunjus liuhadis wairþaiþ . þata rodida Iesus , jah galaiþ jah gafalh sik faura im .
48006009	Recommendation	aþþan þata godo taujandans ni wairþaima usgrudjans ; unte at mel swesata sneiþam ni afmauidai .
48002019	Faith	unte ik þairh witoþ witoda gaswalt , ei guda libau .
54004010	Faith	duþþe allis arbaidjam jah idweitjanda , unte wenidedum du guda libandin , saei ist nasjands allaize manne , þishun galaubjandane .
55002024	Recommendation	iþ skalks fraujins ni skal sakan , ak qairrus wisan wiþra allans , laiseigs , usþulands ,
52005015	Recommendation	saihviþ ibai hvas ubil und ubilamma hvamma usgildai , ak sinteino þiuþ laistjaiþ miþ izwis misso jah wiþra allans .
43006054	Faith	saei matjiþ mein leik jah driggkiþ mein bloþ , aih libain aiweinon , jah ik urraisja ina in þamma spedistin daga .
43019011	Sin	andhof Iesus : ni aihtedeis waldufnje ainhun ana mik , nih wesi þus atgiban iupaþro ; duhþe sa galewjands mik þus maizein frawaurht habaid .
45008003	Sin	unte þata unmahteigo witodis , in þammei siuks was þairh leik , guþ seinana sunu insandjands in galeikja leikis frawaurhtais jah bi frawaurht gawargida frawaurht in leika ,
51003021	Recommendation	jus attans , ni gramjaiþ barna izwara du þwairhein , ei ni wairþaina in unlustau .
46011027	Sin	eiþan hvazuh saei matjiþ þana hlaif aiþþau drigkai þana stikl fraujins unwairþaba fraujins , skula wairþiþ leikis jah bloþis fraujins .
43018003	Description	iþ Iudas nam hansa jah þize gudjane jah Fareisaie andbahtans , iddjuh jaindwairþs miþ skeimam jah haizam jah wepnam .
53003003	Grace	aþþan triggws frauja saei gatulgeiþ izwis jah galausjai izwis af þamma ubilin .
55004004	Sin	aþþan af sunjai hausein afwandjand , iþ du spillam gawandjand sik .
43006064	Faith	akei sind izwara sumai , þaiei ni galaubjand . wissuh þan us frumistja Iesus hvarjai sind þai ni galaubjandans , jah hvas ist saei galeiweiþ ina .
43013026	Description	andhof Iesus : sa ist þammei ik ufdaupjands þana hlaif giba . jah ufdaupjands þana hlaif gaf Iudin Seimonis , Skariotau .
43013020	Faith	amen amen qiþa izwis : saei andnimiþ þana þanei ik insandja , mik andnimiþ ; iþ saei mik andnimiþ , andnimiþ þana sandjandan mik .
43017010	Faith	jah meina alla þeina sind jah þeina meina , jah hauhiþs im in þaim .
50002003	Recommendation	ni waiht bi haifstai aiþþau lausai hauheinai , ak in allai hauneinai gahugdais anþar anþarana munands sis auhuman ;
46007028	Recommendation	aþþan jabai nimis qen , ni frawaurhtes , jah jabai liugada mawi , ni frawaurhta , iþ aglon leikis gastaldand þo swaleika . iþ ik izwis freidj … .
49006012	Sin	unte nist izwis brakja wiþra leik jah bloþ , ak wiþra reikja jah waldufnja , wiþra þans fairhvu habandans riqizis þis , wiþra þo ahmeinona unseleins in þaim himinakundam .
52005019	Recommendation	ahman ni afhvapjaiþ .
43007018	Faith	saei fram sis silbin rodeiþ , hauhiþa seina sokeiþ ; iþ saei sokeiþ hauhiþa þis sandjandins sik , sah sunjeins ist jah inwindiþa in imma nist .
47004007	Grace	aþþan habandans þata huzd in airþeinaim kasam , ei ufarassus sijai mahtais gudis jah ni us unsis .
45012019	Recommendation	ni izwis silbans gawrikandans , liubans , ak gibiþ staþ þwairhein ; gameliþ ist auk : mis fraweit leitaidau , ik fragilda , qiþiþ frauja .
43008054	Faith	andhof Iesus : jabai ik hauhja mik silban , so hauheins meina ni waihts ist ; ist atta meins saei hauheiþ mik , þanei jus qiþiþ þatei guþ unsar ist .
45014020	Recommendation	ni nunu in matis gatair waurstw gudi … .
48006007	Recommendation	ni wairþaiþ airzjai ; guþ ni bilaikada . manna auk þatei saiiþ þatuh jah sneiþiþ .
45011022	Grace	sai nu selein jah hvassein garaihta gudis ; aþþan ana þaim þaiei gadrusun , hvassein , iþ ana þus selein , jabai þairhwisis in selein ; aiþþau jah þu usmaitaza ,
55001016	Grace	gibai armaion frauja Auneiseifauraus garda , unte ufta mik anaþrafstida jah naudibandjo meinaizo ni skamaida sik ;
48005016	Recommendation	aþþan qiþa ei ahmin gaggaiþ jah lustu leikis ni ustiuhaiþ .
54001015	Grace	triggw þata waurd jah allaizos andanumtais wairþ , þatei Xristus Iesus qam in þamma fairhvau frawaurhtans nasjan , þizeei frumists im ik .
49006010	Faith	þata nu anþar , broþrjus meinai , inswinþjaiþ izwis in fraujin jah in mahtai swinþeins is .
43010031	Violence	nemun aftra stainans þai Iudaieis , ei waurpeina ana ina .
46011003	Description	wiljauþ~þan izwis witan þatei allaize abne haubiþ Xristus ist ; iþ haubiþ qinons aba ; iþ haubiþ Xristaus guþ .
49005011	Recommendation	jah ni gamainjaiþ waurstwam riqizi … .
45012009	Recommendation	friaþwa unliuta ; fiandans ubila , haftjandans godamma ;
43019010	Description	þaruh qaþ imma Peilatus : du mis ni rodeis ? niu waist þatei waldufni aih ushramjan þuk jah waldufni aih fraletan þuk ?
56001010	Sin	sind auk managai ungahvairbai , lausaiwaurdai , lutondans , þishun þai us bimaita ,
43017022	Grace	jah ik wulþu þanei gaft mis , gaf im , ei sijaina ain , swaswe wit ain siju .
55001013	Faith	frisaht habands hailaize waurde , þoei at mis hausides in galaubeinai jah frijaþwai in Xristau Iesu ,
46015034	Recommendation	usskarjiþ izwis garaihtaba jan~ni frawaurkjaid ; unkunþi gudis sumai haband ; du aiwiskja izwis rodja .
49004002	Recommendation	miþ allai hauneinai jah qairrein , miþ usbeisnai usþulandans izwis misso in frijaþwai ,
43014010	Faith	niu galaubeis þatei ik in attin jah atta in mis ist ? þo waurda þoei ik rodja izwis , af mis silbin ni rodja , ak atta saei in mis ist , sa taujiþ þo waurstwa .
43013034	Recommendation	anabusn niuja giba izwis , ei frijoþ izwis misso swe ik frijoda izwis , þei jah jus frijoþ misso izwis .
47005001	Grace	Witum auk þatei , jabai sa airþeina unsar gards þizos hleiþros gatairada , ei gatimrjon us guda habam , gard unhanduwaurhtana aiweinana in himinam .
43012044	Faith	iþ Iesus hropida jah qaþ : saei galaubeiþ du mis ni galaubeiþ du mis , ak du þamma sandjandin mik .
55003002	Sin	jah wairþand mannans sik frijondans , faihugairnai , bihaitjans , hauhhairtai , wajamerjandans , fadreinam ungahvairbai , launawargos , unairknans ,
45014014	Sin	wait jag~gatraua in fraujin Iesua , þatei ni waiht gawamm þairh sik silbo , niba þamma munandin hva unhrain wisan , þamma gamain ist .
54004006	Faith	þata insakands broþrum goþs wairþis andbahts Xristaus Iesuis , alands waurdam galaubeinais jah godaizos laiseinais þoei galaistides .
