62003016	Faith	בזאת הכרנו את האהבה כי הוא נתן את נפשו בעדנו גם אנחנו חיבים לתת את נפשתינו בעד אחינו׃
43013001	Grace	ולפני חג הפסח כשידע ישוע כי באה שעתו לעבר מן העולם הזה אל אביו כאשר אהב את בחיריו אשר בעולם כן אהבם עד הקץ׃
58003017	Sin	ובמי התקוטט ארבעים שנה הלא בחטאים אשר נפלו פגריהם במדבר׃
60001014	Recommendation	כבני משמעת אל תתנהגו בתאות אשר התאויתם בעוד היותכם בבלי דעת׃
45011032	Grace	כי האלהים הסגיר את כלם ביד המרי למען יחן את כלם׃
66006006	Description	ואשמע קול מתוך ארבע החיות לאמר קב חטים בדינר ושלשה קבים שערים בדינר ואת השמן והיין אל תשחת׃
59004010	Recommendation	הכנעו לפני יהוה והוא ירים אתכם׃
44017031	Grace	יען אשר שת יום לשפט תבל בצדק על ידי איש אשר הפקידו ויתן עדות נאמנה לכלם בהקימו אתו מן המתים׃
43019002	Description	וישרגו אנשי הצבא עטרת קצים וישימו אתו על ראשו ויעטהו לבוש ארגמן׃
54005014	Recommendation	על כן רצוני כי הצעירות תהיינה לאיש ללדת בנים ולהנהיג את בתיהן ולא לתת לאיב תאנה לחרף׃
43014011	Faith	האמינו לי כי אנכי באבי ואבי בי הוא ואם לא אך בגלל המעשים האמינו לי׃
66020014	Violence	והמות והשאול השלכו באגם האש והוא המות השני׃
58009026	Description	כי אם כן הוא הלא היה לו לענות פעמים רבות מראשית העולם ועתה בקץ העתים נגלה בפעם אחת כדי לבטל את החטא בזבח נפשו׃
44013018	Description	וישא אתם ויכלכלם במדבר כארבעים שנה׃
46011033	Recommendation	על כן אחי בהקהלכם יחד לאכל תחכו איש אל רעהו׃
66006012	Violence	וארא בפתחו את החותם הששי והנה רעש גדול היה ויקדר השמש כשק שער והירח נהפך לדם׃
58011035	Violence	נשים לקחו מתחיה את מתיהן ואחרים רטשו בענוים ולא אבו להנצל למען יזכו לתחיה טובה ממנה׃
44016037	Violence	ויאמר פולוס אליהם הכה הכונו נגד כל העם בלא דין ומשפט ואנחנו אנשים רומיים וישליכו אתנו במשמר ועתה נסתר יגרשונו אל נא כי אם יבאו המה ויוציאונו׃
45013009	Recommendation	כי מצות לא תנאף לא תרצח לא תגנב לא תענה עד שקר לא תחמד ועוד כאלה כלולות הנה במאמר הזה ואהבת לרעך כמוך׃
62003003	Faith	וכל אשר לו תקוה כזאת יטהר את עצמו כאשר טהור גם הוא׃
45007022	Faith	כי לפי האדם הפנימי חפצתי בתורת אלהים׃
50004004	Recommendation	שמחו באדנינו בכל עת ועוד הפעם אמר אני שמחו׃
66001012	Description	ואפן לראות את הקול המדבר אלי ויהי בפנותי וארא שבע מנרות זהב׃
58003018	Sin	ולמי נשבע לבלתי בא אל מנוחתו אם לא לסוררים׃
43010008	Sin	כל אשר באו לפני גנבים המה ופריצים והצאן לא שמעו לקולם׃
60002018	Recommendation	העבדים הכנעו לפני אדניכם בכל יראה לא לפני הטובים והענוים לבד כי אם גם לפני העקשים׃
44006013	Description	ויעמידו עדי שקר אשר אמרו האיש הזה איננו חדל מהטיח דברים נגד מקום הקדש הזה ונגד התורה׃
47005018	Faith	והכל מאת האלהים המרצה אתנו לעצמו על ידי ישוע המשיח ויתן לנו שרות הרצוי׃
59005010	Recommendation	אחי הנביאים אשר דברו בשם יהוה הם יהיו לכם למופת העני והתוחלת׃
44002021	Faith	והיה כל אשר יקרא בשם יהוה ימלט׃
66007012	Faith	ויאמרו אמן הברכה והכבוד והחכמה והתודה וההדר והכח והעז לאלהינו לעולמי עולמים אמן׃
60003003	Recommendation	ופארכן אל יהי מבחוץ במחלפות שער ועדי זהב ולבישת מחלצים׃
55001008	Faith	לכן אל תבוש לא מעדות אדנינו ולא ממני אסירו כי אם תסבל הרעות גם אתה כמוני על הבשורה כפי כח האלהים׃
43017019	Description	והתקדשתי בעדם למען יהיו גם הם מקדשים באמת׃
66003002	Recommendation	שקד וחזק את השארית הקרובה למות כי לא מצאתי מעשיך שלמים לפני האלהים׃
66016004	Description	וישפך השלישי את קערתו בנהרות ובמעינות המים ויהיו לדם׃
45005002	Faith	אשר בידו מצאנו באמונה מבוא אל החסד הזה אשר אנחנו עמדים בו ונתהלל בתקות כבוד האלהים׃
49005005	Sin	כי זאת ידע תדעו כי כל זנה וטמא ואהב בצע שהוא עבד אלילים אין לו חלק ונחלה במלכות המשיח והאלהים׃
58011008	Faith	באמונה שמע אברהם כאשר נקרא ללכת אל הארץ אשר יירשנה ויצא ולא ידע אנה יבוא׃
49005018	Recommendation	ואל תשתכרו מיין המביא לידי פריצות כי אם המלאו ברוח׃
61002002	Sin	ורבים ילכו אחרי תועבותם ובעבורם יתן דרך האמת לגדופים׃
49002018	Faith	כי על ידו יש לשנינו מבוא ברוח אחד אל אבינו׃
44021025	Recommendation	ועל דבר המאמינים בגוים כתבנו וגזרנו אשר לא ישמרו דבר מאלה רק להשמר מזבחי אלילים ומן הדם ומבשר הנחנק ומן הזנות׃
44005003	Sin	ויאמר פטרוס חנניה למה זה מלא השטן את לבבך לשקר ברוח הקדש ולהסתיר ממחיר השדה׃
49004014	Recommendation	ולא נהיה עוד ילדים נגרשים ונדפים בכל רוח הלמוד בתרמית בני אדם ומקשותם אשר שתו להתעות׃
46006009	Sin	הלא ידעתם כי הרשעים לא יירשו את מלכות האלהים אל תתעו את נפשותיכם לא הזנים לא עבדי אלילים לא המנאפים ולא הקדשים ולא השכבים את זכר׃
58010025	Recommendation	ואל נעזב את כנאיתנו כמנהג קצת אנשים כי אם נוכיח איש את אחיו וביותר בראתכם כי קרוב היום׃
51003005	Sin	על כן תמותתו את אבריכם בארץ את הזנות והטמאה והזמה והתאות הרעות ונטות אחרי הבצע אשר היא עבודת אלילים׃
52005008	Faith	ואנחנו בני היום ננזרה נא ונלבש את שריון האמונה והאהבה וככובע את תקות הישועה׃
55001007	Grace	כי האלהים לא נתן לנו רוח אימה כי אם רוח גבורה ואהבה ומוסר׃
62002004	Sin	האמר הכרתיו ואת מצותיו לא ישמר כזב הוא והאמת אין בו׃
50002002	Faith	השלימו נא את שמחתי בהיות לכם לב אחד ואהבה אחת ונפש אחת ורצון אחד׃
43007030	Description	ויבקשו לתפשו ואיש לא שלח בו יד כי לא בא עתו׃
54006018	Recommendation	ויגמלו טוב ויעשירו במעשים טובים לתת מהונם ולעזר לזולתם׃
43018030	Description	ויענו ויאמרו אליו לולא היה זה עשה רע כי עתה לא הסגרנהו אליך׃
45014006	Faith	השמר את היום לאדון שמר אתו ואשר איננו שמר את היום לאדון איננו שמר האכל לאדון הוא אכל כי מודה הוא לאלהים ואשר איננו אכל לאדון איננו אכל ומודה הוא לאלהים׃
45012012	Recommendation	שמחו בתוחלת סבלו בצרה שקדו על התפלה׃
44024023	Description	ויצו את שר המאה לשום אתו במשמר ולתת לו רוחה ולבלתי מנע איש ממידעיו משרת אתו ומבוא אליו׃
46013007	Description	את כל תשא את כל תאמין את כל תקוה ואת כל תסבל׃
47004013	Faith	ובהיות לנו הרוח ההוא של האמונה כדבר הכתוב האמנתי כי אדבר גם אנחנו נאמין ועל כן נדבר׃
52005014	Recommendation	והננו מזהירים אתכם אחי הוכיחו את הסוררים אמצו את רכי הלבב תמכו את החלשים והאריכו רוח אל כל אדם׃
66016010	Description	וישפך החמישי את קערתו על כסא החיה ותחשך מלכותה וינשכו מכאב לב את לשונם׃
48006016	Grace	וכל המהלכים כפי השורה הזאת שלום ורחמים עליהם ועל ישראל אשר לאלהים׃
44018025	Faith	הוא היה מלמד דרך האדון והוא מדבר כחם רוחו ומלמד היטב על אדות ישוע ולא ידע כי אם טבילת יוחנן לבדה׃
46010031	Recommendation	לכן אם תאכלו או אם תשתו או כל אשר תעשו את הכל עשו לכבוד אלהים׃
62002027	Recommendation	ואתם המשחה אשר קבלתם מאתו עמדת בכם ולא תצטרכו לאיש אשר ילמדכם כי אם כאשר תלמד אתכם המשחה בכל דבר היא האמת ואיננה כזב וכאשר למדה אתכם כן תעמדו בו׃
59002026	Faith	כי כאשר הגוף בלי נשמה מת הוא כן גם האמונה בלי מעשים מתה היא׃
44027035	Description	הוא דבר את הדברים האלה והוא לקח את הלחס ויודה לאלהים לפני כלם ויבצע ויחל לאכל׃
44015020	Sin	רק לכתב אליהם אשר ירחקו מטמאת האלילים ומן הזנות ומבשר הנחנק ומן הדם׃
44023003	Sin	ויאמר אליו פולוס יככה אלהים הקיר המסיד האמנם ישב אתה לדין אתי כתורה ואתה מצוה להכותי שלא כתורה׃
45008001	Description	על כן אין אשמה באלה אשר הם במשיח ישוע המתהלכים בלא כבשר כי אם לפי הרוח׃
52005009	Grace	יען אשר לא יעדנו האלהים לחרון כי אם לנחל את הישועה על ידי אדנינו ישוע המשיח׃
66020008	Violence	ויצא להדיח את הגוים בארבע כנפות הארץ את גוג ומגוג ולקבצם למלחמה אשר מספרם כחול הים׃
46006011	Grace	וכאלה לפנים היו מקצתכם אבל רחצתם אבל קדשתם אבל הצדקתם בשם האדון ישוע וברוח אלהינו׃
55001012	Faith	ובעבור זאת אסבל כאלה ולא אבוש כי יודע אנכי במי האמנתי ומבטח אנכי כי היכלת לו לשמר את פקדוני עד היום ההוא׃
49006018	Faith	והתפללו תמיד בכל עת בתפלה ותחנונים ברוח ושקדו והתאמצו על זאת להעתיר תמיד בעד כל הקדשים׃
52001001	Grace	פולוס וסלונוס וטימותיוס אל קהלת התסלוניקים באלהים האב ובאדון ישוע המשיח חסד לכם ושלום מאת אלהים אבינו ואדנינו ישוע המשיח׃
50004005	Faith	ענות רוחכם תודע לכל איש קרב הוא האדון׃
46011026	Faith	כי בכל עת שתאכלו את הלחם הזה ותשתו את הכוס הזאת הזכר תזכירו את מות אדנינו עד כי יבוא׃
59005015	Faith	ותפלת האמונה תושיע את החולה ויהוה יקימנו ואשר חטא יסלח לו׃
55001003	Faith	מודה אני לאלהים אשר אני עבד אותו מימי אבותי ברוח טהורה כי תמיד אזכרך בתפלותי לילה ויומם׃
66006016	Description	ויאמרו אל ההרים ואל הסלעים נפלו עלינו וכסונו מפני הישב על הכסא ומפני חמת השה׃
66002017	Description	מי אשר אזן לו ישמע את אשר הרוח אמר לקהלות המנצח אאכילנו מן המן הגנוז ונתתי לו אבן לבנה ועל האבן מפתח שם חדש אשר לא ידענו איש זולתי המקבל׃
61002003	Sin	ובדברי בדוי יעשו אתכם למחסר להם למען בצע בצע אשר משפטם מעולם לא יתמהמה ושברם לא ינום׃
53002011	Sin	ובעבור זאת ישלח להם האלהים מדוחי שוא להאמין בשקר׃
45002024	Sin	כי שם האלהים בגללכם מחלל בגוים כאשר כתוב׃
55003008	Sin	כי כמו יניס וימבריס אשר קמו על משה כן גם אלה מתקוממים אל האמת אנשים אשר נשחתה דעתם ונמאסים בדבר האמונה׃
66003019	Recommendation	]12-02[ אני את כל אשר אהב אוכיחם ואיסרם לכן תשקד ותשוב, הנני עמד לפתח ודפק והיה כי ישמע איש לקולי ופתח הפתח אבוא אליו לסעוד עמו והוא עמדי׃
45005001	Faith	לכן אחרי נצדקנו באמונה שלום לנו עם האלהים באדנינו ישוע המשיח׃
54004016	Recommendation	שית לבך לנפשך ולהוראה והחזק בזה כי בעשותך כן תושיע את נפשך ואת נפש השמעים אליך׃
44026011	Violence	ובכל בתי הכנסיות יסרתי אתם פעמים רבות ואנסתים לגדף ואתהוללה בם עד מאד וארדפם עד לערים אשר חוצה לארץ׃
48005019	Sin	וגלוים הם פעלי הבשר אשר הם נאוף זנות טמאה וזמה׃
46003007	Grace	על כן הנטע איננו מאומה והמשקה איננו מאומה כי אם האלהים המצמיח׃
46001007	Faith	עד כי לא חסרתם כל מתן החסד והנכם מחכים להתגלות אדנינו ישוע המשיח׃
66014002	Description	ואשמע קול מן השמים כקול מים רבים וכקול רעם גדול ואשמע קול תפשי כנור המנגנים בכנורותיהם׃
44010043	Faith	ועליו כל הנביאים מעידים כי יקבלו סליחת החטאים בשמו כל המאמינים בו׃
45002007	Faith	למתמידים בעשות הטוב ומבקשים את הכבוד וההדר ואת אשר איננו עבד יתן את חיי העולמים׃
66001004	Grace	יוחנן אל שבע הקהלות אשר באסיא חסד לכם ושלום מאת ההוה והיה ויבוא ומן שבעת הרוחות אשר לפני כסאו׃
44019004	Faith	ויאמר פולוס יוחנן הטביל בטבילת התשובה ואמר אל העם כי האמן יאמינו באשר יבוא אחריו והוא המשיח ישוע׃
61002009	Violence	כי יודע יהוה להציל את חסידיו מנסיון ולחשך את הרשעים ליום המשפט להשיב גמולם להם׃
58011016	Grace	אכן נכספו למושב טוב ממנו והוא בשמים ועל כן לא בוש האלהים להקרא אלהיהם כי הכין להם עיר׃
54004007	Recommendation	אך התרחק מהגדות פסולות ובלות והרגל עצמך בחסידות׃
66020009	Violence	ויעלו על מרחבי ארץ ויסבו את מחנה הקדשים ואת העיר החביבה ותרד אש מאת האלהים מן השמים ותאכל אתם׃
44010048	Description	ויצו לטבל אתם בשם האדון ויבקשו ממנו לשבת אתם ימים אחדים׃
45002019	Grace	ובטחת בנפשך להיות מוליך העורים ואור להלכים בחשך׃
62002025	Grace	וההבטחה אשר הבטיחנו היא חיי עולמים׃
59003017	Description	אבל החכמה אשר ממעל בראשונה צנועה היא אף אהבת שלום ומכרעת לכף זכות ואיננה עמדת על דעתה ומלאה רחמים ופרי טוב בלא לב ולב ובלי חנפה׃
43003035	Faith	האב אהב את בנו ואת כל נתן בידו׃
61003009	Grace	ולא יאחר יהוה את אשר הבטיח כאשר יש חשבים אתה לאחור כי אך האריך אפו בעבורנו ולא יחפץ באבד איש כי אם בפנות כלם לתשובה׃
46007007	Grace	כי מי יתן והיה כל אדם כמני אך יש לכל איש מתנתו מאת האלהים זה בכה וזה בכה׃
46014001	Recommendation	רדפו אחרי האהבה והתאוו מתנות הרוח וביותר אשר תתנבאו׃
47004006	Grace	כי האלהים אשר אמר ויפע אור מחשך הוא הופיע בלבנו להפיץ אור דעת כבוד האלהים אשר בפני המשיח׃
44018024	Description	ואיש יהודי בא אל אפסוס ועיר מולדתו אלכסנדריא ושמו אפולוס איש דברים ותקיף בכתובים׃
58013012	Grace	בעבור זאת גם ישוע למען קדש בדמו את העם ענה מחוץ לשער׃
56002015	Recommendation	את אלה תדבר ותזהיר ותוכיח בכל חזקה ואיש אל יבוז לך׃
62004009	Grace	בזאת נראתה אהבת האלהים לנו כי שלח האלהים את בנו את יחידו לעולם למען נחיה על ידו׃
43017024	Grace	אבי חפצתי כי גם הם אשר נתתם לי יהיו עמי באשר אהיה אני למען יחזו את כבודי אשר נתת לי כי אהבתני לפני מוסדות עולם׃
45003016	Sin	שד ושבר במסלותם׃
58004014	Faith	ועתה בהיות לנו כהן ראש גדול אשר עבר בשמים הוא ישוע בן האלהים נחזיקה בהודאתנו׃
61001017	Grace	כי לקח מאת אלהים האב יקר וכבוד בבא אליו קול מתוך הדרת כבודו לאמר זה בני ידידי רצתה נפשי בו׃
46012011	Description	וכל אלה פעל הרוח האחד ההוא המחלק לאיש איש כרצונו׃
66008012	Description	והמלאך הרביעי תקע בשופר ותכה שלישית השמש ושלישית הירח ושלישית הכוכבים למען תחשך שלישיתם והיום לא יאיר שלישיתו וכן גם הלילה׃
44018017	Violence	ויאחזו כל היונים את סוסתנים ראש הכנסת ויכוהו לפני כסא המשפט וגליון לא שת לבו גם לזאת׃
43010039	Violence	אז ישובו ויבקשו לתפשו וימלט מידם׃
47004016	Faith	ובעבור זאת לא נחת ואף אם יכלה בנו האדם החיצון הנה האדם הפנימי יתחדש יום יום׃
43012003	Description	ותקח מרים מרקחת נרד זך ויקר מאד לטרא אחת משקלה ותמשח בה את רגלי ישוע ותנגב את רגליו בשערותיה והבית ימלא ריח המרקחת׃
58011009	Faith	באמונה היה גר בארץ ההבטחה כמו בנכריה וישב באהלים הוא ויצחק ויעקב אשר ירשו עמו ההבטחה ההיא׃
50003017	Recommendation	אחי היו חברים להלכים אחרי והביטו אל המתהלכים כן כאשר אנחנו מופת לכם׃
48006002	Recommendation	שאו איש את משא רעהו בזאת תמלאו את תורת המשיח׃
59002024	Faith	הנכם ראים כי במעשים יצדק האיש ולא באמונה לבדה׃
45009014	Faith	אם כן מה נאמר הכי יש עול באלהים חלילה׃
45014001	Recommendation	ואת החלוש באמונה אותו קבלו ולא לדין את המחשבות׃
66012007	Violence	ותהי מלחמה בשמים מיכאל ומלאכיו נלחמים בתנין והתנין נלחם ומלאכיו׃
49004026	Recommendation	רגזו ואל תחטאו אל תשקע החמה על רגזכם׃
60003009	Recommendation	אל תשלמו רעה תחת רעה או חרפה תחת חרפה כי אם תברכו מדעתכם כי לזאת נקראתם למען תירשו את הברכה׃
43008029	Grace	ואשר שלח אתי הוא עמדי האב לא עזבני לבדד כי את הטוב בעיניו אני עשה תמיד׃
49006014	Recommendation	עמדו נא חגורי מתנים באמת ומלבשים בשריון הצדק׃
66001020	Description	את סוד שבעת הכוכבים אשר ראית בימיני ואת שבע מנרות הזהב שבעת הכוכבים הם מלאכי שבע הקהלות ושבע המנרות אשר ראית שבע קהלות הנה׃
58002009	Grace	אבל ישוע המחסר מעט ממלאכים אותו ראינו מעטר בכבוד והדר מפני ענותו עד מות למען אשר יטעם בחסד אלהים את המות בעד כלם׃
50002013	Grace	כי האלהים הוא הפעל בכם גם לחפץ גם לפעל כפי רצונו׃
43015011	Grace	את אלה דברתי אליכם בעבור תהיה שמחתי בכם ותמלא שמחתכם׃
54001001	Description	פולוס שליח ישוע המשיח כמצות האלהים מושיענו והאדון ישוע המשיח תקותנו׃
54002009	Recommendation	וכן גם הנשים תתיפינה בתלבשת נאה עם בשת פנים וצניעות לא במחלפות הראש לא בזהב לא בפנינים ולא במלבושים יקרים׃
43002015	Violence	ויקח חבלים ויעבתם לשוט ויגרש כלם מן המקדש ואת הצאן ואת הבקר ויפזר את מעות השלחנים ויהפך שלחנתיהם׃
49002010	Grace	כי פעל אלהים אנחנו נבראים במשיח ישוע למעשים טובים אשר הכין האלהים מקדם למען נתהלך בהם׃
60004012	Recommendation	אהובים בבאכם בתוך כור עני למען נסתכם אל נא תתמהו כאלו קרה לכם דבר זר׃
66019007	Recommendation	נשמחה ונגילה ונתנה לו הכבוד כי באה חתנת השה ואשתו התקדשה׃
49006017	Recommendation	וקחו את כובע הישועה וחרב הרוח שהיא דבר האלהים׃
44007024	Violence	וירא איש אחד מעשק חנם ויושע לו ויקם נקמת המכה בהכותו את המצרי׃
53003013	Recommendation	ואתם אחי אל תלאו בעשות הטוב׃
46016013	Faith	שקדו ועמדו באמונה התאששו והתחזקו׃
44007043	Sin	ונשאתם את סכת מלכם ואת כוכב אלהיכם רמפן הצלמים אשר עשיתם להשתחות להם והגליתי אתכם מהלאה לבבל׃
53002015	Recommendation	לכן אחי עמדו והחזיקו בקבלות אשר למדתם אם בדברנו אם באגרתנו׃
47005005	Grace	והמכין אתנו לזאת הוא האלהים אשר אף נתן לנו את ערבון הרוח׃
54002011	Recommendation	האשה תלמד דומם בכל הכנעה׃
54005019	Recommendation	אל תקבל שטנה על הזקן בלתי אם על פי שנים או שלשה עדים׃
45016016	Recommendation	שאלו לשלום איש את רעהו בנשיקה הקדושה קהלות המשיח שאלות לשלומכם׃
66018019	Description	ויזרקו עפר על ראשיהם ויצעקו בכה וספוד לאמר אוי אוי העיר הגדולה אשר בה העשירו מהונה כל אשר להם אניות בים כי בשעה אחת החרבה׃
62003001	Grace	ראו מה גדלה אהבת האב הנתונה לנו אשר נקרא בני האלהים על כן העולם איננו ידע אתנו יען כי אותו לא ידע׃
60005005	Recommendation	וכן גם אתם הנערים הכנעו לפני הזקנים וחגרו כלכם שפלות רוח בהכנע איש לרעהו כי אלהים ללצים יליץ ולענוים יתן חן׃
45003004	Faith	חלילה אבל יהי האל הוא הנאמן וכל האדם כזב ככתוב למען תצדק בדברך תזכה בשפטך׃
44009014	Violence	וגם פה רשיון יש לו מאת ראשי הכהנים לאסר את כל הקראים בשמך׃
61002001	Sin	וגם נביאי שקר היו בעם כאשר יהיו גם בכם מורי שקר אשר יכניסו כתות משחיתות ובכחשם במשל אשר קנם יביאו על נפשם כליון פתאם׃
43005018	Violence	אז יוסיפו היהודים לבקש את נפשו כי מלבד אשר חלל את השבת עוד אמר כי האלהים הוא אביו וידמה לאלהים׃
46011002	Faith	ועל זאת אני משבח אתכם אחי כי זכרתם אתי בכל לשמר את הקבלות כאשר מסרתי לכם׃
44002025	Faith	כי דוד אמר עליו שויתי יהוה לנגדי תמיד כי מימיני בל אמוט׃
60001023	Grace	כנולדים מחדש לא מזרע נשחת כי אם מזרע לא ישחת במאמר אלהים החי והקים לעולם׃
59005016	Recommendation	התודו עונותיכם איש לפני רעהו והתפללו איש בעד רעהו למען תרפאו כי גדול כח תפלת הצדיק הקרא אל אלהים בחזקה׃
43006047	Faith	אמן אמן אני אמר לכם המאמין בי לו חיי עולמים׃
43014018	Grace	לא אעזבכם יתומים אבואה אליכם׃
45003002	Grace	הרבה מכל פנים בראשון כי הפקדו בידם דברי אלהים׃
49006005	Recommendation	שמעו עבדים אל אדניכם לפי הבשר ביראה ורתת ובתם לבבכם כמו למשיח׃
45002004	Grace	או התבוז לעתרת טובו ולחמלתו ולארך רוחו ולא תתבונן כי טובת האלהים תדריך אתך לתשובה׃
62005014	Faith	וזה הוא בטחוננו אליו אשר אם נשאל דבר כפי רצונו ישמענו׃
45015013	Faith	ואלהי התקוה הוא ימלא אתכם כל שמחה ושלום באמונה למען תעדף תקותכם בגבורת רוח הקדש׃
43019041	Description	ובמקום אשר נצלב שם היה גן ובגן קבר חדש אשר לא הושם בו איש עד עתה׃
66019020	Violence	ותתפש החיה ונביא השקר אתה אשר עשה האותות לפניה אשר הדיח בהן את נשאי תו החיה והמשתחוים לצלמה וחיים השלכו שניהם באגם האש הבער בגפרית׃
45012020	Recommendation	לכן אם רעב שנאך האכילהו לחם ואם צמא השקהו מים כי גחלים אתה חתה על ראשו׃
51003016	Recommendation	דבר האדון ישכן בקרבכם בשפע רב בכל חכמה ותלמדו ותעוררו את נפשכם בתהלות ותשבחות ושירות רוחניות ושירו ליהוה בנעימה בלבבכם׃
51003019	Recommendation	אתם האנשים אהבו את נשיכם ואל תתמרמרו אליהן׃
54005016	Recommendation	בן אמונה או בת אמונה שיש להם אלמנות יעזרו אתן ולא תהיינה למשא על הקהל כדי שיוכל להספיק לאלה אשר הנה אלמנות באמת׃
62005011	Grace	וזאת היא העדות כי חיי עולמים נתן לנו האלהים והחיים האלה בבנו המה׃
62005012	Faith	אשר יש לו הבן יש לו החיים ואשר אין לו בן האלהים אין לו החיים׃
43008036	Grace	לכן אם הבן יעשה אתכם בני חורין חפשים באמת תהיו׃
49003013	Faith	בעבור זאת אבקש שלא תחתו בצרותי למענכם יען כי היא תפארתכם׃
45016018	Sin	כי אנשים אשר כאלה אינם עבדים את אדנינו ישוע המשיח כי אם את כרשם ובאמרי נעם ושפת חלקות יתעו את לב הפתאים׃
45001029	Sin	וירב בקרבם כל חמס זנות ורשע בצע ואון וימלאו קנאה ורצח ומריבה ומרמה ותהפכות׃
55001014	Recommendation	שמר את הפקדון הטוב בעזרת רוח הקדש השכן בנו׃
48006008	Faith	הזרע בבשרו יקצר כליון משברו והזרע ברוח יקצר מן הרוח חיי עולם׃
46010009	Recommendation	ולא ננסה את המשיח כאשר נסוהו מקצתם ויאבדום הנחשים׃
46013005	Recommendation	לא תעשה דבר תפלה ולא תבקש את אשר לה ולא תתמרמר ולא תחשב הרעה׃
66009009	Description	ושרינים להם כשריני ברזל וקול כנפיהם כקול מרכבות סוסים רבים הרצים למלחמה׃
43015022	Sin	לולא באתי ודברתי אליהם לא היה בהם חטא ועתה לא יוכלון להתנצל על חטאתם׃
51004005	Recommendation	התהלכו בחכמה עם אשר בחוץ והוקירו את העת׃
45006006	Faith	באשר ידעים אנחנו כי נצלב אתו האדם הישן אשר בנו למען תבטל גוית החטא לבלתי היותנו עוד עבדים לחטא׃
62003010	Sin	ונודעו בזאת בני האלהים ובני השטן כל איש אשר לא יעשה צדקה איננו מאלהים וכן כל אשר לא יאהב את אחיו׃
45008007	Sin	יען מחשבת הבשר רק שנאת אלהים היא באשר לא תשתעבד לתורת האלהים ואף איננה יכולה׃
44002026	Faith	לכן שמח לבי ויגל כבודי אף בשרי ישכן לבטח׃
46010020	Sin	אלא את אשר יזבחו הגוים לשדים הם זבחים ולא לאלהים ואני לא אחפץ היתכם חברים לשדים׃
44013001	Description	ואנשים נביאים ומלמדים היו באנטיוכיא בקהלה אשר בה בר נבא ושמעון הנקרא ניגר ולוקיוס הקוריני ומנחם אשר גדל עם הורדוס שר הרבע ושאול׃
49005006	Recommendation	אל ישיא איש אתכם בדברי ריק כי בגלל אלה חרון אלהים בא על בני המרי׃
56001011	Sin	אשר סכור יסכר פיהם ההפכים בתים כלם בהורותם דברים לא כנים עקב בצע׃
43013011	Sin	כי ידע מי ימסרהו על כן אמר לא כלכם טהורים׃
43010001	Sin	אמן אמן אני אמר לכם איש אשר לא יבוא דרך השער אל מכלא הצאן כי אם יעלה בדרך אחר גנב ופריץ הוא׃
61002015	Sin	את הדרך הישר עזבו ויתעו וילכו בדרך בלעם בן בעור אשר אהב שכר העולה׃
44014005	Violence	ויהי רגשת הגוים והיהודים עם ראשיהם להתעלל בהם ולסקלם׃
43021017	Description	ויאמר אליו פעם שלישית שמעון בן יונה התאהב אתי ויתעצב פטרוס על כי אמר אליו בשלישית התאהב אתי ויאמר אליו אדני את כל אתה יודע וידעת כי אהבתיך ויאמר אליו ישוע רעה את צאני׃
66021027	Sin	ולא יבוא בה כל טמא ועשה תועבה ושקר כי אם הכתובים בספר החיים של השה׃
66017004	Sin	והאשה לבושה ארגמן ושני והיא מכללה בזהב ואבן יקרה ופנינים ובידה כוס זהב מלאה תועבות וטמאת תזנותה׃
51003014	Recommendation	ועל כל אלה לבשו האהבה היא אגדת השלמות׃
43012023	Description	ויען אותם ישוע ויאמר באה השעה שיפאר בן האדם׃
45002022	Sin	אמרת לא תנאף ואתה נאף תשקץ את האלילים ואתה גזל את הקדש׃
45007008	Sin	וימצא החטא סבה לו במצוה לעורר בקרבי כל חמוד כי מבלעדי התורה החטא מת הוא׃
44026017	Grace	בהצילי אותך מן העם ומן הגוים אשר אשלחך עתה אליהם׃
56003003	Sin	כי גם אנחנו היינו מלפנים חסרי דעת וסוררים ותועים ועבדים לתאות ולתשוקות שנות ומתהלכים ברשעה וקנאה ושנואים ושנאים איש את אחיו׃
54005021	Recommendation	הנני מעיד בך נגד האלהים ואדנינו ישוע המשיח ונגד בחירי המלאכים אשר שמור תשמר את זאת בלי משפט נמהר ולא תעשה דבר במשא פנים׃
58010035	Recommendation	לכן אל תשליכו את בטחונכם כי יש לו שכר רב׃
46004002	Faith	הנה סוף דבר שלא יבקש מן הסכנים כי אם להמצא נאמן׃
44009043	Description	ויואל לשבת ביפו ימים רבים עם בורסי אחד ושמו שמעון׃
46003016	Grace	הלא ידעתם כי היכל אלהים אתם ורוח אלהים שכן בקרבכם׃
58010019	Faith	ועתה אחי בהיות לנו בטחון דרך הקדש בדם ישוע׃
43008021	Sin	ויוסף ישוע ויאמר אליהם אני הלך מזה ותבקשוני ובחטאתכם תמותו אל אשר אני הלך שמה אתם לא תוכלו לבוא׃
51003012	Recommendation	לכן אתם כבחירי האלהים הקדשים והחביבים לבשו המון רחמים ונדיבות ונמיכות רוח וענוה וארך אפים׃
43012026	Faith	החפץ לשרתני ילך אחרי ובאשר אהיה שם יהיה גם משרתי ואיש אשר ישרתני אתו יכבד אבי׃
54003004	Description	ויהי מנהיג את ביתו בטוב ומדריך את בניו למשמעתו בכל הישר׃
52005011	Recommendation	על כן נחמו זה את זה ובנו איש את אחיו כאשר גם עשיתם׃
62003011	Recommendation	כי זאת היא השמועה אשר שמעתם מראש לאהבה איש את רעהו׃
46007026	Recommendation	הנני חשב כי טוב לאדם מפני הצרה הקרובה כי טוב לו להיות כמו שהוא׃
43003001	Description	ויהי איש אחד בתוך הפרושים ושמו נקדימון שר ליהודים׃
59002025	Description	וכן גם רחב הזונה הלא נצדקה במעשים באספה את המלאכים אל ביתה ותשלחם בדרך אחר׃
54002015	Faith	אבל תושע בלדתה בנים אם תעמדנה באמונה ובאהבה ובקדשה עם הצניעות׃
44013017	Grace	אלהי העם הזה אלהי ישראל בחר באבותינו וירומם את העם בהיותם גרים בארץ מצרים ובזרוע רמה הוציאם משם׃
44015008	Grace	והאלהים ידע הלבבות העיד עליהם בתתו גם להם את רוח הקדש כאשר נתן לנו׃
59002011	Sin	כי האמר לא תנאף גם הוא אמר לא תרצח ואם אינך נאף ואתה רוצח היה נהיית לעבר התורה׃
43010028	Grace	ואני אתן להן חיי עולמים ולא תאבדנה לנצח ואיש לא יחטף אתהן מידי׃
45016020	Grace	ואלהי השלום הוא ידכא את השטן במהרה תחת רגליכם חסד אדנינו ישוע המשיח עמכם׃
55003005	Sin	ואשר דמיון חסידות להם ומכחשים בכחה ואתה סור מאלה׃
45012005	Description	כן אנחנו הברים גוף אחד במשיח וכל אחד ואחד ממנו אבר לחברו הוא׃
56003008	Faith	נאמן הוא הדבר ורצה אני כי תקים את אלה למען אשר ישתדלו המאמינים לאלהים לעשק במעשים טובים עשות כאלה טוב הוא ומועיל לאדם׃
59002023	Faith	וימלא הכתוב האמר והאמן אברהם ביהוה ותחשב לו לצדקה ויקרא אהב יהוה׃
59002001	Faith	אחי אל יהי משא פנים באמונתכם בישוע המשיח אדנינו אדון הכבוד׃
45003013	Sin	קבר פתוח גרונם לשונם יחליקון חמת עכשוב תחת שפתימו׃
49005028	Recommendation	כן האנשים חיבים לאהב את נשיהם כגופם כי האהב את אשתו אהב את עצמו׃
45009030	Faith	ועתה מה נאמר הגוים אשר לא רדפו אחרי הצדקה השיגו את הצדקה היא הצדקה אשר מתוך האמונה׃
54003009	Faith	כי אם ישמרו את סוד האמונה ברוח טהורה׃
54006002	Recommendation	ואלה אשר אדניהם בני אמונה אל יקלו אתם על היותם אחים כי אם יעבדום ביותר בעבור כי מאמינים ואהובים הם המשתדלים לגמל חסד את זאת תלמד ותצוה׃
45003003	Faith	כי מה הוא אם מקצתם לא האמינו היבטל חסרון אמונתם את אמונת אלהים׃
43019034	Violence	אך אחד מאנשי הצבא דקר בחנית את צדו וכרגע יצא דם ומים׃
43015012	Recommendation	הנה זאת מצותי כי תאהבון איש את אחיו כאשר אהבתיכם׃
45006013	Recommendation	]31-21[ גם אל תכינו את אבריכם להיות כלי עול לחטא אך תכינו את נפשכם לאלהים כחיים מעם המתים ואבריכם כלי צדקה לאלהים כי החטא לא יוכל למשל עוד בכם יען אינכם תחת יד התורה כי אם תחת יד החסד׃
58010039	Faith	אמנם אנחנו איננו מן הנסוגים אחור לאבדם כי אם מן המאמינים להצלת הנפש׃
45011026	Grace	ובכן כל ישראל יושע ככתוב ובא לציון גואל וישיב פשע מיעקב׃
52002015	Violence	אשר אף המיתו את האדון ישוע ואת נביאיהם ואותנו רדפו ואינם טובים בעיני אלהים ואיבים לכל אדם׃
58010026	Sin	כי אם נחטא בזדון אחרי אשר קבלנו דעת האמת לא ישאר עוד זבח קרבן לכפר על החטא׃
49002006	Grace	ויעירנו אתו אף הושיבנו במרומים במשיח ישוע׃
49004025	Recommendation	על כן הסירו מכם את השקר ודברו אמת איש את רעהו כי אברים כלנו יחד איש לאיש׃
48002005	Faith	אשר לא סרנו למשמעתם אף לא שעה אחת למען אשר תעמד בקרבכם אמתה של הבשורה׃
46014013	Recommendation	על כן יתפלל המדבר בלשון וגם יפרשנה׃
44009001	Violence	ושאול עודנו יפח זעם ורצח על תלמידי האדון ויבא אל הכהן הגדול׃
43017013	Description	ועתה הנני בא אליך ואלה אני מדבר בעולם למען תמלא להם שמחתי בקרבם׃
60004013	Recommendation	כי אם שמחו על אשר חלק לכם בענויי המשיח למען גם תשמחו ותעלצו בהגלות כבודו׃
44011006	Description	והסתכלתי בה ואבין וארא את בהמת הארץ ואת החיה ורמש האדמה ועוף השמים׃
51003008	Recommendation	אך עתה הסירו מכם כל אלה את הרגז את הכעס את הרשע את הגדוף ואת דברי נבלה מפיכם׃
44018003	Description	ויבא אליהם ויהי בהיתם בני אמנות אחת וישב אתם ויעש מלאכתו ואמנותם עשות יריעות אהלים׃
45006012	Sin	אם כן אפוא אל תמלך החטאת בגופכם אשר ימות לנטות אחריה בתאותיו׃
53003012	Recommendation	ואנשים כאלה נצוה אותם ונבקש מהם באדנינו ישוע המשיח לעבד בנחת למען יאכלו את לחמם׃
44007009	Sin	ויקנאו האבות ביוסף וימכרו אותו מצרימה ואלהים היה עמו׃
44011028	Description	ויקם אחד מהם ושמו אגבוס ויגד על פי הרוח כי רעב גדול יבוא על כל ישבי תבל ויהי כן בימי קלודיוס׃
44020036	Description	ואחרי דברו את הדברים האלה כרע על ברכיו ויתפלל עם כלם׃
48005024	Faith	ואשר הם למשיח צלבו את בשרם עם כל תשוקתיו ותאותיו׃
59001002	Recommendation	אך לשמחה חשבו לכם אחי כאשר תבאו בנסינות שונים׃
62001006	Sin	אם נאמר כי יש לנו התחברות עמו ונתהלך בחשך הננו כזבים ופעלתנו איננה אמת׃
44010011	Description	וירא את השמים נפתחים והנה כלי ירד אליו כדמות מטפחת בד גדולה ויורד בארבע כנפותיו על הארץ׃
44002009	Description	פרתיים ומדים ועילמים וישבי ארם נהרים יהודה וקפודקיה פנטוס ואסיא׃
51001010	Faith	להתהלך כטוב בעיני האדון וככל רצונו ולעשות פרי בכל מעשה טוב ולרבות בדעת אלהים׃
54001018	Recommendation	את המצוה הזאת אני מצוך בני טימותיוס כפי הנבואות הקדמות עליך שתלחם לפיהן המלחמה הטובה׃
66019001	Faith	אחרי כן שמעתי קול גדול כקול המון רב בשמים האמרים הללויה הישועה והכבוד והעז ליהוה אלהינו׃
49002001	Grace	גם אתכם המתים לפנים בפשעיכם וחטאתיכם׃
46010021	Sin	לא תוכלו לשתות יחד כוס אדנינו וגם כוס השדים ולא תוכלו להתחבר אל שלחן אדנינו וגם אל שלחן השדים׃
49005003	Recommendation	אבל זנות וכל טמאה ואהבת בצע בל יזכר ביניכם כאשר נאוה לקדשים׃
56001015	Sin	הן הכל טהור לטהורים אבל לנטמאים ולאינם מאמינים אין דבר טהור כי נטמאה גם דעתם גם רוחם׃
44009021	Description	וישתוממו כל השמעים ויאמרו הלא זה הוא אשר האביד בירושלים את קראי השם הזה ולמען זאת בא הנה להביאם אסורים לפני ראשי הכהנים׃
58008006	Description	ועתה הוא קבל שרות מעלה כפי מעלת הברית הנעשה על ידו אשר הוקמה על הבטחות טבות ויתרות׃
50001021	Faith	כי המשיח הוא חיי והמות רוח לי׃
50001006	Faith	ובטח אני כי המתחיל בכם המעשה הטוב גם יגמרנו עד יום ישוע המשיח׃
62005020	Faith	וידענו כי בא בן אלהים ויתן לנו בינה לדעת את האמתי ובאמתי אנחנו בבנו ישוע המשיח זה הוא האל האמתי וחיי העולם׃
45012018	Recommendation	אם תוכלו ככל אשר תמצא ידכם היו בשלום עם כל אדם׃
58010023	Faith	נחזיקה בהודית התקוה בל נמוט כי נאמן המבטיח׃
43014027	Grace	שלום אניח לכם את שלומי אתן לכם לא כאשר יתן העולם אנכי נתן לכם אל יבהל לבבכם ואל יחת׃
47005006	Faith	לכן בטוחים אנחנו בכל עת וידעים כי כל עוד שמושבנו בגוף רחוקים אנחנו מן האדון׃
43012047	Grace	והשמע את דברי ולא ישמרם אני לא אשפט אתו כי לא באתי לשפט את העולם כי אם להושיע את העולם׃
62003012	Sin	לא כקין אשר היה מן הרע והרג את אחיו ומדוע הרגו יען כי מעשיו היו רעים ומעשי אחיו מעשי צדק׃
66016020	Description	וינס כל אי וההרים לא נמצאו׃
58011012	Description	על כן מאחד אשר כמעט מת גופו יצאו ככוכבי השמים לרב וכחול על שפת הים אשר לא יספר׃
54001017	Faith	ולמלך עולמים לאלהים הקים לעד והנעלם מעין והחכם לבדו לו הכבוד וההדר לעולמי עולמים אמן׃
66014007	Faith	ויאמר בקול גדול יראו את האלהים והבו לו כבוד כי באה עת משפטו והשתחוו לעשה שמים וארץ את הים ומעינות המים׃
44006001	Description	בימים ההם כאשר רבו התלמידים היתה תלונת היונים על העבריים על אשר העלימו עיניהם מאלמנותיהם לבלתי תת להן יום יום את ארוחתן׃
60002021	Grace	כי לזאת נקראתם כי גם המשיח ענה בעבורכם והשאיר לכם מופת ללכת בעקבותיו׃
53003010	Recommendation	כי גם בהיותנו אצלכם צוינו אתכם לאמר מי שלא ירצה לעבד גם אכול לא יאכל׃
43003016	Grace	כי ככה אהב האלהים את העולם עד אשר נתן את בנו את יחידו למען לא יאבד כל המאמין בו כי אם יחיה חיי עולמים׃
44019015	Description	ויען הרוח ויאמר את ישוע אני מכיר ואת פולוס אני ידע ומי אתם׃
66019019	Violence	וארא את החיה ומלכי הארץ ואגפיהם נקהלים לעשות מלחמה עם הרכב על הסוס ובצבאו׃
44027002	Description	ונרד אל אניה אדרמטית נכנים לבוא על פני חוף אסיא ונעבר הימה ויהי אתנו ארסטרכוס מוקדון מן תסלוניקי׃
58013003	Recommendation	זכרו את האסורים כאלו אתם אסורים עמהם ואת הנלחצים באשר גם אתם בבשר׃
51003017	Recommendation	וכל אשר תעשו הן במלין הן בפעל עשו בשם האדון ישוע והודו לאלהים אבינו על ידי׃
48006006	Recommendation	המלמד בדבר יחלק מכל טובו למלמדהו׃
44007005	Description	ולא נתן לו נחלה בה אף לא מדרך כף רגל ויבטח לתתה לאחזה לו ולזרעו אחריו ועוד לא היה לו בן׃
44007019	Description	וזה התחכם למשפחתנו וירע לאבותינו ויצו אתם להשליך את עלליהם אל פני השדה לבלתי החיותם׃
43020003	Description	ויצא פטרוס והתלמיד האחר וילכו אל הקבר׃
44024016	Faith	ובזאת גם עמלתי להיות תמים לב לאלהים ולאדם תמיד׃
65001013	Description	משברי ים עזים אשר יגרשו בשתם ככבים תעים אשר חשך אפלה צפון להם עדי עד׃
48001012	Description	כי גם אנכי לא קבלתיה מאדם ולא למדוני אתה כי אם בחזיון ישוע המשיח׃
45007005	Sin	כי בעת היותנו בבשר תשוקות החטא אשר התעוררו על ידי התורה היו פעלות באברינו לעשות פרי למות׃
54002007	Faith	אשר אני הפקדתי לה לכרוז ולשליח אמת אני אמר במשיח ולא אשקר מורה הגוים באמונה ובאמת׃
62003024	Faith	והשמר את מצותיו יקום בו והוא בו ובזאת נדע כי הוא שכן בנו ברוח אשר נתן לנו׃
46010024	Recommendation	איש איש אל יבקש את תועלת עצמו כי אם את תועלת רעהו׃
45012016	Recommendation	לב אחד יהי לכלכם אל תהלכו בגדלות כי אם התנהגו עם השפלים אל תהיו חכמים בעיניכם׃
49004031	Recommendation	כל מרירות וחמה ורגז וצעקה וגדוף תסירו מכם עם כל הרשעה׃
51001025	Faith	אשר הייתי לה למשרת כפי פקדת אלהים אשר נתנה לי עליכם למלאת את דבר האלהים׃
66001014	Description	וראשו ושערו לבנים כצמר צחר כשלג ועיניו כלבת אש׃
47004015	Grace	כי כל זאת למענכם למען אשר ירבה החסד על ידי רבים ותפרץ התודה לכבוד האלהים׃
43006056	Faith	האכל את בשרי ושתה את דמי הוא ילין בי ואני בו׃
43011027	Faith	ותאמר אליו כן אדני האמנתי כי אתה המשיח בן האלהים הבא לעולם׃
44002042	Faith	ויהיו שקדים על תורת השליחים ועל ההתחברות ועל בציעת הלחם ועל התפלה׃
58001009	Grace	אהבת צדק ותשנא רשע על כן משחך אלהים אלהיך שמן ששון מחבריך׃
44012002	Violence	וימת את יעקב אחי יוחנן בחרב׃
55002016	Recommendation	אבל תרחק מדברי הבל הפסולים כי יוסיפו הרבות רשע׃
62003015	Sin	כל השנא את אחיו רצח נפש הוא וידעתם כי כל רצח נפש לא יתקימו בו חיי עולמים׃
43021015	Faith	ויהי אחרי אכלם אמר ישוע אל שמעון פטרוס שמעון בן יונה התאהב אתי יותר מאלה ויאמר אליו כן אדני אתה ידעת כי אהבתיך ויאמר אליו רעה את טלאי׃
46012008	Grace	כי האחד נתן לו על ידי הרוח דבור החכמה ולאחד דבור הדעת כפי הרוח ההוא׃
44007013	Description	ובפעם השנית התודע יוסף אל אחיו ומולדת יוסף נגלתה לפרעה׃
60003010	Recommendation	כי האיש החפץ חיים אהב ימים לראות טוב יצר לשונו מרע ושפתיו מדבר מרמה׃
44004032	Description	וקהל המאמינים היה להם לב אחד ונפש אחת ואין איש מהם אומר על אשר בידו לי הוא כי הכל היה להם בשתפות׃
46015003	Grace	כי מסרתי לכם בראשונה את אשר גם קבלתי כי המשיח מת בעד חטאתינו כפי הכתובים׃
66018024	Violence	ובה נמצא דם הנביאים והקדשים וכל הרוגי ארץ׃
44013048	Faith	וישמחו הגוים כשמעם ויהללו את דבר יהוה ויאמינו כל אשר היו מוכנים לחיי עולם׃
66022020	Description	המעיד את אלה אמר אמנם כן אני בא מהר אמן באה נא האדון ישוע׃
50004009	Recommendation	אשר למדתם וקבלתם ושמעתם וראיתם בי את אלה תעשו ואלהי השלום יהיה עמכם׃
53003015	Recommendation	אך לא כאיב תחשבהו כי אם תוכיחהו כאח׃
51002008	Recommendation	הזהרו פן יוליך איש אתכם שולל בפילסופיה ובמדוחי שוא לפי קבלת בני האדם ויסדות העולם ולא על פי המשיח׃
50003014	Faith	וארדף את מטרת שכר הנצחון אשר הוא בקריאה של מעלה מאת האלהים במשיח ישוע׃
56002014	Faith	אשר נתן את נפשו בעדנו לגאלנו מכל עול ולטהר לו עם סגלה הזריז במעשים טובים׃
43005024	Faith	אמן אמן אני אמר לכם השמע דברי ומאמין לשלחי יש לו חיי עולמים ולא יבא במשפט כי עבר ממות לחיים׃
66021015	Description	וביד המדבר אלי היה קנה זהב למד בו את העיר ואת שעריה ואת חומתה׃
50003019	Sin	כי רבים המתהלכים אשר עליהם אמרתי לכם פעמים הרבה ועתה גם בבכי אני אמר כי הם איבי צלב המשיח׃
54003006	Sin	ואל יהי תלמיד הדש למען לא ירהב לבו ויפל בדין המשטין׃
65001003	Recommendation	אהובי בהשתדלי לכתב אליכם על דבר התשועה האחת לכלנו חובה היא בעיני לזרזכם במכתב אשר תלחמו לאמונה המסורה פעם אחת לקדושים׃
44004002	Description	כי חרה להם על אשר למדו את העם והגידו בישוע את תחית המתים׃
66018005	Sin	כי חטאתיה הגיעו עד לשמים ויזכר אלהים את עונותיה׃
43004046	Description	ויבא ישוע עוד הפעם אל קנה אשר בגליל מקום שומו המים ליין ואיש היה מעבדי המלך ובנו חלה בכפר נחום׃
45012011	Recommendation	שקדו ואל תעצלו התלהבו ברוח עבדו את האדון׃
60001008	Faith	אשר אהבתם ולא ראיתם ואשר עתה תאמינו בו בלא ראות אתו ובכן תגילו בשמחה מפארה עצמה מספר׃
62004013	Grace	בזאת נדע אשר בו נקום והוא בנו כי נתן לנו מרוחו׃
43019029	Description	ושם כלי מלא חמץ ויטבלו ספוג בחמץ וישימהו על אזוב ויקריבהו אל פיו׃
51001013	Grace	אשר הוא חלצנו מממשלת החשך והעבירנו למלכות בן אהבתו׃
45016017	Recommendation	ואני מזהיר אתכם אחי לשום פניכם בעשי מחלקות ומכשולים לנגד הלקח אשר למדתם וסורו מהם׃
45012007	Recommendation	ואם לאיש שמוש יעמל בשמוש ואם מורה בהוראה׃
43016023	Faith	וביום ההוא לא תשאלוני דבר אמן אמן אני אמר לכם כי כל אשר תשאלו מאת אבי בשמי יתננו לכם׃
66021019	Description	ומוסדות חומת העיר מרבצות בכל אבני חפץ המוסד הראשון ישפה השני ספיר השלישי שבו הרביעי ברקת׃
59004017	Sin	לכן היודע לעשות הטוב ולא יעשנו והיה בו חטא׃
66019005	Faith	וקול יוצא מן הכסא ויאמר הללו את אלהינו כל עבדיו ויראיו הקטנים עם הגדולים׃
47005002	Faith	כי גם עתה נאנחים ונכספים אנחנו להתעטף בביתנו אשר מן השמים׃
48006004	Recommendation	אבל יבחן כל איש את מעשהו ואז לו לבדו תהיה תהלתו ולא לנגד אחר׃
46007036	Recommendation	וכי יחשב איש למעשה שלא כהגן לבתולתו אם תעבר פרקה ודבר חובה הוא אז יעשה כאשר עם לבבו איננו חוטא ישיאנה׃
43016002	Violence	הנה ינדו אתכם ואף באה השעה אשר כל הרג אתכם ידמה להקריב עבודה לאלהים׃
66015001	Description	וארא אות אחרת בשמים גדולה ונפלאה שבעה מלאכים הנשאים את שבע המכות האחרנות כי בהן כלה זעם אלהים׃
43018023	Description	ויען אותו ישוע אם רעה דברתי תנה עד כי רעה היא ואם טוב מדוע תסטרני׃
50004003	Recommendation	ואתה חברי הנצמד לי באמת אף ממך אני מבקש להיות להן לעזר אשר יגעו עמדי על הבשורה עם קלימיס ועם שאר תמכי אשר שמותם יחד בספר החיים׃
66016006	Sin	כי דם קדשים ונביאים שפכו ודם השקיתם כי גמול ידם הוא׃
45006002	Sin	חלילה לנו כי מתנו לחטא ואיך נוסיף לחיות בו׃
66017011	Violence	והחיה אשר היתה ואיננה הוא השמיני והוא מן השבעה וילך לאבדון׃
48004030	Recommendation	אבל הכתוב מה הוא אמר גרש האמה ואת בנה כי לא יירש בן האמה עם בן החפשיה׃
54006009	Sin	אבל המבקשים להעשיר יפלו בנסיון ובמוקשים וברב תאות סבלות ומשחיתות המשקיעות את האדם בשחת ובאבדון׃
66017016	Violence	ועשר הקרנים אשר ראית והחיה המה ישנאו את הזונה ועשוה גלמודה וערמה ואכלו את בשרה ואתה ישרפו באש׃
46008003	Faith	אבל אם יאהב איש את האלהים האלהים ידעו׃
45003009	Sin	ועתה מה הוא היש לנו מעלה יתרה לא במאומה כבר הוכחנו כי גם היהודים גם היונים כלם הם תחת החטא׃
44007041	Sin	ויעשו עגל בימים ההם ויזבחו זבחים לאליל וישמחו במעשה ידיהם׃
66009020	Sin	ושאר בני אדם אשר לא נהרגו במגפות האלה בכל זאת לא שבו ממעשי ידיהם מהשתחות עוד לשדים ולעצבי זהב וכסף ונחשת ואבן ועץ אשר לא יראו ולא ישמעו ולא יהלכו׃
47005011	Faith	ועתה יען אשר ידענו יראת האדון נדבר על לב בני אדם ולאלהים אנחנו גלוים ואקוה כי גלוים אנחנו גם במדעכם׃
49002003	Sin	וגם אנחנו כלנו בתוכם הלכנו לפנים בתאות הבשר לעשות חפצי בשרנו ומחשבותינו ונהי אך בני רגז בטבענו כאשר בני אדם׃
44002040	Recommendation	ויעד עוד בהם באמרים אחרים הרבה ויזהר אתם לאמר המלטו נא מדור תהפכות הזה׃
45008013	Faith	כי אם תחיו לפי הבשר מות תמתון ואם על ידי הרוח תמותתו את מעללי הבשר חיה תחיו׃
45010011	Faith	כי הכתוב אמר כל המאמין בו לא יבוש׃
45001008	Faith	בראשונה אודה לאלהי בישוע המשיח על כלכם אשר ספר אמונתכם בכל העולם׃
52001004	Faith	כי ידענו אחי חביבי האלהים את אשר נבחרתם׃
60004008	Recommendation	ולפני כל דבר אהבו איש את אחיו אהבה חזקה כי על רב פשעים תכסה האהבה׃
44027001	Description	וכאשר נגמר הדין כי נעבר באניה אל איטליא מסרו את פולוס ומקצת אסירים אחרים אל שר המאה לגדוד אגוסטוס ושמו יוליוס׃
66015003	Faith	וישירו את שירת משה עבד אלהים ושירת השה לאמר גדולים מעשיך ונפלאים יהוה אלהים צבאות צדק ואמת דרכיך מלך הגוים׃
60002002	Faith	וכעללים אשר מקרוב נולדו התאוו לחלב השכלי והזך למען תגדלו בו׃
66014013	Faith	ואשמע קול מן השמים מדבר אלי כתב אשרי המתים אשר ימותו באדון מעתה אמנם כן אמר הרוח למען ינוחו מעמלם ומעשיהם הלך ילכו אחריהם׃
59001027	Faith	זאת העבודה הטהורה והברה לפני האלהים אבינו לבקר את היתומים והאלמנות בלחצם ולשמר את עצמו נקי מחלאת העולם׃
51002004	Recommendation	וזאת אמר אני לכם למען אשר לא יטעה אתכם איש בשפתי חלקות׃
66005013	Description	וכל בריה אשר בשמים ובארץ ומתחת לארץ ואשר על הים וכל אשר בהם את כלם שמעתי אמרים לאמר לישב על הכסא ולשה הברכה וההדר והכבוד והעז לעולמי עולמים׃
66008008	Description	והמלאך השני תקע בשופר והנה כדמות הר גדול בער באש השלך אל תוך הים ותהי שלישית הים לדם׃
44007058	Violence	וידחפהו חוצה לעיר ויסקלו אתו באבנים והעדים פשטו את בגדיהם לרגלי בחור אחד ושמו שאול׃
45015011	Faith	ואומר הללו את יהוה כל גוים שבחוהו כל האמים׃
45011036	Faith	הלא הכל ממנו והכל בו והכל אליו אשר לו הכבוד לעולמים אמן׃
43001029	Faith	ויהי ממחרת וירא יוחנן את ישוע בא אליו ויאמר הנה שה האלהים הנשא חטאת העולם׃
58011031	Description	באמונה לא אבדה רחב הזונה עם הסוררים כי אספה את המרגלים אל ביתה בשלום׃
43010010	Grace	הגנב לא יבוא כי אם לגנוב ולהרוג ולאבד ואני באתי לבעבור הביא להם חיים ומלא ספקם׃
50003020	Faith	אשר אחריתם האבדון אשר כרסם אלהיהם וכבודם בבשתם וקרבם הבלי חלד׃
45015007	Recommendation	על כן תקבלו איש את אחיו כאשר גם המשיח קבל אתנו לכבוד האלהים׃
44021024	Recommendation	הנה יש אתנו ארבעה אנשים אשר נדר עליהם אתם קח לך והטהר אתם ושלם ההוצאות בעדם למען אשר יגלחו את ראשם וידעו כלם כי שמועת שוא שמעו עליך וכי אתה בעצמך מתהלך בחקות התורה׃
45004012	Faith	ולהיות לאב גם למולים אך לא לאשר הם נמולים לבד כי אם גם הלכים בעקבות האמונה שהיתה לו לאברהם בעודנו בערלתו׃
44001026	Description	ויפילו גורלות ויפל הגורל על מתיה ויספח אל עשתי עשר השליחים׃
45004007	Grace	אשרי נשוי פשע כסוי חטאה׃
66011004	Description	אלה הם שני הזיתים ושתי המנרות העמדים לפני אלהי הארץ׃
59004009	Recommendation	התענו והתאבלו ובכו שחקכם יהפך לאבל ושמחתכם ליגון׃
64001011	Recommendation	חביבי אל תרדף הרעה כי אם הטוב העשה טוב הוא מאלהים והעשה רע לא ראה את האלהים׃
45004011	Faith	ואות המילה קבל לחותם צדקת האמונה אשר היתה לו בערלתו להיות לאב לכל המאמינים והם ערלים למען אף להם תחשב הצדקה׃
45006007	Grace	כי אשר מת הוא נקה מן החטא׃
47004010	Faith	ונשאים בכל עת מיתת האדון ישוע בגויתנו למען יגלו גם חיי ישוע בגויתנו׃
50002021	Sin	כי כלם את אשר להם ידרשו ולא את אשר לישוע המשיח׃
58011011	Faith	באמונה שרה גם היא קבלה הכח להזריע ותלד אחרי בלתה כי חשבה לנאמן את המבטיח׃
43006039	Grace	וזה רצון האב אשר שלחני כי כל אשר נתן לי לא יאבד לי כי אם אקימנו ביום האחרון׃
46008006	Faith	אמנם לנו אך לא אחד האב אשר הכל ממנו ואנחנו אליו ואדון אחד ישוע המשיח אשר הכל על ידו ונחנו על ידו׃
52003006	Description	ועתה כשוב אלינו טימותיוס מאתכם ויבשר אתנו את בשורת אמונתכם ואהבתכם ואת אשר אתם זכרים אתנו לטובה בכל עת ונכספים לראות אתנו כאשר גם אנחנו נכספים לכם׃
60005004	Grace	והיה בהגלות שר הרעים תשאו עטרת הכבוד אשר לא תבל׃
47003012	Faith	על כן בהיות לנו תקוה כזאת פתחון פינו רב הוא׃
61002012	Sin	והמה כבהמות הסכלות הנולדות כחק טבעם ללכד ולשחת יאבדו באבוד נפשם יען חרפו את אשר לא הבינו וישאו גמול עולתם׃
43012006	Sin	והוא לא דבר את זאת מחמלתו על העניים כי אם גנב היה וכיס הכסף אתו וישא כל אשר ישימו בו׃
62004016	Faith	ואנחנו ידענו ונאמן באהבה אשר אלהים אהב אתנו האלהים הוא אהבה והעמד באהבה עמד באלהים והאלהים עמד בו׃
44011019	Description	והנפוצים מפני הצרה אשר היתה על אודת אסטפנוס הלכו ובאו עד פינוקיא וקפרוס ואנטיוכיא ולא דברו את הדבר כי אם אל היהודים לבדם׃
54006006	Faith	ואף אמנם יתרון גדול היא החסידות עם לב שמח בגורלו׃
66013007	Violence	וינתן לה לעשות מלחמה עם הקדשים ולנצחם ותנתן לה ממשלה על כל משפחה ועם ולשון וגוי׃
60002020	Faith	כי אם חטא תחטאו וסבלתם מכות אגרוף מה תתהללו אך אם תענו וסבלתם בעשותכם הטוב חסד הוא מלפני אלהים׃
58009015	Grace	ובעבור זאת הוא גם סרסר לברית חדשה למען אשר יירשו המקראים את הבטחת נחלת עולם אחרי אשר מת לפדות מן הפשעים אשר נעשו תחת הברית הראשונה׃
45006001	Sin	אם כן מה נאמר הנעמד בחטא למען ירבה החסד׃
49005004	Recommendation	גם לא נבול פה ודברי סכלות ולעג אשר לא כהגן כי אם קול תודה׃
66006008	Violence	וארא והנה סוס ירקרק והרכב עליו שמו המות ושאול יוצאת לרגליו וינתן להם שלטן על רביעית הארץ להמית בחרב וברעב ובדבר ובחית הארץ׃
45004016	Faith	על כן מתוך אמונה למען לפי חסד למען תחיה ההבטחה קימת לכל זרעו לא לבני התורה לבדם כי גם לבני אמונת אברהם אשר הוא אב לכלנו׃
44028018	Description	והם אחרי חקרם אתי אמרו לפטרני כי לא נמצא בי משפט מות׃
45009016	Grace	ועל כן אין הדבר לא ביד הרצה ולא ביד הרץ כי אם ביד האלהים המרחם׃
46010008	Sin	ולא נהיה זנים כאשר זנו מקצתם ויפלו ביום אחד שלשה ועשרים אלף איש׃
45007023	Sin	אך ראה אני באברי חק אחר הלחם לחק שכלי ויוליכני שבי לתורת החטא אשר באברי׃
58006001	Faith	על כן בעזב כעת ראשית דבר המשיח נעבר אל השלמות ולא נשוב לשית יסודי התשובה ממעשי מות והאמונה באלהים׃
46016011	Recommendation	על כן איש אל יבז אתו אך שלחהו בשלום למען יבא אלי כי אחכה לו עם האחים׃
59002014	Faith	אחי מה יועיל לאיש אם יאמר כי יש לו אמונה ומעשים אין בו התוכל האמונה להושיעו׃
43007025	Description	ויאמרו אנשים מישבי ירושלים הלא זה הוא אשר בקשו להמיתו׃
43020022	Faith	ויהי בדברו זאת ויפח בהם ויאמר אליהם קחו לכם את רוח הקדש׃
45010003	Sin	כי את צדקת אלהים לא ידעו ויבקשו להקים את צדקתם ובעבור זאת לצדקת אלהים לא נכנעו׃
62005010	Faith	המאמין בבן האלהים יש לו העדות בנפשו ואשר לא יאמין לאלהים לכזב שמהו יען לא האמין בעדות אשר העיד האלהים על בנו׃
43014012	Faith	אמן אמן אני אמר לכם המאמין בי יעשה גם הוא את המעשים אשר אנכי עשה וגדלות מאלה יעשה כי אני הולך אל אבי׃
56002009	Recommendation	העבדים יכנעו לאדניהם ויתרצו להם בכל דבר ולא ימרו את דבריהם׃
58012015	Recommendation	והזהרו פן יש בכם איש מתאחר מחסד אלהים פן יוגיעכם שרש פרה לענה ויטמאו בו רבים׃
54003007	Recommendation	והוא גם צריך לשם טוב בפי אלה אשר בחוץ פן יפל בחרפה ובמוקש המשטין׃
49004007	Grace	אבל לכל אחד ואחד ממנו נתן החסד כמדת מתנת המשיח׃
66016003	Description	וישפך השני את קערתו על הים ויהי לדם כדם חלל ותמת כל נפש חיה אשר בים׃
49006006	Recommendation	לא בעבדת מראה העין כמבקשי חן בני אדם כי אם כעבדי המשיח עשים רצון האלהים בכל נפשם׃
60003016	Recommendation	רוח שלמה תהי לכם למען יבשו המנאצים דרככם הטובה במשיח בהלשינם אתכם כפעלי און׃
43006040	Faith	וזה רצון שלחי אשר כל הראה את הבן ומאמין בו יהיו לו חיי עולמים ואני אקימנו ביום האחרון׃
44012023	Violence	ויכהו מלאך יהוה פתאם עקב אשר לא נתן הכבוד לאלהים ויאכלהו תולעים ויגוע׃
47001003	Grace	ברוך האלהים ואבי אדנינו ישוע המשיח אב הרחמים ואלהי כל הנחמה׃
54001006	Sin	יש אשר תעו ממנה ויפנו אחרי למודי תהו׃
45001016	Faith	כי אינני בוש מבשורת המשיח באשר גבורת אלהים היא לתשועת כל המאמין ליהודי בראשונה וכן גם ליוני׃
46003011	Description	]11-01[׃
49005033	Recommendation	ואולם גם אתם כל איש מכם יאהב את אשתו כנפשו והאשה היא תזהר ותירא את בעלה׃
51002013	Grace	גם אתכם המתים בפשעים ובערלת בשרכם החיה אתו בסלח לכם את כל פשעיכם׃
54004014	Recommendation	ואל תקל בעיניך מתנת החסד אשר בך הנתונה לך בנבואה עם סמיכת ידי הזקנים׃
66021001	Description	וארא שמים חדשים וארץ חדשה כי השמים הראשנים והארץ הראשונה עברו והים איננו עוד׃
52005016	Recommendation	היו שמחים בכל עת׃
66009006	Description	ובימים ההם יבקשו בני אדם את המות ולא ימצאהו וישאלו את נפשם למות והמות יברח מהם׃
52004014	Faith	כי אם נאמין אשר מת ישוע ויחי כן יביא האלהים על ידי ישוע גם את הישנים אתו׃
62004015	Faith	כל המודה כי ישוע הוא בן האלהים האלהים שכן בו והוא באלהים׃
49004022	Recommendation	אשר תסורו מדרכיכם הראשנים ותפשטו את האדם הישן הנשחת בתאות התרמית׃
43010009	Grace	אנכי הדלת איש כי יבוא בי יושע ובצאתו ובבואו ימצא מרעה׃
58011037	Violence	נסקלו באבנים נסרו במגרה נבחנו ביסורים מתו לפי חרב וינעו עטופי עורת כבשים ועזים בחסר ובעצר רעה ויגון׃
62002029	Faith	אם ידעתם כי צדיק הוא דעו כי כל עשה צדקה נולד ממנו׃
44013047	Grace	כי כן צוה עלינו האדון נתתיך לאור גוים להיות ישועתי עד קצה הארץ׃
47004002	Faith	כי אם מאסנו בסתרי הבשת שלא להתהלך בערמה ולא לזיף את דבר האלהים אלא בהראות האמת נזכיר אתנו לטוב נגד דעת כל בני אדם לפני האלהים׃
44002033	Description	ועתה אחרי הנשאו בימין האלהים לקח מאת האב את הבטחת רוח הקדש וישפך את אשר אתם ראים ושמעים׃
51003010	Recommendation	ולבשתם את האדם החדש המתחדש בדעת כצלם בראו׃
43011004	Faith	וישמע ישוע ויאמר זאת המחלה איננה למות כי אם לכבוד האלהים למען יכבד בה בן האלהים׃
45001017	Faith	כי תגלה בה צדקת אלהים מאמונה אל אמונה ככתוב וצדיק באמונתו יחיה׃
43019017	Description	וישא את צלבו ויצא אל המקום הנקרא מקום הגלגלת ובלשונם גלגלתא׃
45012006	Faith	ויש לנו מתנות שנות כפי החסד הנתן לנו אם נבואה תהי כפי מדת האמונה׃
66004007	Description	ודמות החיה הראשונה כאריה והחיה השנית כשור ופני החיה השלישית כפני אדם ודמות החיה הרביעית כנשר מעופף׃
49005015	Recommendation	ועתה ראו והזהרו להתהלך לא ככסילים כי אם כחכמים׃
45010012	Grace	ואין הבדל בזה בין היהודי ליוני כי אדון אחד לכלם והוא עשיר לכל קראיו׃
45010004	Faith	כי המשיח סוף התורה לצדקה לכל המאמין בו׃
50004006	Recommendation	אל תדאגו כי אם בתפלה ובתחנונים עם תודה תודיעו בכל דבר את משאלותיכם לאלהינו׃
46010006	Faith	וכל זאת היתה לנו למופת לבלתי התאות לרעה כאשר התאוו גם המה׃
66009002	Description	ויפתח את באר התהום ויעל עשן מן הבאר כעשן כבשן גדול ויחשך השמש והרקיע מקיטר הבאר׃
52004006	Recommendation	ולא יפרץ איש ויונה את אחיו בעשק כי נוקם יהוה על כל זאת כאשר כבר אמרנו והעידנו לכם׃
47005017	Faith	ובכן מי שהוא במשיח בריאה חדשה הוא הישנות עברו והנה הכל נהיה לחדש׃
43005020	Faith	כי האב אהב את הבן ומראה אתו כל אשר יעשה ועוד מעשים גדולים מאלה יראהו למען תתמהו׃
49004028	Recommendation	מי שגנב אל יסף לגנב כי אם ייגע ובידיו יעשה את הטוב למען יהיה לו לתת לאיש מחסור׃
57001022	Recommendation	ועם זה גם תכין לי בית מלון כי אקוה אשר אנתן לכם על ידי תפלותיכם׃
58013009	Recommendation	אל תנועו בתורות שנות וזרות כי טוב לכונן לבנו בחסד ולא בעניני מאכל אשר לא הועילו למתהלכים בהם׃
52005012	Recommendation	והננו מבקשים מכם אחי להכיר את העמלים בכם ואשר הם נצבים עליכם באדון ומוכיחים אתכם׃
43009022	Description	כזאת דברו יולדיו מיראתם את היהודים כי היהודים כבר נועצו לנדות את כל אשר יודה כי הוא המשיח׃
50003003	Faith	כי אנחנו בני המילה העבדים את האלהים ברוח ומתפארים במשיח ישוע ואיננו בטחים בבשר׃
62003023	Faith	וזאת היא מצותו להאמין בשם בנו ישוע המשיח ולאהבה איש את רעהו כאשר צונו׃
66013011	Description	וארא חיה אחרת עלה מן האדמה ולה קרנים כקרני שה ומדברת כתנין׃
46014020	Recommendation	אחי אל תהיו ילדים בבינה רק לרע היו עללים ובבינה היו שלמים׃
59005013	Recommendation	כי יצר לאיש בכם הוא יתפלל ואשר ייטב לבו הוא יזמר׃
58012012	Recommendation	על כן חזקו ידים רפות וברכים כשלות׃
60001017	Recommendation	ואם אב תקראו לאלהים השפט בבלי משא פנים כפי מעללי איש ואיש התהלכו נא ביראה בימי מגוריכם׃
58010036	Recommendation	כי צריכים אתם לסבלנות למען תעשו רצון אלהים ונשאתם את ההבטחה׃
58011001	Faith	כי האמונה היא חסן הבטחון במקוה והוכחת דברים לא נראים׃
49004017	Recommendation	והנה זאת אני אמר ומעיד באדון כי מעתה לא תלכו עוד כיתר הגוים ההלכים בהבלי שכלם׃
51002016	Recommendation	על כן לא ידין איש אתכם על דבר מאכל ומשקה או בענין המועדים וראשי חדשים ושבתות׃
66007015	Faith	לכן הנם לפני כסא האלהים ומשרתים אותו בהיכלו יומם ולילה והישב על הכסא יתן משכנו עליהם׃
44020010	Description	וירד פולוס ויגהר עליו ויחבקהו ויאמר אל תבהלו כי נשמתו בו׃
55002010	Faith	ועל כן אסבל את כל למען הבחירים למען ישיגו גם המה את התשועה במשיח ישוע עם כבוד עולמים׃
60005014	Recommendation	שאלו לשלום איש את רעהו בנשיקת אהבה שלום לכלכם אשר במשיח ישוע אמן׃
49005021	Recommendation	הכנעו איש לאחיו ביראת אלהים׃
61003017	Recommendation	ואתם אהובים אשר ידעתם זאת השמרו לנפשתיכם פן תמשכו אחרי טעות אנשי בליעל ונפלתם ממעזכם׃
51003018	Recommendation	אתן הנשים הכנענה לבעליכן כראוי באדנינו׃
54005020	Recommendation	את החטאים תוכיח בפני כל למען ייראו גם האחרים׃
45014013	Recommendation	לכן אל נדין עוד איש את רעהו כי אם זה יהי דינכם שלא יתן איש לפני אחיו מכשול או מוקש׃
45002010	Grace	וכבוד והדר ושלום לכל עשה הטוב ליהודי בראשונה וכן גם ליוני׃
58011034	Violence	וכבו גבורת האש ונמלטו מפי החרב והתחזקו מחלים ועשו חיל במלחמה והפילו מחנות זרים׃
48006017	Faith	מעתה איש אל ילאני עוד כי את חבורות האדון ישוע אני נשא בגויתי׃
66018021	Violence	וישא מלאך נורא אבן גדולה כפלח רכב וישליכה אל תוך הים לאמר ככה תשלך במערצה בבל העיר הגדולה ולא תמצא עוד׃
65001020	Faith	ואתם האהובים הבנו באמונתכם הנעלה על כל בקדשתה והתפללו ברוח הקדש׃
45012002	Recommendation	ואל תשתוו לעולם הזה כי אם התחלפו בהתחדש דעתכם למען תבחנו לדעת מה הוא רצון האלהים הטוב והחמד והשלם׃
46015009	Sin	כי אני הצעיר בשליחים ואינני כדי להקרא שליח באשר רדפתי את קהל האלהים׃
62002015	Recommendation	אל תאהבו את החלד ואת דברי החלד אם יאהב איש את החלד אין בו אהבת האב׃
45002001	Sin	לכן אין לך התנצלות אתה בן אדם הדן תהיה מי שתהיה כי במה שתדין את חברך תחיב את נפשך באשר אתה הדן תעשה כמעשהו׃
48002009	Description	וכאשר ידעו יעקב וכיפא ויוחנן הנחשבים לעמודים את החסד הנתן לי נתנו לי ולבר נבא את יד ימינם ונאות כי נלך אנחנו לגוים והמה למולים׃
43019023	Description	ויהי כאשר צלבו אנשי הצבא את ישוע ויקחו את בגדיו ויחלקום לארבעה חלקים לאיש איש חלק אחד וגם את כתנתו והכתנת לא היתה תפורה כי אם מעשה ארג מלמעלה ועד קצה׃
45002021	Sin	ואתה אשר תורה אחרים את נפשך לא תורה אמרת לא תגנב והנך גנב׃
46006019	Faith	או הלא ידעתם כי גופכם הוא היכל רוח הקדש השכן בקרבכם אשר קבלתם מאת האלהים וכי לא לעצמכם אתם׃
47005014	Grace	כי אהבת המשיח דחקת אתנו בהיותנו דנים אשר אם מת אחד בעד כלם כלם מתו׃
58003001	Faith	לכן אחי הקדושים חברים לקריאה של מעלה הביטו אל השליח וכהן הודיתנו הגדול אל המשיח ישוע׃
44020035	Recommendation	ובכל הראיתי אתכם כי כן עלינו לעמל ולתמך את החלשים ולזכר את דברי האדון ישוע כי הוא אמר טוב אשר תתן משתקח׃
58013004	Recommendation	האישות תיקר בכל וערש יצועכם אל יחלל את הזנים ואת המנאפים ידין אלהים׃
43020005	Description	וישקף אל תוכו וירא את התכריכין מנחים אך לא בא פנימה׃
66016018	Description	ויהיו קלות ורעמים וברקים ויהי רעש גדול אשר לא היה כמהו למן היות אדם על הארץ רעש כזה גדול עד מאד׃
66019010	Faith	ואפל לפני רגליו להשתחות לו ויאמר אלי ראה אל תעשה זאת עבד כמוך אנכי וחבר לך ולאחיך אשר להם עדות ישוע השתחוה לאלהים כי עדות ישוע היא רוח הנבואה׃
46002010	Grace	ולנו גלה האלהים ברוחו כי הרוח חוקר את הכל גם את מעמקי האלהים׃
50002029	Recommendation	על כן קבלהו באדנינו בכל שמחה והוקירוט אנשים כמהו׃
51003020	Recommendation	הבנים שמעו אל ילדיכם בכל דבר כי הוא לרצון לאדנינו׃
47001012	Faith	כי זאת היא תהלתנו עדות לבבנו אשר בתם וישר אלהים התהלכנו בעולם וביותר אתכם ולא בחכמת הבשר כי אם בחסד אלהים׃
43014021	Faith	מי אשר מצותי אתו וינצרן זה הוא אשר יאהבני ואהבי אהוב הוא לאבי ואני אהבהו ואליו אתודע׃
51002023	Sin	הנראים כעין חכמה בעבודה בדויה מלב ובשפלות רוח ובענוי הגוף שלא כהגן רק להשביע הבשר׃
64001006	Recommendation	אשר העידו על אהבתך בפני הקהל ואף תיטיב לעשות בלותך אתם כאשר יאתה לפני אלהים׃
55002023	Recommendation	ותרחק מן השאלות התפלות באין מוסר באשר תדע כי אך קטטה מולידות הנה׃
47003018	Faith	ואנחנו כלנו בפנים מגלים ראים את כבוד האדון במראה ונחלף אל עצם דמות ההיא מכבוד אל כבוד כהחלף מאת אדון הרוח׃
58009014	Grace	אף כי דם המשיח אשר הקריב את עצמו לאלהים ברוח נצחי ובלי מום יטהר לבבכם ממעשי מות לעבד את אלהים חיים׃
44011017	Grace	ועתה אם מתנה אחת נתן האלהים להם ולנו המאמינים באדון ישוע המשיח מי אנכי כי אעצר לאלהים׃
49004030	Faith	ולא תעצבו את רוח הקדש של אלהים אשר נחתמתם בו אל יום הגאלה׃
66003003	Recommendation	זכור את אשר קבלת ושמעת ושמרה זאת ושובה ואם לא תשקד הנני בא עליך כגנב ולא תדע באי זו שעה אבא עליך׃
62003007	Recommendation	בני אל יתעה אתכם איש העשה צדקה צדיק הוא כאשר הוא צדיק׃
62004001	Recommendation	אהובי אל תאמינו לכל רוח כי אם בחנו הרוחות אם מאלהים המה כי נביאי שקר רבים יצאו לעולם׃
44013038	Grace	לכן אנשים אחים יודע לכם כי על ידי זה הגד לכם סליחת החטאים׃
50003001	Recommendation	ובכן אחי שמחו באדנינו הן לכתב ולשנות כזאת אליכם עלי איננו לטרח ולכם הוא לחזוק׃
46011034	Recommendation	וכי ירעב איש יאכל בביתו פן תקהלו לאשמה ויתר הדברים אתקן בבאי׃
43018031	Description	ויאמר אליהם פילטוס קחהו אתם עמכם ועשו משפטו כתורתכם ויאמרו אליו היהודים אין לנו רשיון להמית איש׃
46012031	Faith	ואתם התאוו המתנות המועילות ביותר ובכל זאת אראה אתכם דרך נעלה על כלנה׃
58007026	Description	כי נאוה לנו כהן כזה שהוא חסיד ותמים וטהור ונבדל מן החטאים ונשא מהשמים׃
50004013	Faith	כל זאת אוכל בעזרת המשיח הנותן כח בקרבי׃
52004003	Recommendation	כי רצון האלהים היא קדשתכם אשר תתרחקו מן הזנות׃
51004002	Recommendation	התמידו בתפלה ושקדו בה בתודה׃
44007029	Description	ויברח משה על הדבר הזה ויהי גר בארץ מדין ויולד שם שני בנים׃
46011007	Description	והאיש איננו חיב לכסות את ראשו כי הוא צלם אלהים וכבודו אבל האשה היא כבוד האיש׃
51003015	Faith	וישלט בלבבכם שלום האלהים אשר נקראתם לו בגוף אחד וזבחו תודה׃
58002010	Grace	כי נאה היה לו אשר הכל למענו והכל על ידו בהנחתו בנים רבים לכבוד להשלים בענוים את שר ישועתם׃
59004001	Sin	מאין המלחמות והמדנים אשר ביניכם הלא מתוך התאות המתגרות באבריכם׃
46005001	Sin	שמועה נשמעת בארץ כי נמצאה זנות ביניכם ואף זנות אשר בגוים לא ספר כמוה כי יקח איש את אשת אביו׃
46010013	Faith	עדין לא בא עליכם נסיון אחר בלתי אם נסיון בני אדם כי נאמן הוא האלהים אשר לא יניח לנסות אתכם למעלה מיכלתכם כי אם יתן עם הנסיון גם תוצאתיו כדי שתוכלו שאת׃
44020029	Violence	כי ידע אני אשר אחרי צאתי יבואו בתוככם זאבים עזים אשר לא יחוסו על העדר׃
53001004	Faith	עד כי נתהלל בכם אף אנחנו בקהלות אלהים על סבלנותכם ועל אמונתכם בכל הרדיפות ובכל הלחץ אשר סבלתם׃
62004012	Faith	את האלהים לא ראה איש מעולם ואם נאהב איש את רעהו האלהים יעמד בקרבנו ואהבתו נשלמה בנו׃
48001001	Description	פולוס השליח לא מבני אדם ולא על ידי בן אדם כי אם על ידי ישוע המשיח ואלהים האב אשר העירו מן המתים׃
58012003	Recommendation	התבוננו אליו אשר נשא כלמת חטאים גדולה כזאת למען לא תיעפו ולא תיגעו בנפשותיכם׃
45006005	Faith	כי אם נדבקנו בדמיון מותו אכן גם נהיה דבוקים לתחיתו׃
45015010	Recommendation	ואומר הרנינו גוים עמו׃
54004001	Sin	אבל הרוח אמר בפרוש כי באחרית הימים יהיו אנשים אשר יסורו מן האמונה בפנותם אל הרוחות המטעות ואל תורת השדים׃
56003001	Recommendation	הזכר אתם להכנע ולשמע לשרים ולשלטונים ולהיות נכונים לכל מעשה טוב׃
61003005	Sin	ונסתר מהם באשר לא יאבו לדעת כי מקדם קמו השמים והארץ בדבר אלהים מן המים ועל ידי המים׃
60003018	Grace	כי גם המשיח ענה פעם אחת על חטאתינו הצדיק בעד הרשעים לקרב אתנו אל האלהים הומת לפי הבשר ויחי ברוח׃
61002021	Sin	טוב היה להם לא לדעת את דרך הצדקה מאשר ידעהו ונסגו אחור מן המצוה הקדושה המסורה להם׃
53003006	Recommendation	והננו מצוים אתכם אחים בשם אדנינו ישוע המשיח אשר תבדלו מכל אח מעקש דרכיו ואיננו מתהלך על פי הקבלה אשר קבל מאתנו׃
45005012	Sin	לכן כאשר על ידי אדם אחד בא החטא לעולם והמות בעקב החטא וכן עבר המות על כל בני אדם מפני אשר כלם חטאו׃
58011033	Faith	אשר באמונה כבשו ממלכות ופעלו צדק והשגו הבטחות וסכרו פי אריות׃
47004009	Faith	נרדפים ולא נטושים משלכים ולא אבדים׃
59004004	Sin	הנאפים והמנאפות הלא ידעתם כי אהבת העולם איבת אלהים היא ועתה החפץ להיות אהב העולם יהיה איב לאלהים׃
44016006	Description	ויעברו בפרוגיא ובארץ גלטיא כי מנעם רוח הקדש מהשמיע את הדבר באסיא׃
45010006	Faith	והצדקה אשר מתוך האמונה כה אמרת אל תאמר בלבבך מי יעלה השמימה הלא זאת היא להוריד את המשיח׃
66016002	Violence	וילך הראשון וישפך את קערתו על הארץ ויהי שהין רע ומכאיב באנשים אשר עליהם תו החיה ובמשתחוים לצלמה׃
66005008	Description	ויהי בקחתו את הספר ויפלו לפני השה ארבע החיות ועשרים וארבעה הזקנים ואיש איש כנור בידו וקערות זהב מלאת קטרת אשר הנה תפלות הקדושים׃
62005001	Faith	כל המאמין כי ישוע הוא המשיח הנה זה ילד מאלהים וכל האהב את מולידו יאהב גם את הנולד מאתו׃
48005026	Recommendation	ולא נרדף אחרי כבוד שוא להכעיס איש את רעהו ולקנא איש את רעהו׃
54005001	Recommendation	אל תגער בזקן כי אם תזהירנו כאב לך ואת הצעירים כאחים׃
60002012	Recommendation	והיטיבו דרככם בגוים למען יביטו אל מעשיכם הטובים והיה תחת אשר חרפו אתכם כפעלי און יכבדו את האלהים ביום הפקדה׃
50003006	Sin	לפי התורה פרוש בקנאתי רדף את העדה ולפי צדקת התורה בלי שמץ׃
43004052	Description	וידרש מאתם את השעה אשר בה רוח לו ויאמרו אליו תמול בשעה השביעית עזבתו הקדחת׃
43019031	Violence	ולמען לא תשארנה הגויות על הצלב ביום השבת כי ערב שבת היה וגדול יום השבת ההוא שאלו היהודים מן פילטוס לשבר את שוקיהם ולהוריד אתם׃
43019012	Description	אז יבקש פילטוס לשלחו והיהודים צעקו ויאמרו אם תשלח את זה אינך אהב לקיסר כי כל המתנשא להיות מלך מרד הוא בקיסר׃
43014001	Faith	אל יבהל לבבכם האמינו באלהים ובי האמינו׃
50001028	Faith	ואינכם חרדים מאומה מפני המתקוממים אשר זאת להם אות לאבדם ולכם לישועתכם ומאת האלהים היא׃
43015016	Grace	לא אתם בחרתם בי כי אם אנכי בחרתי בכם והפקדתי אתכם ללכת ולעשות פרי ופריכם יקום והיה כל אשר תשאלו מאבי בשמי יתן לכם׃
58011004	Faith	באמונה הקריב הבל לאלהים זבח טוב מקין אשר היה לו לעדות כי צדיק הוא בהעיד אלהים על מנחתיו ובה עודנו מדבר אחרי מותו׃
46004001	Recommendation	כן יחשב איש אתנו כמשרתי המשיח וסכני רזי אל׃
66006013	Description	וכוכבי השמים נפלו ארצה כאשר תנוע תאנה ברוח חזקה והשליכה פגיה׃
46010014	Recommendation	על כן חביבי נוסו מעבודת אלילים׃
45012021	Recommendation	אל נא יכבשך הרע כבוש אתה את הרע בטוב׃
55002014	Recommendation	זאת הזכר להם והעד לפני האדון שלא לעשק במחלקת מלים אשר לא להועיל רק לעות דעת השמעים׃
59004008	Recommendation	קרבו לאלהים ויקרב אליכם רחצו ידיכם החטאים טהרו לבבכם חלוקי הלבב׃
59002009	Sin	אולם אם תשאו פנים תחטאו במעשיכם והתורה תוכיחכם כעברים אותה׃
52004007	Grace	כי לא קרא אותנו האלהים לטמאה כי אם לקדשה׃
45001018	Sin	כי נגלה חרון אלהים מן השמים על כל רשעת בני אדם ועולתם אשר יעצרו את האמת בעולה׃
62004007	Faith	אהובי נאהב נא איש את רעהו כי האהבה מאלהים היא וכל אשר יאהב נולד מאלהים וידע את האלהים׃
62002009	Sin	האומר כי ישנו באור והוא שנא את אחיו עודנו בחשך׃
60004014	Grace	אם יחרפו אתכם למען שם המשיח אשריכם כי נחה עליכם רוח הכבוד רוח אלהים אצלם מנאץ הוא ואצלכם נכבד׃
44021019	Grace	וישאלם לשלום ויספר אחת לאחת את אשר עשה האלהים לגוים בשרותו׃
43008046	Sin	מי בכם על עון יוכיחני ואם אמת דברתי מדוע לא תאמינו לי׃
58010017	Grace	ולעונם ולחטאתם לא אזכר עוד׃
46001005	Grace	אשר עשרתם בו בכל בכל דבור ובכל דעת׃
45015030	Recommendation	ואני מעורר אתכם אחי באדנינו ישוע המשיח ובאהבת הרוח להתאמץ אתי בהעתיר בעדי אל האלהים׃
43007020	Violence	ויען העם ויאמר שד בקרבך מי מבקש להרגך׃
45003025	Grace	אשר שמו האלהים לפנינו לכפרת על ידי האמונה בדמו להראות את צדקתו אחרי אשר העביר את החטאים שנעשו לפנים בעת חמלת אלהים׃
43018018	Description	והעבדים והמשרתים בערו אש גחלים כי עת קר היתה ויעמדו שם ויתחממו וגם פטרוס עמד עמם ומתחמם׃
49006011	Recommendation	לבשו כלי נשק אלהים למען תוכלו עמד נגד נכלי השטן׃
43013037	Faith	ויאמר אליו פטרוס מדוע לא אוכל עתה ללכת אחריך הן נפשי בעד נפשך אתן׃
50004007	Faith	ושלום אלהים הנשגב מכל שכל ינצר את לבבכם ואת מחשבותיכם במשיח ישוע׃
59003009	Faith	בה נברך את האלהים אבינו ובה נקלל את האנשים העשוים בצלם אלהים׃
46005010	Sin	ואין דעתי בזאת על הזנים שבעולם הזה או על בצעי בצע וגזלנים ועבדי אלילים כי אז יהיה לכם לצאת מן העולם׃
44026009	Sin	הן לפנים אני חשבתי צדקה לצרר את שם ישוע הנצרי עד מאד׃
61002014	Sin	עינים להם מלאות נאפים אשר לא תחדלות מחטוא ואת נפשות הפתאים יצודדו ולב מלמד בצע להם בני המארה׃
43010012	Description	והשכיר אשר לא רעה הוא והצאן לא לו הנה בראותו כי בא הזאב יעזב את הצאן ונס והזאב יחטף ויפיץ את הצאן׃
59001019	Recommendation	על זאת אחי אהובי יהי כל איש מהיר לשמע קשה לדבר וקשה לכעוס׃
46009014	Recommendation	כן תקן אדנינו גם הוא אשר יחיו המבשרים על הבשורה׃
43012046	Grace	אני באתי לאור אל העולם למען כל אשר יאמין בי לא ישב בחשך׃
43005014	Description	ויהי אחרי כן וימצאהו ישוע בבית המקדש ויאמר אליו הנה נרפא לך אל תוסיף לחטא פן תאנה אליך רעה גדולה מזאת׃
46016014	Recommendation	וכל דבריכם יעשו באהבה׃
43014015	Recommendation	אם אהבתם אתי את מצותי תשמרו׃
58012025	Recommendation	לכן ראו פן תמאנו לשמע אל המדבר כי הן לא נמלטו המאנים לשמע אל המדבר עמהם בארץ אף אנחנו אם נמאן לשמע בקול המדבר מן השמים׃
48004008	Sin	הן לפנים באין דעת אלהים הייתם עבדים את אשר בעצמותם אינם אלהים׃
44003026	Grace	לכם בראשונה העמיד האלהים את עבדו ישוע וישלחהו לברך אתכם בשובכם כל איש מרע מעלליכם׃
44010039	Violence	ואנחנו עדים על כל אשר עשה בארץ היהודים ובירושלים ואשר הרגהו בהוקיעם אתו על העץ׃
46001010	Recommendation	והנני מזהיר אתכם אחי בשם אדנינו ישוע המשיח להיות כלכם פה אחד ולא תהיין מחלקות בקרבכם כי אם תכוננו יחד בלב אחד ובעצה אחת׃
51001021	Sin	וגם אתם אשר הייתם מלפנים מוזרים ואיבים בנטות לבבכם אחרי המעשים הרעים׃
55002022	Recommendation	ברח לך מתאות הנעורים ורדף צדק ואמונה ואהבה ושלום עם כל הקראים אל יהוה בלב טהור׃
51003001	Faith	לכן אם קמתם עם המשיח בקשו את אשר למעלה אשר המשיח ישב שם לימין האלהים׃
66008007	Violence	והמלאך הראשון תקע בשופר ויהי ברד ואש בלולים בדם ותשלך ארצה ותשרף שלישית העץ וכל ירק עשב נשרף׃
66011017	Faith	ויאמרו מודים אנחנו לך יהוה אלהים צבאות ההוה והיה ויבוא כי לבשת עזך הגדול ותמלך׃
43004010	Grace	ויען ישוע ויאמר אליה לו ידעת את מתת אלהים ומי הוא האמר אליך תני נא לי לשתות כי עתה שאלת ממנו ונתן לך מים חיים׃
51003004	Grace	בעת הגלות המשיח אשר הוא חייכם גם אתם תגלו עמו בכבוד׃
43020031	Faith	אך אלה נכתבו למען תאמינו כי ישוע הוא המשיח בן אלהים ולמען יהיו לכם המאמינים חיי עולם בשמו׃
62004006	Faith	ואנחנו מאלהים הננו היודע את האלהים ישמע אלינו ואשר איננו מאלהים לא ישמע אלינו בזאת נכיר את רוח האמת ואת רוח התועה׃
65001012	Description	הלא צורי מכשול המה בסעודתיכם של אהבה ובקלות ראש יאכלו וישתו עמכם ורעים את נפשם עננים הם בבלי מים הנדפים מפני רוח עצי חרף באין פרי אשר מתו פעמים ונעקרו׃
44005015	Description	עד כי נשאו את החולים אל הרחבות וישימום על מטות ומשכבות למען אשר ילך פטרוס ונפל אך צלו על אחד מהם׃
49006016	Faith	ועל כל אלה תפשו את מגן האמונה אשר תוכלו לכבות בו את חצי הרשע הבערים׃
51003023	Recommendation	כל אשר תעשו עשו בכל נפשכם כמו ליהוה ולא לבני אדם׃
58012016	Recommendation	פן ימצא בכם זנה או חלל כעשו אשר בנזיד אחד מכר את בכורתו׃
43018040	Sin	ויוסיפו ויצעקו לאמר לא את האיש הזה אלא את בר אבא ובר אבא היה מרצח׃
55003004	Sin	ומסרים ופחזים וגבהי רוח והלכים אחרי תענוגים יותר מאחרי האלהים׃
50002009	Grace	על כן גם האלהים הגביהו מאד ויתן לו שם נעלה על כל שם׃
61001016	Description	כי הודענו אתכם גבורת אדנינו ישוע המשיח ובאו לא בלכתנו אחרי הגדות מחכמות כי אם ראות היו עינינו את גדלתו׃
61003016	Sin	וכן בכל אגרותיו בדברו שם על אלה ובהם יש דברים קשי ההבנה והבערים והפתאים יהפכו אתם כאשר גם יעשו לכתבים האחרים לאבדן נפשם׃
44014014	Description	ויהי כשמע זאת השליחים פולוס ובר נבא ויקרעו את בגדיהם וירוצו אל תוך העם׃
45015008	Faith	ואני אמר כי ישוע המשיח היה למשרת בני המילה למען אמת האלהים לקים את ההבטחות אשר לאבות׃
59001026	Sin	איש מכם אם ידמה להיות עבד אלהים ואיננו שם רסן ללשנו כי אם מתעה הוא את לבבו עבדתו אך לריק תהיה׃
43015020	Recommendation	זכרו את דברי אשר דברתי אליכם העבד איננו גדול מאדניו אם רדפו אתי גם אתכם ירדפו אם שמרו את דברי גם את דברכם ישמרו׃
43008031	Faith	ויאמר ישוע אל היהודים המאמינים בו אם תעמדו בדברי באמת תלמידי אתם׃
44007011	Description	ויהי רעב על כל ארץ מצרים וכנען וצרה גדולה ואבותינו לא מצאו אכל׃
63001004	Faith	שמחתי למאד כי מצאתי מבניך מתהלכים באמת כמצוה אשר קבלנו מאת האב׃
54005008	Faith	אבל מי שלא יפרנס את קרוביו וביותר את בני ביתו כפר באמונה והוא גרוע מאשר איננו מאמין׃
58010022	Faith	נקרבה נא בלבב שלם ובאמונה תמימה מטהרים בהזית לבבנו מרוח רעה ורחוצי בשר במים טהורים׃
48001023	Description	רק זאת בלבד שמעו כי האיש ההוא אשר היה רדף אתנו מאז עתה הוא מבשר את האמונה אשר האבידה מלפנים׃
44027034	Recommendation	על כן קרא אני אתכם לטעם לחם כי הוא למחיתכם כי איש איש מכם לא יפל משערת ראשו ארצה׃
66002003	Faith	ואתה נשאת הרבה ויש לך סבלנות ולמען שמי לא יעפת׃
56002002	Recommendation	שיהיו הזקנים משלים ברוחם ומכבדים וצנועים ובריאים באמונה ובאהבה ובסבלנות׃
44017030	Recommendation	לכן עתה אחרי עבר אלהים על ימות הסכלות מצוה הוא את כל בני האדם בכל אפסי ארץ כי שוב ישובו׃
43019025	Description	ועל יד צלב ישוע עמדו אמו ואחות אמו מרים אשת קלופס ומרים המגדלית׃
66019013	Description	והוא לבוש בלבוש מאדם בדם ושמו נקרא דבר האלהים׃
46008009	Recommendation	אבל הזהרו פן יהיה אתו הרשיון שלכם למכשל החלשים׃
44013034	Grace	ועל אשר הקים אתו מן המתים לבלתי שוב עוד לשחת כה אמר אתן לכם חסדי דוד הנאמנים׃
43014020	Faith	והיה ביום ההוא ידוע תדעו כי אני באבי ואתם בי ואני בכם׃
62002003	Faith	ובזאת נדע כי הכרנו אותו אם נשמר את מצותיו׃
43008024	Sin	לכן אמרתי אליכם כי תמותו בחטאיכם כי אם לא תאמינו כי אני הוא בחטאיכם תמותו׃
66017006	Sin	וארא את האשה שכורה מדם הקדשים ומדם עדי ישוע ואשתומם על המראה שמה גדולה׃
58012017	Description	הלא ידעתם כי גם נמאס אחרי כן כאשר רצה לרשת את הברכה כי לא מצא מקום לתשובה אף בקש אותה בדמעות׃
43007012	Description	ותהי תלונה רבה על אדותיו בתוך העם אלה אמרו טוב הוא ואלה אמרו לא כי מתעה הוא את העם׃
44011021	Faith	ותהי עמהם יד יהוה ומספר רב האמינו וישובו אל האדון׃
52002004	Faith	כי אם כאשר נחשבנו נאמנים לאלהים להפקיד בידנו את הבשורה כן נדבר ולא כחפצים להיות רצוים לבני אדם כי אם לאלהים הבחן לבותנו׃
46015057	Grace	אבל תודות לאלהים אשר נתן לנו הנצחון על ידי אדנינו ישוע המשיח׃
54005005	Faith	אבל האלמנה באמת אשר נשארה יחידה שמה אלהים מבטחה ומתמדת בתפלות ובתחנות לילה ויומם׃
43016024	Grace	עד עתה לא שאלתם דבר בשמי שאלו ותקחו למען תמלא שמחתכם׃
46007021	Recommendation	אם נקראת בהיותך עבד אל ירע בעיניך אלא אם תשיג ידך לצאת לחפשי בחר בזה׃
65001019	Sin	אלה הם הפרשים מן הצבור אנשים נפשיים ורוח אין בהם׃
48001006	Sin	תמה אני כי סרתם מהר מאחרי הקרא אתכם בחסד המשיח אל בשורה זרה׃
58012014	Recommendation	רדפו את השלום עם כל אדם ואת הקדשה אשר בלעדיה לא יראה איש את האדון׃
43021006	Description	ויאמר להם השליכו המכמרת מימין לאניה ותמצאו וישליכו ולא יכלו עוד למשך אתה מרב הדגים׃
46007019	Recommendation	אין המילה נחשבה ואין הערלה נחשבה כי אם שמירת מצות האלהים׃
45012008	Recommendation	ואם מוכיח בתוכחה הנותן יעשה בתם לבב והמנהיג בשקידה והגמל חסד בסבר פנים יפות׃
44019002	Faith	ויאמר אליהם הקבלתם את רוח הקדש אחרי אשר האמנתם ויאמרו אליו אף לא שמענו כי ישנו רוח הקדש׃
53003014	Recommendation	ואם לא ישמע איש אל דברנו באגרת הזאת אתו תרשמו לכם ואל תתערבו עמו למען יבוש׃
46015050	Sin	וזאת אני אמר אחי כי בשר ודם לא יוכל לרשת את מלכות האלהים ואשר יכלה לא יירש את אשר לא יכלה׃
43006027	Recommendation	אל תעמלו במאכל אשר יאבד כי אם במאכל הקים לחיי עולמים אשר בן האדם יתננו לכם כי בו חתם חותמו אביו האלהים׃
59004003	Sin	הן אתם מבקשים ואינכם מקבלים על אשר תתפללו ברעה למען תבלו בתאותיכם׃
49005020	Faith	והודו בכל עת על הכל לאלהים אבינו בשם אדנינו ישוע המשיח׃
48003006	Faith	כאשר האמין אברהם באלהים ותחשב לו לצדקה׃
66021023	Grace	והעיר איננה צריכה לאור השמש ולנגה הירח כי כבוד אלהים האיר לה ונרה הוא השה׃
45008009	Faith	ואתם אינכם בבשר כי אם ברוח אם אמנם רוח האלהים שכן בקרבכם כי מי שאין בו רוח המשיח איננו שלו׃
45011023	Faith	וגם המה אם לא יעמדו במרים ירכבו כי יכל האלהים לשוב להרכיבם׃
66014005	Description	ותרמית לא נמצאה בפיהם כי תמימים המה לפני כסא האלהים׃
44024014	Faith	אבל את זאת מודה אני לפניך כי בדרך ההיא אשר יקראוה בשם כת בה אני עבד את אלהי אבותינו בהאמיני בכל הכתוב בתורה ובנביאים׃
45013008	Recommendation	ואל תהיו חיבים לאיש דבר זולתי אהבת איש את רעהו כי האהב את חברו קים את התורה׃
66016009	Sin	ויצרבו בני אדם בחם גדול ויגדפו את שם אלהים אשר לו הממשלה על המכות האלה ולא שבו לתת לו הכבוד׃
66021012	Description	ויש לה חומה גדולה וגבהה ושנים עשר שערים לה ועל השערים שנים עשר מלאכים ושמות כתובים עליהם אשר הם שמות שנים עשר שבטי בני ישראל׃
48003013	Grace	המשיח פדנו מקללת התורה בהיותו לקללה בעדנו שנאמר קללת אלהים תלוי׃
48001013	Sin	כי הלא שמעתם את דרכי אשר התהלכתי מלפנים בין היהודים ואת אשר רדפתי על יתר את עדת אלהים ואבדתיה׃
66020002	Description	ויתפש את התנין את הנחש הקדמוני הוא המלשין והוא השטן ויאסרהו לאלף שנים׃
44008009	Description	ואיש אחד ושמו שמעון היה מלפנים בעיר מכשף ומשמים את עם שמרון באמרו על נפשו כי גדול הוא׃
50003010	Faith	לדעת אתו ואת גבורת תחיתו והתחברות ענוייו ולהדמות למותו׃
54005022	Recommendation	אל תהי נמהר בסמיכת ידיך על אדם ולא תשתתף לחטאת אחרים שמר את נפשך בטהרה׃
56002003	Recommendation	וכן הזקנות תהי הנהגתן כאשר נאוה לקדש לא תהיינה מלשינות ולא נכבשות לסבוא יין כי אם מלמדות טוב׃
46007038	Recommendation	לכן המשיא אתה טוב הוא עשה ואשר איננו משיא עשה טוב ממנו׃
59001022	Recommendation	והיו עשי הדבר ולא שמעיו לבד לרמות את נפשכם׃
43007001	Violence	אחרי הדברים האלה הלך ישוע בארץ הגליל הלוך ועבור כי לא אבה להתהלך ביהודה על אשר בקשו היהודים להרגו׃
46001030	Grace	וממנו אתם במשיח ישוע אשר היה לנו לחכמה מאת האלהים ולצדקה ולקדוש ולפדיון׃
43013005	Description	ואחר יצק מים בכיור ויחל לרחץ את רגלי תלמידיו ולנגב במטפחת אשר הוא חגור בה׃
44022004	Violence	וארדף את הדרך הזאת עד מות ואהי אסר ומסגיר לכלא אנשים ונשים׃
43007043	Description	ותהי מחלקת בתוך העם על אדותיו׃
60005002	Recommendation	רעו את עדר האלהים אשר בידכם והשגיחו עליהם לא באנס כי אם בנדבה אף לא עקב בצע כי אם בנפש חפצה׃
46015056	Sin	עקץ המות הוא החטא וכח החטא היא התורה׃
59005004	Sin	הנה שכר הפעלים אספי קציר שדתיכם אשר עשקתם צעק עליכם וצעקת הקוצרים באה באזני יהוה צבאות׃
60002001	Recommendation	ועתה הסירו מכם כל רשע וכל מרמה וחנפה וקנאה וכל לשון רע׃
46007039	Recommendation	האשה קשורה לבעלה על פי התורה כל עת שהוא חי וכי מת בעלה אזי מתרת היא להנשא למי שתרצה ובלבד שתהיה באדון׃
55002018	Sin	אשר תעו מן האמת באמרם כי תחית המתים כבר היתה ויבלבלו אמונת קצת אנשים׃
48005006	Faith	כי במשיח איננה נחשבת לא המילה ולא הערלה כי אם האמונה הפעלת באהבה׃
58005009	Grace	ואחרי אשר השלם היה ממציא תשועת עולמים לכל שמעיו׃
46016001	Recommendation	ועל דבר קבוץ התרומות לעזרת הקדושים כאשר תקנתי לקהלות אשר בגלטיא כן תעשו גם אתם׃
49005022	Recommendation	הנשים הכנענה לבעליכן כמו לאדנינו׃
43008012	Faith	ויסף ישוע וידבר אליהם לאמר אני אור העולם כל ההלך אחרי לא יתהלך בחשכה כי אור החיים יהיה לו׃
65001017	Recommendation	ואתם האהובים זכרו את הדברים הנאמרים מקדם ביד שליחי אדנינו ישוע המשיח׃
44017025	Grace	גם לא ישרתוהו ידי בני אדם כאלו יצטרך לדבר כי הוא הנתן לכל חיים ונשמה וכל דבר׃
62005009	Faith	אם נקבל עדות בני אדם הנה עדות האלהים גדולה ממנה כי זאת היא עדות האלהים אשר העיד על בנו׃
45013014	Faith	כי אם לבשו את האדון ישוע המשיח ודאגו לבשרכם אך לא להגביר התאות׃
58011030	Description	באמונה נפלו חומות יריחו אחרי הקיפו אותן שבעת ימים׃
44019011	Grace	וגבורות גדלות עשה האלהים על ידי פולוס׃
43008034	Sin	ויען אתם ישוע אמן אמן אני אמר לכם כל עשה חטא עבד החטא הוא׃
62004011	Faith	אהובי אם ככה אהב אתנו האלהים גם אנחנו חיבים לאהבה איש את רעהו׃
44002028	Grace	תודיעני ארחות חיים שבע שמחות את פניך׃
54004013	Recommendation	והיה שקוד לקרות ולהוכיח ולהורת עד כי אבוא׃
47004008	Description	נחלצים אנחנו בכל ולא נדכאים דאגים ולא נואשים׃
44002013	Description	ואחרים לעגו ויאמרו כי מלאי עסיס המה׃
66021018	Description	ובנין חומתה אבן ישפה והעיר זהב מופז דומה לזכוכית זכה׃
66015006	Description	ויצאו מן ההיכל שבעה המלאכים הנשאים את שבע המכות מלבשים בד טהור וצח וחגורים אזורי זהב על לבביהם׃
45012014	Recommendation	ברכו את רדפיכם ברכו ואל תקללו׃
66001015	Description	ומרגלתיו כעין נחשת קלל כצרופות בכור וקולו כקול מים רבים׃
43017026	Grace	ואני הודעתים את שמך ואוסיף להודיעם למען תהיה בם האהבה אשר אהבתני ואני אהיה בהם׃
45008032	Grace	אשר על בנו יחידו לא חס כי אם נתנו בעד כלנו הלא גם יתן לנו עמו את הכל׃
65001018	Sin	בדברם אליכם לאמר הנה באחרית הימים יבאו לצים ההלכים אחרי תאות רשעם׃
45011018	Recommendation	אל תתפאר על הענפים ואם תתפאר דע שאינך נשא את השרש כי אם השרש הוא נשא אותך׃
47001024	Faith	לא שנמשל באמונתכם כי אם עזרים אנחנו לשמחתכם כי באמונה עמדתם׃
43011001	Description	ויהי איש חולה לעזר שמו מבית היני כפר מרים ומרתא אחותה׃
52004008	Sin	על כן הבוזה זאת לא אנשים הוא בוזה כי אם את האלהים אשר גם שם בקרבנו את רוח קדשו׃
62004002	Faith	בזאת תכירו את רוח אלהים כל רוח המודה בישוע המשיח כי בא בבשר מאלהים הוא׃
65001008	Sin	וכן גם בעלי החלמות האלה מטמאים את הבשר ואת הממשלה ינאצו ואת השררות יחרפו׃
60003011	Recommendation	יסור מרע ויעשה טוב יבשק שלום וירדפהו׃
51001023	Faith	אם תעמדו מיסדים ונכונים באמונה ולא תזועו מתוחלת הבשורה אשר שמעתם ואשר נשמעה לכל הנברא תחת השמים ואני פולוס הייתי לה למשרת׃
43008059	Violence	אז ירימו אבנים לרגם אתו וישוע התעלם ויצא מן המקדש ויעבר בתוכם עבור וחלוף׃
49004024	Recommendation	ותלבשו את האדם החדש הנברא כדמות אלהים בצדקה וקדשת האמת׃
66014012	Faith	בזה סבלנות הקדשים בזה השמרים את מצות האלהים ואת אמונת ישוע׃
44013030	Description	אבל האלהים הקימו מן המתים׃
43010011	Description	אנכי הוא הרעה הטוב הרעה הטוב יתן את נפשו בעד צאנו׃
49003002	Grace	כי אמנם שמעתם הנהגת חסד האלהים אשר נתן לי אליכם׃
56003010	Recommendation	ואיש החולק על האמונה אם הוכח פעם ושתים שטה מעליו׃
43010019	Description	ותהי מחלקת גם בפעם הזאת בין היהודים על הדברים האלה׃
43003033	Faith	ואשר קבל עדותו חתום חתם כי האלהים אמת׃
61003014	Recommendation	על כן אהובים אשר לאלה חכיתם שקדו להמצא לפניו בשלום נקים וזכים מפשע׃
53003001	Faith	ועוד אחי התפללו בעדנו אשר ירוץ דבר יהוה ויכבד כמו גם בקרבכם׃
47004014	Faith	באשר ידענו כי המעיר את האדון ישוע יעיר גם אתנו על יד ישוע ויעמידנו עמכם׃
59005014	Recommendation	איש כי יחלה בכם יקרא את זקני הקהלה ויתפללו בעדו ויסוכהו שמן בשם יהוה׃
44007023	Description	ובמלאת לו ארבעים שנה עלה על לבו לפקד את אחיו בני ישראל׃
44023027	Violence	את האיש הזה תפשו היהודים ויבקשו המיתו ואבא עם אנשי הצבא ואפלטהו מתוכם בשמעי כי רומי הוא׃
44019029	Description	ותמלא כל העיר מבוכה ויסערו כלם יחדו אל התאטרון ויחטפו אתם את גיוס ואת ארסטרכוס אנשים מקדונים וחברי פולוס במסעיו׃
44003014	Sin	אבל אתם כחשתם בקדוש ובצדיק ובקשתם כי יחן לכם איש רצח׃
44015009	Faith	ולא הבדיל בינינו וביניהם כי טהר את לבבם על ידי האמונה׃
46011028	Recommendation	יבחן האיש את נפשו ואז יאכל מן הלחם וישתה מן הכוס׃
46015058	Faith	על כן אחי חביבי התכוננו בל תמוטו והעדיפו בכל עת במעשה אדנינו מדעתכם כי לא לריק עמלכם באדנינו׃
46004016	Recommendation	על כן אני מבקש מכם ללכת בעקבותי׃
46001021	Faith	כי אחרי אשר בחכמת האלהים לא ידע העולם את האלהים בחכמה היה רצון לפניו להושיע בסכלות הקריאה את המאמינים׃
60003001	Recommendation	וכן אתן הנשים הכנענה לפני בעליכן למען גם אם יש אשר אינם שמעים לדבר יקנו באין אמר ודברים על ידי מעשי הנשים׃
47005020	Recommendation	לכן מליצי המשיח אנחנו וכאלו האלהים מזהיר אתכם על ידנו נבקש מכם בעד המשיח התרצו נא אל האלהים׃
44002024	Description	והאלהים הקימו מן המתים בהתיר את חבלי המות באשר נמנע מן המות לעצר אתו׃
59002007	Sin	הלא הם המגדפים את השם הטוב הנקרא עליכם׃
54003003	Description	כי אם דן לכף זכות ולא בעל קטטה ולא אהב כסף׃
43004014	Grace	ואשר ישתה מן המים אשר אנכי נתן לו לא יצמא לעולם כי המים אשר אתן לו יהיו בקרבו למקור מים נבעים לחיי העולמים׃
62002005	Faith	אבל השמר את דברו בו נשלמה באמת אהבת אלהים ובזאת נדע כי בו אנחנו׃
66016013	Description	וארא והנה מפי התנין ומפי החיה ומפי נביא השקר יצאות שלש רוחות טמאות דומת לצפרדעים׃
59002008	Recommendation	הן בקימכם את המצוה המלכת על כלן כפי הכתוב ואהבת לרעך כמוך תיטיבו לעשות׃
47004005	Faith	כי לא אתנו מכריזים אנחנו כי אם את המשיח ישוע לאמר הוא האדון ואנחנו עבדיכם למען ישוע׃
46015033	Recommendation	אל נא תתעו חברת אנשים רעים משחתת מדות טבות׃
58013020	Grace	ואלהי השלום אשר בדם ברית עולם העלה מן המתים את רעה הצאן הגדול את ישוע אדנינו׃
50001027	Recommendation	רק חתנהגו כראוי לבשורת המשיח למען אשמע עליכם אם בבואי לראותכם אם בהיותי רחוק כי קימים אתם ברוח אחת ועזרים אתי בנפש אחת להלחם בעד אמונת הבשורה׃
46006014	Grace	והאלהים העיר גם את אדנינו ויעיר גם אתכם בגבורתו׃
55001006	Recommendation	על כן אזכירך שתעורר את מתנת האלהים הנתונה לך בסמיכת ידי׃
60004006	Grace	כי על כן התבשרו גם המתים למען ישפטו בבשר לפי דרך בני אדם ויחיו ברוח לפי דרך אלהים׃
46007023	Recommendation	במחיר נקניתם אל תהיו עבדי בני אדם׃
46010010	Recommendation	גם לא תלינו כאשר הלינו מקצתם וימותו ביד המשחית׃
47002017	Faith	כי אנחנו איננו כמו הרבים העשים סחורה בדבר האלהים כי אם מתוך ישר לבב ומאלהים לפני אלהים נדבר במשיח׃
45015001	Recommendation	ועלינו החזקים לשאת חלשות הכשלים ואל נבקש הנאת עצמנו׃
50002024	Faith	ובטחתי באדנינו אשר גם אנכי אבוא אליכם במהרה׃
66007001	Description	ואחרי כן ראיתי ארבעה מלאכים עמדים בארבע כנפות הארץ ויעצרו את ארבע רוחות הארץ למען לא תשב רוח לא בארץ ולא בים ולא בכל עץ׃
60004003	Sin	כי דינו עת החיים אשר עברה לעשות כחפץ הגוים בלכתנו בדרכי זמה ובתאות כסבאי יין וזללי בשר ורדפי שכר ותועבות עבדת האלילים׃
66011005	Violence	וכי יבקש איש להרע להם תצא אש מפיהם ואכלה את איביהם וכן כל המבקש להרע להם מות יומת׃
44023005	Recommendation	ויאמר פולוס אחי לא ידעתי אשר הוא הכהן הגדול כי כתוב נשיא בעמך לא תאר׃
66022015	Sin	ומחוץ לה הכלבים והמכשפים והזנים והמרצחים ועבדי האלילים וכל אהב שקר ועשהו׃
66002014	Sin	אך מעט יש לי עליך כי שם עמך אנשים דבקים בתורת בלעם אשר הורה את בלק לתת מכשול לפני בני ישראל לאכל מזבחי אלילים ולזנות׃
53001003	Faith	חיבים אנחנו להודות בכל עת לאלהים עליכם אחי כראוי כי אמונתכם גדלה מאד ורבה אהבת כלכם איש לרעהו׃
46012002	Sin	הלא ידעתם כי בהיתכם גוים אחרי אלילים אלמים הובלתם כאשר נמשכתם׃
49005025	Recommendation	האנשים אהבו את נשיכם כאשר גם המשיח אהב את העדה ויתן את נפשו בעדה׃
45012017	Recommendation	אל תשלמו לאיש רעה תחת רעה דרשו הטוב בעיני כל אדם׃
60005006	Recommendation	השפילו נפשכם תחת יד אלהים החזקה למען ירומם אתכם בעתו׃
44014017	Grace	וגם לא חדל להעיד על עצמו וייטב לנו בתתו מטר מן השמים ועתות שבע וימלא לבותינו מזון וששון׃
54003011	Recommendation	וככה הנשים תהיינה ישרות ולא מלשינות משלות ברוחן ונאמנות בכל׃
66002021	Sin	ואתן לה זמן לשוב והיא מאנה לשוב מתזנותיה׃
44012020	Description	ואיבה היתה בין הורדוס ובין בני צור וצידון ויבאו אליו בלב אחד ויפתו את בלסטוס אשר על חדר המלך ויבקשו שלום יען לקחו מחית ארצותם מארץ המלך׃
43008049	Sin	ויען ישוע שד אין בי רק את אבי אני מכבד ואתם תבזוני׃
43006018	Description	ויסער הים כי רוח גדולה נושבת׃
45008018	Faith	כי אחשב אשר ענויי הזמן הזה אינם שקולים כנגד הכבוד העתיד להגלות עלינו׃
62002012	Grace	הנני כתב אליכם הבנים יען כי נסלחו לכם חטאתיכם למען שמו׃
55001009	Grace	אשר הוא הושיענו וקראנו בקריאה קדושה לא לפי מעשינו כי אם לפי עצתו וחסדו הנתן לנו במשיח ישוע לפני ימות עולם׃
43019006	Violence	ויהי כאשר ראהו הכהנים הגדולים והמשרתים ויצעקו לאמר הצלב הצלב ויאמר אליהם פילטוס קחהו אתם והצליבהו כי אנכי לא מצאתי בו אשמה׃
60001010	Grace	את התשועה אשר עליה חקרו ודרשו הנביאים הנבאים על החסד השמור לכם׃
63001007	Sin	כי מתעים רבים באו לעולם אשר אינם מודים בישוע המשיח כי בא בבשר זה הוא המתעה וצר המשיח׃
44024005	Sin	כי מצאנו את האיש הזה כקטב ומגרה מדינים בין כל היהודים על פני תבל והוא ראש כת הנצרים׃
54003016	Grace	ובודי גדול סוד החסידות אלהים נגלה בבשר נצדק ברוח נראה למלאכים הגד בגוים נתקבל באמונה בעולם נעלה בכבוד׃
66016021	Violence	וברד כבד כככר ירד מן השמים על בני האדם ויגדפו בני האדם את האלהים על אדות מכת הברד כי כבדה מכתו מאד׃
61003013	Faith	ואנחנו כפי הבטחתו מחכים לשמים חדשים ולארץ חדשה אשר צדק ילין בם׃
66006014	Description	והשמים משו כספר נגלל וכל הר ואי הנתקו ממקומם׃
58010010	Grace	וברצון הזה מקדשים אנחנו על ידי הקרבת קרבן גוף ישוע המשיח בפעם אחת׃
52001002	Faith	נודה לאלהים על כלכם בכל עת בהזכיר אתכם בתפלותינו׃
66006004	Violence	ויצא סוס שני והוא אדם ולרכב עליו נתן לשאת את השלום מן הארץ למען יהרגו איש את אחיו ותנתן לו חרב גדולה׃
54006001	Recommendation	כל אשר הם תחת על העבדות יחשבו את אדניהם ראוים לכל כבוד למען לא יחלל שם האלהים והלקח׃
51003009	Recommendation	ואל תשקרו איש בעמיתו כי פשטתם את האדם הישן עם פעלותיו׃
66002020	Sin	אך מעט יש לי עליך כי תניח את האשה איזבל האמרת כי היא נביאה ללמד ולהתעות את עבדי לזנות ולאכל זבחי אלילים׃
48003008	Grace	והמקרא בראתו מראש כי האלהים יצדיק את הגוים מתוך האמונה קדם לבשר את אברהם לאמר ונברכו בך כל הגוים׃
58012005	Recommendation	ותשכחו דבר הנחומים המדבר אליכם כמו אל בנים לאמר מוסר יהוה בני אל תמאס ואל תקץ בתוכחתו׃
58013017	Recommendation	שמעו אל מנהיגיכם והכנעו מפניהם כי שקדים הם על נפשתיכם כעתידים לתת חשבון למען יעשו זאת בשמחה ולא באנחה כי זאת לא להועיל לכם׃
44013019	Description	וישמד שבעה גוים בארץ כנען ויחלק את ארצם להם לנחלה׃
54006003	Faith	האיש אשר יורה תורה אחרת ולא יעמד בדברים הבריאים של אדנינו ישוע המשיח ובלקח החסידות׃
63001010	Recommendation	כל הבא אליכם ולא יביא את התורה הזאת לא תאספו אתו הביתה ולא תשאלו לו לשלום׃
47001005	Grace	כי כרב ענויי המשיח בנו כן תרבה נחמתנו על ידי המשיח׃
65001011	Sin	אוי להם כי ברדך קין הלכו וישתקעו בתועת בלעם לקבל שכר ובמרי קרח אבדו׃
65001010	Sin	ואלה מגדפים את אשר לא ידעו ובדברים אשר יבינו מחק טבעים כבהמות הסכלות בהמה ישחיתו את נפשם׃
58011007	Faith	באמונה בנה נח ביראת יהוה את התבה להצלת ביתו אתרי אשר צוה על דברים לא נראים עדין וירשע בה את העולם ויהי לירש הצדקה עקב האמונה׃
58009006	Description	ואחרי שהוכנו אלה ככה באו הכהנים תמיד אל המשכן החיצון לעבד שם את עבודתם׃
44007051	Sin	קשי ערף וערלי לב ואזנים ממרים הייתם תמיד ברוח הקדש כאבותיכם גם אתם׃
54001009	Sin	בדעתו זאת כי חק לא הושם בעבור הצדיק אלא בעבור הסוררים והמרדים הרשעים והחטאים עשי זמה ונבלה מכי אב ומכי אם ומרצחים׃
46005009	Recommendation	כתבתי לכם באגרת שלא תתערבו עם הזנים׃
48001015	Grace	אך כאשר היה רצון האלהים אשר הבדיל אתי מרחם אמי ויקראני בחסדו׃
45007015	Description	כי את אשר אני פעל לא ידעתי כי אינני עשה את אשר אני רצה בו כי אם אשר שנאתי אתו אני עשה׃
61003018	Faith	ורבו בחסד ובדעת אדנינו ומושיענו ישוע המשיח אשר לו הכבוד גם היום וגם ליום העולם אמן׃
46004010	Description	אנחנו סכלים למען המשיח ואתם חכמים במשיח אנחנו חלשים ואתם גבורים אתם נכבדים ואנחנו נקלים׃
60005009	Faith	ועמדתם נגדו חזקים באמונה ודעו כי ענוים כאלה באו גם על אחיכם אשר בעולם׃
51003022	Recommendation	העבדים שמעו בכל דבר אל אדניכם לפי הבשר לא בעבודה למראה העין כמבקשי חן בני אדם כי אם בתם לבב כיראי האלהים׃
66017012	Description	ועשר הקרנים אשר ראית עשרה מלכים הם אשר לא קבלו מלכות עד הנה רק לשעה אחת ממשלה כמלכים יקבלו עם החיה׃
46002012	Grace	ואנחנו לא קבלנו את רוח העולם כי אם הרוח מאת האלהים למען נדע את אשר נתן לנו מאת האלהים בחסדו׃
59005001	Recommendation	הוי העשירים בכו והילילו על הצרות אשר תבאנה עליכם׃
66002010	Recommendation	אל תירא את אשר עליך לסבל הנה עתיד המלשין להשליך מכם לבית המשמר למען תנסו והייתם בצרה עשרת ימים היה נאמן עד מות ואתנה לך עטרת החיים׃
54006011	Recommendation	ואתה איש האלהים ברח לך מאלה ורדף צדקה וחסידות ואמונה ואהבה וסבלנות וענוה׃
59005005	Sin	התעדנתם בארץ והתענגתם והשמנתם את לבכם כמו ליום טבחה׃
66004004	Description	וסביב לכסא ארבעה ועשרים כסאות ועל הכסאות ראיתי את ארבעה ועשרים הזקנים ישבים והם לבשי בגדים לבנים ועטרות זהב בראשיהם׃
66018007	Description	כאשר התרוממה והתענגה כן תנו לה חבל ואבל כי אמרה התרוממה והתענגה כן תנו לה חבל ואבל כי אמרה בלבבה אני ישבתי מלכה ולא אהיה אלמנה ואבל לא אראה׃
60003007	Recommendation	וכן אתם האנשים שבו עמהן בתבונה כי כלי רפה האשה ותנו לה כבוד כי גם להן יש חלק בנחלת מתנת החיים פן תכלאו מתפלותיכם׃
54002012	Recommendation	ואינני נתן רשות לאשה ללמד אף לא להתנשא על האיש אלא תדום׃
46001009	Faith	נאמן הוא האלהים אשר על פיו נקראתם לחברת בנו ישוע המשיח אדנינו׃
48005013	Recommendation	כי אתם אחי לחרות נקראתם ובלבד שלא תהיה החרות תאנה לבשר אלא שתעבדו איש את רעהו באהבה׃
59002012	Recommendation	כן דברו וכן עשו כאנשים העתידים להשפט על פי תורת החרות׃
46012005	Faith	ושנים המה השמושים והאדון אחד הוא׃
45009005	Description	ולהם האבות ואשר מהם יצא המשיח לפי בשרו אשר הוא אל על הכל מברך לעולמים אמן׃
47001006	Description	והנה אם נלחץ הוא לנחמתכם ולישועתכם אשר יראה כחה בסבלכם הענוים אשר נסבל אתן גם אנחנו ואם ננחם גם הוא לנחמתכם ולישועתכם׃
47001021	Faith	והמכונן אותנו אתכם במשיח ואשר משחנו הוא האלהים׃
44010015	Recommendation	ויהי עוד קול אליו פעם שנית לאמר את אשר טהר האלהים אתה אל תטמאנו׃
66018009	Sin	ויבכו ויספדו עליה מלכי ארץ אשר זנו והתענגו עמה בראתם את עשן שרפתה׃
43014023	Faith	ויען ישוע ויאמר אליו איש כי יאהבני ישמר את דברי ואבי יאהב אתו ונבואה אליו ונשים אצלו מעונתנו׃
62004010	Grace	בזאת היא האהבה לא שאנחנו אהבנו את האלהים כי אם הוא אהב אותנו וישלח את בנו לכפרה על חטאתינו׃
62001007	Faith	אך אם באור נלך כאשר הוא באור הנה נתחברנו יחד ודם ישוע המשיח בנו יטהרנו מכל חטא׃
48004007	Grace	לכן אינך עוד עבד כי אם בן ואם בן אתה הנך גם יורש האלהים על ידי המשיח׃
58001008	Faith	אך על הבן אמר כסאך אלהים עולם ועד שבט מישר שבט מלכותך׃
43010033	Sin	ויענו היהודים אתו לאמר על מעשה טוב לא נסקל אתך כי אם על גדפך את אלהים ועל כי אדם אתה ותעש את עצמך לאלהים׃
66014011	Description	ועשן ענוים יעלה לעולמי עד ולא ימצאו מנוחה יומם ולילה המשתחוים לחיה ולצלמה ואשר ישא את תו שמה׃
47004001	Faith	על כן בהיות לנו השרות הזה כאשר חננו לא נחת׃
58013006	Faith	על כן נבטח ונאמר יהוה לי בעזרי לא אירא מה יעשה לי אדם׃
45014003	Recommendation	האכל אל יבז את אשר לא יאכל ואשר לא יאכל אל ידין את האכל כי קבל אתו האלהים׃
45015005	Grace	ואלהי הסבלנות והנחמה הוא יתן לכם להיות כלכם לב אחד על פי המשיח ישוע׃
58007027	Description	אשר איננו צריך יום יום ככהנים הגדולים ההם להקריב בראשונה על חטאתיו ואחרי כן על חטאת העם כי זאת עשה בפעם אחת בהקריבו את נפשו׃
62003017	Sin	ואיש אשר לו נכסי העולם והוא ראה את אחיו חסר לחם וקפץ את רחמיו ממנו איך תעמד בו אהבת אלהים׃
47005008	Faith	אמנם בטוחים אנחנו ונבחרה לנו להתרחק מן הגוף ולהיות קרובים אל האדון׃
60002011	Recommendation	אהובים אזהירכם כגרים ותושבים הנזרו מתאות הבשר המתגרות בנפש׃
60002017	Recommendation	נהגו כבוד בכל איש אהבו את האחים יראו את אלהים כבדו את המלך׃
44007025	Description	ויחשב בלבבו כי יבינו אחיו אשר על ידו יתן האלהים להם תשועה והם לא הבינו׃
50003002	Violence	הזהרו מן הכלבים הזהרו מן הפעלים הרעים הזהרו מן החתוך׃
56001016	Sin	אמרים המה כי ידעו את האלהים ובמעשיהם כופרים בו כי מתעבים וממרים הם ולא יצלחו לכל מעשה טוב׃
45010002	Faith	כי מעיד אני עליהם שיש להם קנאה לאלהים אך לא בדעת׃
47001004	Grace	המנחם אתנו בכל לחצנו עד שנוכל לנחם הנלחצים בכל לחץ בנחמה אשר אנחנו מנחמים בה מאת האלהים׃
55002015	Recommendation	היה שקוד להתיצב נאמן לפני אלהים וכפעל אשר לא יבוש המחלק על נכון דבר האמת׃
53002004	Description	המתקומם והמתרומם על כל הנקרא אל או עבודה עד כי גם ישב בהיכל האלהים כאלהים ומראה את עצמו כי אלהים הוא׃
49006004	Recommendation	ואתם האבות אל תכעיסו את בניכם אך גדלום במוסר אדנינו ובתוכחתו׃
45008037	Grace	אבל בכל אלה גברנו מאד על ידי האהב אתנו׃
44026014	Violence	ונפל כלנו ארצה ואשמע קול מדבר אלי בלשון עברית לאמר שאול שאול למה תרדפני קשה לך לבעט בדרבנות׃
66002009	Sin	ידעתי את מעשיך ואת צרתך ואת רישך ואולם עשיר אתה ואת גדוף האמרים יהודים אנחנו ואינם כי אם כנסית השטן׃
46013006	Faith	לא תשמח בעולה כי שמחתה עם האמת׃
59001021	Recommendation	לכן הסירו מעליכם כל טנוף ותרבות רעה וקבלו בענוה את הדבר הנטוע בכם אשר יכל להושיע את נפשתיכם׃
46003006	Grace	אני נטעתי ואפולוס השקה אבל האלהים הוא הצמיח׃
66014008	Sin	ומלאך אחר בא אחריו ויאמר נפלה נפלה בבל העיר הגדולה כי השקתה כל הגוים מיין חמת תזנתה׃
43015014	Recommendation	ואתם ידידי אתם אם תעשו את אשר אני מצוה אתכם׃
62005021	Recommendation	בני השמרו לכם מן האלילים אמן׃
55003006	Sin	כי יש בהם הבאים בלאט אל הבתים ושבים נשים טעונות חטאים ונתעות בתאות שנות׃
49004015	Faith	כי אם נדבר האמת באהבה ונגדלה בכל דבר לו למשיח שהוא הראש׃
49004003	Faith	ושקדו לשמר את אחדות הרוח באגדת השלום׃
44009005	Description	ויאמר מי אתה אדני ויאמר האדון אנכי ישוע אשר אתה רודף קשה לך לבעט בדרבנות׃
60003015	Recommendation	את יהוה אלהים אתו תקדישו בלבבכם והיו נכנים תמיד להשיב דבר בענוה וביראה לכל שאל אתכם חשבון התוחלת אשר בקרבכם׃
44007033	Recommendation	ויאמר אליו יהוה של נעליך מעל רגליך כי המקום אשר אתה עומד עליו אדמת קדש הוא׃
62002024	Faith	ואתם יקם נא בכם הדבר אשר שמעתם מראש ואם יקום בכם אשר שמעתם מראש אז גם אתם תקומו בבן ובאב׃
43008051	Faith	אמן אמן אני אמר לכם אם ישמר איש את דברי לא יראה מות לנצח׃
66020011	Description	וארא כסא לבן וגדול ואת הישב עליו אשר מפניו נסו ארץ ושמים ולא נמצא להם מקום׃
46006013	Recommendation	המאכל לכרש והכרש למאכל והאלהים את זה ואת זה ילכה והגוף אל יהי לזנות כי אם לאדון והאדון לגוף׃
45006011	Faith	וכן גם אתם חשבו אתכם מתים לחטא וחיים לאלהים במשיח ישוע אדנינו׃
47002014	Faith	אבל תודות לאלהים הנתן לנו בכל עת נצחון במשיח ומפיץ על ידינו את ריח דעתו בכל מקום׃
62001005	Grace	וזאת היא השמועה אשר שמענו ממנו ונגד לכם כי האלהים אור הוא וכל חשך אין בו׃
43006037	Grace	כל אשר יתננו לי אבי יבוא אלי והבא אלי לא אהדפנו החוצה׃
58013001	Recommendation	אהבת האחים תעמד׃
58007025	Grace	אשר על כן יוכל גם להושיע בכל וכל את הנגשים על ידו לאלהים כי חי הוא תמיד להפגיע בעדם׃
43019015	Violence	ויאמר אליהם פילטוס הצלב אצלב את מלככם ויענו ראשי הכהנים אין לנו מלך כי אם הקיסר׃
45011005	Grace	וכן גם בעת הזאת נותרה שארית על פי בחירת החסד׃
66017002	Sin	אשר זנו אתה מלכי האדמה וישכרו שכני תבל מיין תזנותה׃
45012010	Recommendation	באהבת אחים הראו חבה יתרה ובכבוד הקדימו איש את רעהו׃
45008014	Faith	כי כל אשר רוח אלהים ינהגם בני אלהים המה׃
66012003	Description	ותרא אות אחרת בשמים והנה תנין גדול אדם כאש ולו שבעה ראשים ועשר קרנים ועל ראשיו שבעה כתרים׃
45008017	Faith	ואם בנים אנחנו גם ירשים נהיה ירשי אלהים וחברי המשיח בירשה אם אמנם נתענה אתו למען גם אתו נכבד׃
54005017	Recommendation	הזקנים המיטיבים לנהל ראוים הם למשנה כבוד וביותר העמלים בדבר ובהוראה׃
46008007	Sin	אך לא בכלם הדעת כי יש אשר בזכרם עוד את האליל אכלים כזבח האליל ובכן לבם החלוש יתגאל׃
43015002	Grace	כל שריג בי אשר איננו עשה פרי יסירנו ואשר יעשה פרי יטהרנו להרבות את פריו׃
60005003	Recommendation	גם לא כמתעמרים בנחלת יהוה כי אם בהיותכם מופת לצאן׃
52004013	Recommendation	ועל דבר הישנים אחי לא נכחד מכם דבר למען לא תעצבו כאחרים אשר אין להם תקוה׃
58011029	Description	באמונה עברו את ים סוף ביבשה אשר נסו מצרים גם המה לעבר בו ויטבעו׃
44007020	Description	בעת ההיא נולד משה ויהי טוב לאלהים ויהי אמון בבית אביו שלשה ירחים׃
58005002	Grace	והוא יכול לחמל על השגגים והתעים בהיותו גם הוא ידוע חלי׃
45013012	Recommendation	הלילה חלף והיום קרב לכן נסירה נא את מעשי החשך ונלבשה את כלי נשק האור׃
49006009	Recommendation	ואתם האדנים ככה תעשו גם להם חדלו מגער בם וידעתם כי גם עליכם יש אדון בשמים ואין לפניו משא פנים׃
45012015	Recommendation	שמחו עם השמחים ובכו עם הבכים׃
45002005	Sin	ובקשי לבבך הממאן לשוב תצבר לך עברה אל יום עברת האלהים ועת הגלות צדקת משפטו׃
44014019	Violence	ויבאו שמה יהודים מן אנטיוכיא ומן איקניון ויסיתו את העם וירגמו את פולוס באבנים ויסחבהו חוצה לעיר בחשבם כי מת׃
43013021	Description	ויהי ככלות ישוע לדבר הדברים האלה ויבהל ברוחו ויעד ויאמר אמן אמן אני אמר לכם כי אחד מכם ימסרני׃
48003022	Faith	אבל הכתוב סגר את הכל ביד החטא למען תנתן ההבטחה אל המאמינים באמונת ישוע המשיח׃
66011007	Violence	ואחרי השלימם עדותם החיה העלה מן התהום תעשה עמהם מלחמה ותוכל להם והרגתם׃
58003014	Faith	כי נתחברנו למשיח אם נחזיק בראשית הבטחה ולא נרפנה עד הקץ׃
45008010	Faith	ואם המשיח בקרבכם אז הגוף מת הוא בדבר החטא והרוח חיים הוא בדבר הצדקה׃
44007052	Sin	מי מהנביאים אשר לא רדפוהו אבותיכם אף המיתו את המבשרים מקדם ביאת הצדיק אשר עתה הייתם אתם מוסריו ומרצחיו׃
48005021	Sin	צרות עין ושפיכות דמים ושרון וזוללות ודומיהן אשר אמר עליהן כמו שאמרתי כבר כי עשי אלה לא ינחלו מלכות האלהים׃
43012036	Faith	בעוד לכם האור האמינו באור למען תהיו בני האור את הדברים האלה דבר ישוע וילך לו ויסתר מפניהם׃
58003002	Faith	אשר הוא נאמן לעשהו כמו גם משה בכל ביתו׃
56003006	Grace	אשר שפך עלינו למכביר על ידי ישוע המשיח מושיענו׃
44004036	Description	ויוסף אשר כנוהו השליחים בשם בר נבא פרושו בן הנחמה איש לוי אשר נולד בארץ כתים׃
48006009	Recommendation	ואנחנו בעשות הטוב אל נחת כי נקצר בעתו אם לא נרפה׃
48002019	Faith	כי מתי אני לתורה על ידי התורה למען אחיה לאלהים׃
66011001	Recommendation	וינתן לי קנה דומה למטה ויעמד המלאך ויאמר קום ומד את היכל יהוה ואת המזבח ואת המשתחוים בו׃
66014004	Description	אלה הם אשר לא נגאלו בנשים כי בתולות המה אלה הם ההלכים אחרי השה אל כל אשר ילך אלה נקנו מתוך בני האדם לראשית בכורים לאלהים ולשה׃
66009007	Description	ויהי מראה הארבה כדמות סוסים ערוכי מלחמה ועל ראשיהם כעטרות כעין זהב ופניהם כפני אדם׃
60002016	Recommendation	כחפשים ולא כאלו היתה לכם החפשה למכסה הרעה כי אם כעבדי אלהים׃
54004010	Faith	כי לזאת אנחנו גם יגעים גם נעלבים על אשר הוחלנו לאלהים חיים שהוא המושיע לכל האדם וביותר למאמינים׃
58010029	Sin	מה תחשבו כמה יגדל הענש הראוי לרמס ברגלו את בן האלהים וחשב לחל את דם הברית אשר הוא מקדש בו ומחרף את רוח החסד׃
43020021	Grace	ויסף ישוע לדבר אליהם שלום לכם כאשר שלח אתי האב כן אנכי שלח אתכם׃
65001016	Sin	אלה הם הרגנים והמתאוננים ההלכים אחרי תאותיהם אשר פיהם ידבר עתק הדרי פנים עקב שחד׃
66006015	Description	ומלכי הארץ והרזנים ושרי האלפים והעשירים והתקיפים וכל עבד וכל בן חרים התחבאו במערות ובסלעי ההרים׃
66021008	Sin	אבל רכי הלב ואשר אינם מאמינים והמגאלים והמרצחים והזנים והמכשפים ועבדי האלילים וכל המכזבים חלקם יהיה באגם הבער באש וגפרית אשר הוא המות השני׃
44022016	Recommendation	ועתה למה תתמהמה קום והטבל והתרחץ מחטאתיך בקראך בשמו׃
66009008	Description	ושער להם כשער נשים ושניהם שני אריה׃
55002024	Recommendation	ועבד האדון לא יתקוטט אלא יהי נוח לכל ומבין ללמד וסבלן׃
51002005	Faith	כי גם אם בבשרי אני רחוק מכם הנה ברוחי אני אצלכם ואשמח בראתי את תכונתכם ואמץ אמונתכם במשיח׃
60003012	Sin	כי עיני יהוה אל צדיקים ואזניו אל שועתם ופני יהוה בעשי רע׃
53002013	Faith	אבל אנחנו חיבים להודות לאלהים בכל עת בעבורכם אחי חביבי האדון אשר האלהים בחר בכם מראשית לישועה בקדוש הרוח ובאמונת האמת׃
66022011	Recommendation	החומס יוסיף לחמס והטמא יוסיף להטמא והצדיק יוסיף להצדק והקדוש יוסיף להתקדש׃
44002038	Faith	ויאמר פטרוס אליהם שובו מדרכיכם והטבלו כל איש מכם על שם ישוע המשיח לסליחת חטאיכם וקבלתם את מתנת רוח הקדש׃
52005015	Recommendation	וראו פן ישלם איש לאיש רעה תחת רעה כי אם רדפו בכל עת את הטוב הן לאיש איש מכם הן לכל אדם׃
45001027	Sin	וכן גם הזכרים עזבו את תשמיש האשה כדרכה ויחמו זה בזה בתשוקתם ויעשו תועבה זכר עם זכר ויקחו שכר משובתם הראוי להם בעצם גופם׃
50002018	Recommendation	וככה שמחו אף אתם ושישו עמדי׃
44003019	Recommendation	לכן הנחמו ושובו וימחו חטאיכם׃
66021025	Description	ושעריה יומם לא יסגרו כי לילה לא יהיה שם׃
43006054	Faith	האכל את בשרי והשתה את דמי יש לו חיי עולמים ואני אקימנו ביום האחרון׃
43019011	Sin	ויען ישוע לא היתה לך רשות עלי לולא נתן לך מלמעלה לכן עון המסגיר אתי אליך גדול מעונך׃
59002017	Faith	ככה גם האמונה אם אין בה מעשים מתה היא בעצמה׃
45008003	Sin	כי מה שלא יכלה התורה לעשות הנחלשה על יד הבשר עשה האלהים בשלחו את בנו בתואר בשר החטא ובעד החטא וירשיע את החטא בבשר׃
60003014	Recommendation	אבל אשריכם גם אם תענו למען הצדקה אך מוראם לא תיראו ולא תעריצו׃
51003021	Recommendation	האבות אל תרגיזו את בניכם פן יחתו׃
66018002	Sin	ויקרא בקול עז לאמר נפלה נפלה בבל הגדולה ותהי נוה שערים ומשמר לכל רוח טמא ומשמר לכל עוף טמא ונמאס׃
62002022	Sin	מי הוא הכזב אם לא המכחש בישוע לאמר כי איננו המשיח זה הוא צר המשיח המכחש באב ובבן׃
46011027	Sin	לכן מי שיאכל מן הלחם הזה או ישתה מכוס האדון שלא כראוי יאשם לגוף אדנינו ולדמו׃
59002020	Faith	ואתה איש בער התחפץ לדעת כי האמונה בבלי מעשים מתה היא׃
43018003	Description	ויקח יהודה את הגדוד ומשרתים מאת הכהנים הגדולים והפרושים ויבא שמה בנרות ובלפידים ובכלי נשק׃
53003003	Grace	אבל נאמן הוא האדון אשר יחזק אתכם וישמרכם מן הרע׃
44007021	Description	וכאשר השלך אספה אתו בת פרעה ותגדלהו לה לבן׃
66008005	Description	ויקח המלאך את המחתה וימלאה אש מעל המזבח וישלך על הארץ ויהי קולות ורעמים וברקים ורעש׃
66018003	Sin	כי מיין חמת זנותה שתו כל הגוים ומלכי ארץ זנו עמה וסחרי ארץ משפעת תענגיה העשירו׃
44026021	Violence	ובגלל הדבר הזה תפשו אתי היהודים במקדש ויבקשו להמיתני׃
55004004	Sin	ויטו אזניהם מן האמת ויפנו אל ההגדות׃
43006064	Faith	אך יש מכם אשר לא יאמינו כי ישוע ידע מראש מי הם אשר אינם מאמינים ומי המוסר אתו׃
43013026	Description	ויען ישוע הנה זה הוא אשר אטבל פתי לתתו לו ויטבל את פתו ויתן אל יהודה בן שמעון איש קריות׃
54006020	Recommendation	אתה טימותיוס שמר את הפקדון והתרחק מדברי הבל הפסולים ומן וכוחי המדע הנקרא כן בשקר׃
44017005	Violence	ויקנאו הסוררים שביהודים ויקחו להם אנשי בליעל מבטלני השוק ויקבצו המון ויהמו את העיר ויסבו על בית יסון ויבקשו להביאם חוצה אל העם׃
62005016	Sin	איש כי יראה את אחיו חוטא חטאת אשר לא למות שאל ישאל בעדו ויתן לו חיים לכל אשר חטאו לא למות הן יש חטא למות על זה לא אמר לשאל בעדו׃
43013020	Faith	אמן אמן אני אמר לכם כי כל המקבל את אשר אשלחהו אתי הוא מקבל והמקבל אתי הוא מקבל את שלחי׃
58012028	Faith	לכן אנחנו המקבלים מלכות אשר לא תמוט נבאה נא בתודה ונעבד בה את האלהים לרצון לו בצניעות וביראה׃
44019013	Description	ואנשים מן היהודים הסבבים ומלחשים הואילו להזכיר את שם ישוע האדון על אחוזי הרוחות הרעות לאמר משביע אני אתכם בישוע אשר פולוס קרא אותו׃
44015040	Grace	ופולוס בחר לו את סילא וימסרהו האחים אל חסד יהוה ויצא׃
63001008	Recommendation	השמרו לכם פן תאבד ממנו פעלתנו כי אם נקח משכרתנו שלמה׃
66011006	Violence	ולהם השלטן לעצר את השמים ולא יהיה מטר בימי נבואתם וישלטו על המים להפכם לדם ועל הארץ להכתה בכל נגע מדי יחפצו׃
44008021	Sin	אין לך חלק וגורל בדבר הזה כי לבבך איננו ישר לפני האלהים׃
43017010	Faith	וכל אשר לי לך הוא ושלך שלי ונתפארתי בהם׃
45003012	Sin	הכל סר יחדו נאלחו אין עשה טוב אין גם אחד׃
50002003	Recommendation	ולא תעשו דבר בדרך מריבה או כבוד שוא כי אם בשפלות רוח תחשבו איש את רעהו יותר מעצמו׃
66001013	Description	ובתוך שבע המנרות דמות בן אדם לבוש מעיל וחגור אזור זהב על לבו׃
66022003	Faith	וכל חרם לא יהיה עוד וכסא האלהים והשה יהיה בה ועבדיו ישרתהו׃
60004007	Recommendation	הן קץ הכל קרב לכן היו צנועים וערים להתפלל׃
44014026	Grace	ומשם באו באניה אל אנטיוכיא אשר נמסרו שם לחסד אלהים על המלאכה אשר מלאו אתה׃
46007028	Recommendation	וגם כי תקח אשה אינך חטא והבתולה כי תהיה לאיש איננה חטאת אך יבאום צרות בבשרם והנני חס עליכם׃
49006012	Sin	כי לא עם בשר ודם מלחמתנו כי עם שרים ושליטים עם המשלים בחשכת העולם הזה עם הרוחות הרעות אשר במרומים׃
59001005	Recommendation	ואיש מכם כי יחסר חכמה יבקשנה מאלהים הנותן לכל בנדיבה ובאין גערה ותנתן לו׃
52005019	Recommendation	את הרוח לא תכבו׃
58009002	Description	כי הוקם המשכן החיצון אשר בו המנורה והשלחן ומערכת הלחם והוא נקרא קדש׃
66003018	Recommendation	אני איעצך לפנות מאתי זהב צרוף באש למען תעשיר ובגדים לבנים למען תתכסה בהם ולא תראה בשת ערותות ולמשח עיניך קלורית למען תראה׃
62005013	Faith	זאת כתבתי אליכם המאמינים בשם בן האלהים למען תדעון שיש לכם חיי עולם ולמען תאמינו בשם בן האלהים׃
43007018	Faith	המדבר מנפשי כבוד עצמו יבקש אבל המבקש כבוד שלחו נאמן הוא ואין עולתה בו׃
47004007	Grace	אבל יש לנו האוצר הזה בכלי חרש למען אשר תהיה הגבורה היתרה לאלהים ולא מאתנו׃
45012019	Recommendation	אל תנקמו נקם ידידי כי אם תנו מקום לרגז כי כתוב לי נקם ושלם אמר יהוה׃
43008054	Faith	ויען ישוע אם אני מכבד את נפשי כבודי מאין אבי הוא המכבד אתי אשר תאמרו עליו כי הוא אלהיכם׃
45014020	Recommendation	אל תהרוס את מעשה אלהים על דבר מאכל הן הכל טהור הוא אבל רע לאדם אשר יאכלנו במכשל לבו׃
43019040	Description	ויקחו את גופת ישוע ויחתלוה בתכריכין עם הבשמים כאשר נהגים היהודים לקבר את מתיהם׃
58010034	Faith	כי הצטערתם על מוסרי וגזלת רכושכם סבלתם בשמחה מדעתכם בנפשכם שיש לכם בשמים קנין טוב ממנו וקים לעד׃
44013023	Grace	וזה הוא אשר מזרעו הקים האלהים כפי ההבטחה גואל לישראל את ישוע׃
46002009	Faith	אלא ככתוב אשר עין לא ראתה ואזן לא שמעה ולא עלה על לב אנוש את אשר הכין האלהים לאהביו׃
45008011	Grace	ואם ישכן בקרבכם רוח המעיר את ישוע מן המתים הוא אשר העיר את המשיח מן המתים גם את גויותיכם המתות יחיה על ידי רוחו השכן בקרבכם׃
45008016	Faith	והרוח ההוא מעיד ברוחנו כי בני אלהים אנחנו׃
48006007	Recommendation	אל תתעו לא יתן אלהים להתל בו כי מה שזרע האדם אתו יקצר׃
45011022	Grace	לכן ראה נא טובת אלהים וזעמו זעמו על הנפלים ועליך טובתו אם תעמד בטובתו ואם אין כי עתה גם אתה תגדע׃
59005007	Recommendation	לכן אחי דמו והוחילו עד בוא האדון הנה האכר מחכה לטוב תבואת האדמה בהוחילו כי ירד עליה גשם יורה ומלקוש׃
55001016	Grace	יתן האדון רחמים לבית אניסיפורוס כי פעמים רבות השיב את נפשי ולא בוש ממוסרי׃
62002028	Faith	ועתה בנים עמדו בו למען יאמץ לבנו בהראותו ולא נבוש מפניו בבואו׃
48005016	Recommendation	והנני אמר התהלכו ברוח ולא תמלאו את תאות הבשר׃
54001015	Grace	נאמן הדבר וראוי להתקבל על כל כי המשיח ישוע בא לעולם להושיע את החטאים אשר אנכי הגדול בהם׃
49006010	Faith	סוף דבר אחי חזקו באדנינו ובעז גבורתו׃
46010012	Recommendation	לכן החשב שהוא נצב ירא פן יפול׃
58010014	Grace	כי הוא בקרבן אחת השלים לנצח את המקדשים׃
43010031	Violence	אז ירימו היהודים כפעם בפעם אבנים לסקלו׃
46011003	Description	אך חפץ אנכי שתדעו כי ראש כל איש המשיח וראש האשה האיש וראש המשיח הוא האלהים׃
58011036	Violence	מהם נסו בתעלולים ובמכות וגם נמסרו לכבל ומסגר׃
58006019	Faith	אשר היא לנפשנו לעוגין נכון וחזק ומגיע אל מבית לפרכת׃
49005011	Recommendation	ואל תשתתפו עם מעשי החשך אשר לא יעשו פרי כי אם הוכח תוכיחו אותם׃
59004011	Recommendation	אחי אל תחרפו איש את רעהו המחרף את רעהו ודן את אחיו הוא מחרף את התורה ודן את התורה ואם תדין את התורה אינך עשה התורה כי אם שפטה׃
66021021	Description	ושנים עשר השערים הם שתים עשרה מרגליות כל שער ושער מרגלית אחת ורחוב העיר זהב מופז כזכוכית בהירה׃
58003006	Faith	אבל המשיח הוא הבן על ביתו ואנחנו ביתו אם נחזיק בבטחון ובתהלת התקוה ולא נרפנה עד הקץ׃
45012009	Recommendation	האהבה תהיה בלי חנפה שנאו את הרע ודבקו בטוב׃
66011013	Violence	ובשעה ההיא היה רעש גדול ותפל עשירית העיר ושבעת אלפים שמות בני אדם נהרגו ברעש והנשארים רעדה אחזתם ויתנו כבוד לאלהי השמים׃
48003020	Description	והסרסר לא של אחד הוא אך האלהים הוא אחד׃
43019010	Description	ויאמר אליו פילטוס אלי לא תדבר הלא ידעת כי יש לאל ידי לצלבך ויש לאל ידי לשלחך׃
44008032	Description	וענין הכתוב אשר קרא זה הוא כשה לטבח יובל וכרחל לפני גוזזיה נאלמה ולא יפתח פיו׃
44013021	Description	וישאלו מלך ויתן להם אלהים את שאול בן קיש איש משבט בנימן ארבעים שנה׃
56001010	Sin	כי יש הרבה מרדים מדברי הבל ומתעי נפש ובפרט מן המולים׃
44010012	Description	ובתוכו מכל בהמת הארץ וחיה ורמש ועוף השמים׃
43017022	Grace	ואני נתתי להם את הכבוד אשר נתת לי למען יהיו אחד כאשר אנחנו אחד נחנו׃
55001013	Faith	החזק בתכונת הדברים הבריאים אשר שמעת ממני באמונה ובאהבה אשר במשיח ישוע׃
43002006	Description	והנה ששה כדי אבן ערוכים שם כמשפט היהודים לטהרתם שתים או שלש בתים יכיל כל אחד׃
46015034	Recommendation	הקיצו במישרים משכרון ואל תחטאו כי יש אנשים אשר אין בהם דעת אלהים לבשתכם אני אמר זאת׃
49004002	Recommendation	בכל נמיכות וענוה ובארך רוח לשאת איש את רעהו באהבה׃
65001023	Recommendation	ואת אלה תושיעו באימה וחלצתם אתם מתוך האש וגעלתם גם את הלבוש המגאל בחלאת הבשר׃
45008028	Grace	והנה ידענו כי לאהבי אלהים הקרואים בעצתו הכל יעזר לטוב להם׃
45016019	Recommendation	כי משמעתכם נודעת לכל לכן אני שמח עליכם אך חפצתי היתכם חכמים להטיב ותמימים לבלתי הרע׃
58009004	Description	אשר לו מזבח הזהב לקטרת וארון הברית מצפה זהב כלו ובו צנצנת זהב אשר המן בתוכו ומטה אהרן אשר פרח ולוחות הברית׃
45003027	Faith	ועתה איה ההתהללות הלא נשבתה ועל ידי תורת מה העל ידי תורת המעשים לא כי על ידי תורת האמונה׃
43014010	Faith	האינך מאמין כי אנכי באבי ואבי בי הוא הדברים אשר אדבר אליכם לא מנפשי אנכי דבר כי אבי השכן בקרבי הוא עשה את המעשים׃
44016022	Violence	ויקם גם העם עליהם והשרים קרעו את בגדיהם מעליהם ויצוו להכותם בשוטים׃
43013034	Recommendation	מצוה חדשה אני נתן לכם כי תאהבו איש את אחיו כאשר אהבתי אתכם כן גם אתם איש את אחיו תאהבון׃
47005001	Grace	הן ידענו כי בהרס בית אהלנו אשר בארץ יש לנו בנין מאת האלהים בית אשר איננו מעשה ידים והוא לעולם בשמים׃
43012044	Faith	ויקרא ישוע ויאמר המאמין בי לא בי הוא מאמין כי אם בשלח אתי׃
44009013	Description	ויען חנניה ויאמר אדני שמעתי רבים מספרים על האיש הזה כמה רעות עשה לקדושיך בירושלים׃
55003002	Sin	כי יהיו האנשים אהבי עצמם ואהבי בצע והוללים וגאים ומגדפים וממרים באבותם וכפויי טובה ולא חסידים׃
45005009	Grace	ועתה אשר נצדקנו בדמו מה מאד נושע בו מן הקצף׃
45014014	Sin	ידעתי ומבטח אני באדון ישוע כי אין דבר טמא בפני עצמו ורק טמא הוא למי שיחשבנו לו לטמא׃
54004006	Faith	אם תשים כזאת לפני אחיך משרת טוב תהיה לישוע המשיח מגדל בדברי האמונה ובלקח הטוב אשר דבקת אחריו׃
