62003016	Faith	キリストは、私たちのために、ご自分のいのちをお捨てになりました。それによって私たちに愛がわかったのです。ですから私たちは、兄弟のために、いのちを捨てるべきです。
43013001	Grace	さて、過越の祭りの前に、この世を去って父のみもとに行くべき自分の時が来たことを知られたので、世にいる自分のものを愛されたイエスは、その愛を残るところなく示された。
58003017	Sin	神は四十年の間だれを怒っておられたのですか。罪を犯した人々、しかばねを荒野にさらした、あの人たちをではありませんか。
60001014	Recommendation	従順な子どもとなり、以前あなたがたが無知であったときのさまざまな欲望に従わず、
45011032	Grace	なぜなら、神は、すべての人をあわれもうとして、すべての人を不従順のうちに閉じ込められたからです。
66006006	Description	すると私は、一つの声のようなものが、四つの生き物の間で、こう言うのを聞いた。「小麦一枡は一デナリ。大麦三枡も一デナリ。オリーブ油とぶどう酒に害を与えてはいけない。」
59004010	Recommendation	主の御前でへりくだりなさい。そうすれば、主があなたがたを高くしてくださいます。
44017031	Grace	なぜなら、神は、お立てになったひとりの人により義をもってこの世界をさばくため、日を決めておられるからです。そして、その方を死者の中からよみがえらせることによって、このことの確証をすべての人にお与えになったのです。」
43019002	Description	また、兵士たちは、いばらで冠を編んで、イエスの頭にかぶらせ、紫色の着物を着せた。
54005014	Recommendation	ですから、私が願うのは、若いやもめは結婚し、子どもを産み、家庭を治め、反対者にそしる機会を与えないことです。
43014011	Faith	わたしが父におり、父がわたしにおられるとわたしが言うのを信じなさい。さもなければ、わざによって信じなさい。
66020014	Violence	それから、死とハデスとは、火の池に投げ込まれた。これが第二の死である。
58009026	Description	もしそうでなかったら、世の初めから幾度も苦難を受けなければならなかったでしょう。しかしキリストは、ただ一度、今の世の終わりに、ご自身をいけにえとして罪を取り除くために、来られたのです。
44013018	Description	そして約四十年間、荒野で彼らを養われました。
46011033	Recommendation	ですから、兄弟たち。食事に集まるときは、互いに待ち合わせなさい。
66006012	Violence	私は見た。小羊が第六の封印を解いたとき、大きな地震が起こった。そして、太陽は毛の荒布のように黒くなり、月の全面が血のようになった。
58011035	Violence	女たちは、死んだ者をよみがえらせていただきました。またほかの人たちは、さらにすぐれたよみがえりを得るために、釈放されることを願わないで拷問を受けました。
44016037	Violence	ところが、パウロは、警吏たちにこう言った。「彼らは、ローマ人である私たちを、取り調べもせずに公衆の前でむち打ち、牢に入れてしまいました。それなのに今になって、ひそかに私たちを送り出そうとするのですか。とんでもない。彼ら自身で出向いて来て、私たちを連れ出すべきです。」
45013009	Recommendation	「姦淫するな、殺すな、盗むな、むさぼるな。」という戒め、またほかにどんな戒めがあっても、それらは、「あなたの隣人をあなた自身のように愛せよ。」ということばの中に要約されているからです。
62003003	Faith	キリストに対するこの望みをいだく者はみな、キリストがきよくあられるように、自分をきよくします。
45007022	Faith	すなわち、私は、内なる人としては、神の律法を喜んでいるのに、
50004004	Recommendation	いつも主にあって喜びなさい。もう一度言います。喜びなさい。
66001012	Description	そこで私は、私に語りかける声を見ようとして振り向いた。振り向くと、七つの金の燭台が見えた。
58003018	Sin	また、わたしの安息にはいらせないと神が誓われたのは、ほかでもない、従おうとしなかった人たちのことではありませんか。
43010008	Sin	わたしの前に来た者はみな、盗人で強盗です。羊は彼らの言うことを聞かなかったのです。
60002018	Recommendation	しもべたちよ。尊敬の心を込めて主人に服従しなさい。善良で優しい主人に対してだけでなく、横暴な主人に対しても従いなさい。
44006013	Description	そして、偽りの証人たちを立てて、こう言わせた。「この人は、この聖なる所と律法とに逆らうことばを語るのをやめません。
47005018	Faith	これらのことはすべて、神から出ているのです。神は、キリストによって、私たちをご自分と和解させ、また和解の務めを私たちに与えてくださいました。
59005010	Recommendation	苦難と忍耐については、兄弟たち、主の御名によって語った預言者たちを模範にしなさい。
44002021	Faith	しかし、主の名を呼ぶ者は、みな救われる。』
66007012	Faith	言った。 「アーメン。賛美と栄光と知恵と感謝と誉れと力と勢いが、永遠に私たちの神にあるように。アーメン。」
60003003	Recommendation	あなたがたは、髪を編んだり、金の飾りをつけたり、着物を着飾るような外面的なものでなく、
55001008	Faith	ですから、あなたは、私たちの主をあかしすることや、私が主の囚人であることを恥じてはいけません。むしろ、神の力によって、福音のために私と苦しみをともにしてください。
43017019	Description	わたしは、彼らのため、わたし自身を聖別します。彼ら自身も真理によって聖別されるためです。
66003002	Recommendation	目をさましなさい。そして死にかけているほかの人たちを力づけなさい。わたしは、あなたの行ないが、わたしの神の御前に全うされたとは見ていない。
66016004	Description	第三の御使いが鉢を川と水の源とにぶちまけた。すると、それらは血になった。
45005002	Faith	またキリストによって、いま私たちの立っているこの恵みに信仰によって導き入れられた私たちは、神の栄光を望んで大いに喜んでいます。
49005005	Sin	あなたがたがよく見て知っているとおり、不品行な者や、汚れた者や、むさぼる者――これが偶像礼拝者です。――こういう人はだれも、キリストと神との御国を相続することができません。
58011008	Faith	信仰によって、アブラハムは、相続財産として受け取るべき地に出て行けとの召しを受けたとき、これに従い、どこに行くのかを知らないで、出て行きました。
49005018	Recommendation	また、酒に酔ってはいけません。そこには放蕩があるからです。御霊に満たされなさい。
61002002	Sin	そして、多くの者が彼らの好色にならい、そのために真理の道がそしりを受けるのです。
49002018	Faith	私たちは、このキリストによって、両者ともに一つの御霊において、父のみもとに近づくことができるのです。
44021025	Recommendation	信仰にはいった異邦人に関しては、偶像の神に供えた肉と、血と、絞め殺した物と、不品行とを避けるべきであると決定しましたので、私たちはすでに手紙を書きました。」
44005003	Sin	そこで、ペテロがこう言った。「アナニヤ。どうしてあなたはサタンに心を奪われ、聖霊を欺いて、地所の代金の一部を自分のために残しておいたのか。
49004014	Recommendation	それは、私たちがもはや、子どもではなくて、人の悪巧みや、人を欺く悪賢い策略により、教えの風に吹き回されたり、波にもてあそばれたりすることがなく、
46006009	Sin	あなたがたは、正しくない者は神の国を相続できないことを、知らないのですか。だまされてはいけません。不品行な者、偶像を礼拝する者、姦淫をする者、男娼となる者、男色をする者、
58010025	Recommendation	ある人々のように、いっしょに集まることをやめたりしないで、かえって励まし合い、かの日が近づいているのを見て、ますますそうしようではありませんか。
51003005	Sin	ですから、地上のからだの諸部分、すなわち、不品行、汚れ、情欲、悪い欲、そしてむさぼりを殺してしまいなさい。このむさぼりが、そのまま偶像礼拝なのです。
52005008	Faith	しかし、私たちは昼の者なので、信仰と愛を胸当てとして着け、救いの望みをかぶととしてかぶって、慎み深くしていましょう。
55001007	Grace	神が私たちに与えてくださったものは、おくびょうの霊ではなく、力と愛と慎みとの霊です。
62002004	Sin	神を知っていると言いながら、その命令を守らない者は、偽り者であり、真理はその人のうちにありません。
50002002	Faith	私の喜びが満たされるように、あなたがたは一致を保ち、同じ愛の心を持ち、心を合わせ、志を一つにしてください。
43007030	Description	そこで人々はイエスを捕えようとしたが、しかし、だれもイエスに手をかけた者はなかった。イエスの時が、まだ来ていなかったからである。
54006018	Recommendation	また、人の益を計り、良い行ないに富み、惜しまずに施し、喜んで分け与えるように。
43018030	Description	彼らはピラトに答えた。「もしこの人が悪いことをしていなかったら、私たちはこの人をあなたに引き渡しはしなかったでしょう。」
45014006	Faith	日を守る人は、主のために守っています。食べる人は、主のために食べています。なぜなら、神に感謝しているからです。食べない人も、主のために食べないのであって、神に感謝しているのです。
45012012	Recommendation	望みを抱いて喜び、患難に耐え、絶えず祈りに励みなさい。
44024023	Description	そして百人隊長に、パウロを監禁するように命じたが、ある程度の自由を与え、友人たちが世話をすることを許した。
46013007	Description	すべてをがまんし、すべてを信じ、すべてを期待し、すべてを耐え忍びます。
47004013	Faith	「私は信じた。それゆえに語った。」と書いてあるとおり、それと同じ信仰の霊を持っている私たちも、信じているゆえに語るのです。
52005014	Recommendation	兄弟たち。あなたがたに勧告します。気ままな者を戒め、小心な者を励まし、弱い者を助け、すべての人に対して寛容でありなさい。
66016010	Description	第五の御使いが鉢を獣の座にぶちまけた。すると、獣の国は暗くなり、人々は苦しみのあまり舌をかんだ。
48006016	Grace	どうか、この基準に従って進む人々、すなわち神のイスラエルの上に、平安とあわれみがありますように。
44018025	Faith	この人は、主の道の教えを受け、霊に燃えて、イエスのことを正確に語り、また教えていたが、ただヨハネのバプテスマしか知らなかった。
46010031	Recommendation	こういうわけで、あなたがたは、食べるにも、飲むにも、何をするにも、ただ神の栄光を現わすためにしなさい。
62002027	Recommendation	あなたがたのばあいは、キリストから受けた油注ぎをいつも自分たちのうちに持っているので、だれからも教えを受ける必要がありません。その油がすべてのことについてあなたがたを教えるように、――その教えは真理であって偽りではありません。――また、その油があなたがたに教えたとおりに、あなたがたはキリストのうちにとどまるのです。
59002026	Faith	たましいを離れたからだが、死んだものであるのと同様に、行ないのない信仰は、死んでいるのです。
44027035	Description	こう言って、彼はパンを取り、一同の前で神に感謝をささげてから、それを裂いて食べ始めた。
44015020	Sin	ただ、偶像に供えて汚れた物と不品行と絞め殺した物と血とを避けるように書き送るべきだと思います。
44023003	Sin	そのとき、パウロはアナニヤに向かってこう言った。「ああ、白く塗った壁。神があなたを打たれる。あなたは、律法に従って私をさばく座に着きながら、律法にそむいて、私を打てと命じるのですか。」
45008001	Description	こういうわけで、今は、キリスト・イエスにある者が罪に定められることは決してありません。
52005009	Grace	神は、私たちが御怒りに会うようにお定めになったのではなく、主イエス・キリストにあって救いを得るようにお定めになったからです。
66020008	Violence	地の四方にある諸国の民、すなわち、ゴグとマゴグを惑わすために出て行き、戦いのために彼らを召集する。彼らの数は海べの砂のようである。
46006011	Grace	あなたがたの中のある人たちは以前はそのような者でした。しかし、主イエス・キリストの御名と私たちの神の御霊によって、あなたがたは洗われ、きよい者とされ、義と認められたのです。
55001012	Faith	そのために、私はこのような苦しみにも会っています。しかし、私はそれを恥とは思っていません。というのは、私は、自分の信じて来た方をよく知っており、また、その方は私のお任せしたものを、かの日のために守ってくださることができると確信しているからです。
49006018	Faith	すべての祈りと願いを用いて、どんなときにも御霊によって祈りなさい。そのためには絶えず目をさましていて、すべての聖徒のために、忍耐の限りを尽くし、また祈りなさい。
52001001	Grace	パウロ、シルワノ、テモテから、父なる神および主イエス・キリストにあるテサロニケ人の教会へ。恵みと平安があなたがたの上にありますように。
50004005	Faith	あなたがたの寛容な心を、すべての人に知らせなさい。主は近いのです。
46011026	Faith	ですから、あなたがたは、このパンを食べ、この杯を飲むたびに、主が来られるまで、主の死を告げ知らせるのです。
59005015	Faith	信仰による祈りは、病む人を回復させます。主はその人を立たせてくださいます。また、もしその人が罪を犯していたなら、その罪は赦されます。
55001003	Faith	私は、夜昼、祈りの中であなたのことを絶えず思い起こしては、先祖以来きよい良心をもって仕えている神に感謝しています。
66006016	Description	山や岩に向かってこう言った。「私たちの上に倒れかかって、御座にある方の御顔と小羊の怒りとから、私たちをかくまってくれ。
66002017	Description	耳のある者は御霊が諸教会に言われることを聞きなさい。わたしは勝利を得る者に隠れたマナを与える。また、彼に白い石を与える。その石には、それを受ける者のほかはだれも知らない、新しい名が書かれている。」』
61002003	Sin	また彼らは、貪欲なので、作り事のことばをもってあなたがたを食い物にします。彼らに対するさばきは、昔から怠りなく行なわれており、彼らが滅ぼされないままでいることはありません。
53002011	Sin	それゆえ神は、彼らが偽りを信じるように、惑わす力を送り込まれます。
45002024	Sin	これは、「神の名は、あなたがたのゆえに、異邦人の中でけがされている。」と書いてあるとおりです。
55003008	Sin	また、こういう人々は、ちょうどヤンネとヤンブレがモーセに逆らったように、真理に逆らうのです。彼らは知性の腐った、信仰の失格者です。
66003019	Recommendation	わたしは、愛する者をしかったり、懲らしめたりする。だから、熱心になって、悔い改めなさい。
45005001	Faith	ですから、信仰によって義と認められた私たちは、私たちの主イエス・キリストによって、神との平和を持っています。
54004016	Recommendation	自分自身にも、教える事にも、よく気をつけなさい。あくまでそれを続けなさい。そうすれば、自分自身をも、またあなたの教えを聞く人たちをも救うことになります。
44026011	Violence	また、すべての会堂で、しばしば彼らを罰しては、強いて御名をけがすことばを言わせようとし、彼らに対する激しい怒りに燃えて、ついには国外の町々にまで彼らを追跡して行きました。
48005019	Sin	肉の行ないは明白であって、次のようなものです。不品行、汚れ、好色、
46003007	Grace	それで、たいせつなのは、植える者でも水を注ぐ者でもありません。成長させてくださる神なのです。
46001007	Faith	その結果、あなたがたはどんな賜物にも欠けるところがなく、また、熱心に私たちの主イエス・キリストの現われを待っています。
66014002	Description	私は天からの声を聞いた。大水の音のようで、また、激しい雷鳴のようであった。また、私の聞いたその声は、立琴をひく人々が立琴をかき鳴らしている音のようでもあった。
44010043	Faith	イエスについては、預言者たちもみな、この方を信じる者はだれでも、その名によって罪の赦しが受けられる、とあかししています。」
45002007	Faith	忍耐をもって善を行ない、栄光と誉れと不滅のものとを求める者には、永遠のいのちを与え、
66001004	Grace	ヨハネから、アジヤにある七つの教会へ。常にいまし、昔いまし、後に来られる方から、また、その御座の前におられる七つの御霊から、
44019004	Faith	そこで、パウロは、「ヨハネは、自分のあとに来られるイエスを信じるように人々に告げて、悔い改めのバプテスマを授けたのです。」と言った。
61002009	Violence	これらのことでわかるように、主は、敬虔な者たちを誘惑から救い出し、不義な者どもを、さばきの日まで、懲罰のもとに置くことを心得ておられるのです。
58011016	Grace	しかし、事実、彼らは、さらにすぐれた故郷、すなわち天の故郷にあこがれていたのです。それゆえ、神は彼らの神と呼ばれることを恥となさいませんでした。事実、神は彼らのために都を用意しておられました。
54004007	Recommendation	俗悪な、年寄り女がするような空想話を避けなさい。むしろ、敬虔のために自分を鍛練しなさい。
66020009	Violence	彼らは、地上の広い平地に上って来て、聖徒たちの陣営と愛された都とを取り囲んだ。すると、天から火が降って来て、彼らを焼き尽くした。
44010048	Description	そして、イエス・キリストの御名によってバプテスマを受けるように彼らに命じた。彼らは、ペテロに数日間滞在するように願った。
45002019	Grace	また、知識と真理の具体的な形として律法を持っているため、盲人の案内人、やみの中にいる者の光、愚かな者の導き手、幼子の教師だと自任しているのなら、
62002025	Grace	それがキリストご自身の私たちにお与えになった約束であって、永遠のいのちです。
59003017	Description	しかし、上からの知恵は、第一に純真であり、次に平和、寛容、温順であり、また、あわれみと良い実とに満ち、えこひいきがなく、見せかけのないものです。
43003035	Faith	父は御子を愛しておられ、万物を御子の手にお渡しになった。
61003009	Grace	主は、ある人たちがおそいと思っているように、その約束のことを遅らせておられるのではありません。かえって、あなたがたに対して忍耐深くあられるのであって、ひとりでも滅びることを望まず、すべての人が悔い改めに進むことを望んでおられるのです。
46007007	Grace	私の願うところは、すべての人が私のようであることです。しかし、ひとりひとり神から与えられたそれぞれの賜物を持っているので、人それぞれに行き方があります。
46014001	Recommendation	愛を追い求めなさい。また、御霊の賜物、特に預言することを熱心に求めなさい。
47004006	Grace	「光が、やみの中から輝き出よ。」と言われた神は、私たちの心を照らし、キリストの御顔にある神の栄光を知る知識を輝かせてくださったのです。
44018024	Description	さて、アレキサンドリヤの生まれで、雄弁なアポロというユダヤ人がエペソに来た。彼は聖書に通じていた。
58013012	Grace	ですから、イエスも、ご自分の血によって民をきよめるために、門の外で苦しみを受けられました。
56002015	Recommendation	あなたは、これらのことを十分な権威をもって話し、勧め、また、責めなさい。だれにも軽んじられてはいけません。
62004009	Grace	神はそのひとり子を世に遣わし、その方によって私たちに、いのちを得させてくださいました。ここに、神の愛が私たちに示されたのです。
43017024	Grace	父よ。お願いします。あなたがわたしに下さったものをわたしのいる所にわたしといっしょにおらせてください。あなたがわたしを世の始まる前から愛しておられたためにわたしに下さったわたしの栄光を、彼らが見るようになるためです。
45003016	Sin	彼らの道には破壊と悲惨がある。
58004014	Faith	さて、私たちのためには、もろもろの天を通られた偉大な大祭司である神の子イエスがおられるのですから、私たちの信仰の告白を堅く保とうではありませんか。
61001017	Grace	キリストが父なる神から誉れと栄光をお受けになったとき、おごそかな、栄光の神から、こういう御声がかかりました。「これはわたしの愛する子、わたしの喜ぶ者である。」
46012011	Description	しかし、同一の御霊がこれらすべてのことをなさるのであって、みこころのままに、おのおのにそれぞれの賜物を分け与えてくださるのです。
66008012	Description	第四の御使いがラッパを吹き鳴らした。すると、太陽の三分の一と、月の三分の一と、星の三分の一とが打たれたので、三分の一は暗くなり、昼の三分の一は光を失い、また夜も同様であった。
44018017	Violence	そこで、みなの者は、会堂管理者ソステネを捕え、法廷の前で打ちたたいた。ガリオは、そのようなことは少しも気にしなかった。
43010039	Violence	そこで、彼らはまたイエスを捕えようとした。しかし、イエスは彼らの手からのがれられた。
47004016	Faith	ですから、私たちは勇気を失いません。たとい私たちの外なる人は衰えても、内なる人は日々新たにされています。
43012003	Description	マリヤは、非常に高価な、純粋なナルドの香油三百グラムを取って、イエスの足に塗り、彼女の髪の毛でイエスの足をぬぐった。家は香油のかおりでいっぱいになった。
58011009	Faith	信仰によって、彼は約束された地に他国人のようにして住み、同じ約束をともに相続するイサクやヤコブとともに天幕生活をしました。
50003017	Recommendation	兄弟たち。私を見ならう者になってください。また、あなたがたと同じように私たちを手本として歩んでいる人たちに、目を留めてください。
48006002	Recommendation	互いの重荷を負い合い、そのようにしてキリストの律法を全うしなさい。
59002024	Faith	人は行ないによって義と認められるのであって、信仰だけによるのではないことがわかるでしょう。
45009014	Faith	それでは、どういうことになりますか。神に不正があるのですか。絶対にそんなことはありません。
45014001	Recommendation	あなたがたは信仰の弱い人を受け入れなさい。その意見をさばいてはいけません。
66012007	Violence	さて、天に戦いが起こって、ミカエルと彼の使いたちは、竜と戦った。それで、竜とその使いたちは応戦したが、
49004026	Recommendation	怒っても、罪を犯してはなりません。日が暮れるまで憤ったままでいてはいけません。
60003009	Recommendation	悪をもって悪に報いず、侮辱をもって侮辱に報いず、かえって祝福を与えなさい。あなたがたは祝福を受け継ぐために召されたのだからです。
43008029	Grace	わたしを遣わした方はわたしとともにおられます。わたしをひとり残されることはありません。わたしがいつも、そのみこころにかなうことを行なうからです。」
49006014	Recommendation	では、しっかりと立ちなさい。腰には真理の帯を締め、胸には正義の胸当てを着け、
66001020	Description	わたしの右の手の中に見えた七つの星と、七つの金の燭台について、その秘められた意味を言えば、七つの星は七つの教会の御使いたち、七つの燭台は七つの教会である。
58002009	Grace	ただ、御使いよりも、しばらくの間、低くされた方であるイエスのことは見ています。イエスは、死の苦しみのゆえに、栄光と誉れの冠をお受けになりました。その死は、神の恵みによって、すべての人のために味わわれたものです。
50002013	Grace	神は、みこころのままに、あなたがたのうちに働いて志を立てさせ、事を行なわせてくださるのです。
43015011	Grace	わたしがこれらのことをあなたがたに話したのは、わたしの喜びがあなたがたのうちにあり、あなたがたの喜びが満たされるためです。
54001001	Description	私たちの救い主なる神と私たちの望みなるキリスト・イエスとの命令による、キリスト・イエスの使徒パウロから、
54002009	Recommendation	同じように女も、つつましい身なりで、控えめに慎み深く身を飾り、はでな髪の形とか、金や真珠や高価な衣服によってではなく、
43002015	Violence	細なわでむちを作って、羊も牛もみな、宮から追い出し、両替人の金を散らし、その台を倒し、
49002010	Grace	私たちは神の作品であって、良い行ないをするためにキリスト・イエスにあって造られたのです。神は、私たちが良い行ないに歩むように、その良い行ないをもあらかじめ備えてくださったのです。
60004012	Recommendation	愛する者たち。あなたがたを試みるためにあなたがたの間に燃えさかる火の試練を、何か思いがけないことが起こったかのように驚き怪しむことなく、
66019007	Recommendation	私たちは喜び楽しみ、神をほめたたえよう。小羊の婚姻の時が来て、花嫁はその用意ができたのだから。
49006017	Recommendation	救いのかぶとをかぶり、また御霊の与える剣である、神のことばを受け取りなさい。
44007024	Violence	そして、同胞のひとりが虐待されているのを見て、その人をかばい、エジプト人を打ち倒して、乱暴されているその人の仕返しをしました。
53003013	Recommendation	しかしあなたがたは、たゆむことなく善を行ないなさい。兄弟たちよ。
46016013	Faith	目を覚ましていなさい。堅く信仰に立ちなさい。男らしく、強くありなさい。
44007043	Sin	あなたがたは、モロクの幕屋と ロンパの神の星をかついでいた。 それらは、あなたがたが拝むために 作った偶像ではないか。 それゆえ、わたしは、あなたがたを バビロンのかなたへ移す。』
53002015	Recommendation	そこで、兄弟たち。堅く立って、私たちのことば、または手紙によって教えられた言い伝えを守りなさい。
47005005	Grace	私たちをこのことにかなう者としてくださった方は神です。神は、その保証として御霊を下さいました。
54002011	Recommendation	女は、静かにして、よく従う心をもって教えを受けなさい。
54005019	Recommendation	長老に対する訴えは、ふたりか三人の証人がなければ、受理してはいけません。
45016016	Recommendation	あなたがたはきよい口づけをもって互いのあいさつをかわしなさい。キリストの教会はみな、あなたがたによろしくと言っています。
66018019	Description	それから、彼らは、頭にちりをかぶって、泣き悲しみ、叫んで言いました。『わざわいが来た。わざわいが来た。大きな都よ。海に舟を持つ者はみな、この都のおごりによって富を得ていたのに、それが一瞬のうちに荒れすたれるとは。』
62003001	Grace	私たちが神の子どもと呼ばれるために、――事実、いま私たちは神の子どもです。――御父はどんなにすばらしい愛を与えてくださったことでしょう。世が私たちを知らないのは、御父を知らないからです。
60005005	Recommendation	同じように、若い人たちよ。長老たちに従いなさい。みな互いに謙遜を身に着けなさい。神は高ぶる者に敵対し、へりくだる者に恵みを与えられるからです。
45003004	Faith	絶対にそんなことはありません。たとい、すべての人を偽り者としても、神は真実な方であるとすべきです。それは、 「あなたが、そのみことばによって正しいとされ、さばかれるときには勝利を得られるため。」 と書いてあるとおりです。
44009014	Violence	彼はここでも、あなたの御名を呼ぶ者たちをみな捕縛する権限を、祭司長たちから授けられているのです。」
61002001	Sin	しかし、イスラエルの中には、にせ預言者も出ました。同じように、あなたがたの中にも、にせ教師が現われるようになります。彼らは、滅びをもたらす異端をひそかに持ち込み、自分たちを買い取ってくださった主を否定するようなことさえして、自分たちの身にすみやかな滅びを招いています。
43005018	Violence	このためユダヤ人たちは、ますますイエスを殺そうとするようになった。イエスが安息日を破っておられただけでなく、ご自身を神と等しくして、神を自分の父と呼んでおられたからである。
46011002	Faith	さて、あなたがたは、何かにつけて私を覚え、また、私があなたがたに伝えたものを、伝えられたとおりに堅く守っているので、私はあなたがたをほめたいと思います。
44002025	Faith	ダビデはこの方について、こう言っています。 『私はいつも、自分の目の前に主を見ていた。 主は、私が動かされないように、 私の右におられるからである。
60001023	Grace	あなたがたが新しく生まれたのは、朽ちる種からではなく、朽ちない種からであり、生ける、いつまでも変わることのない、神のことばによるのです。
59005016	Recommendation	ですから、あなたがたは、互いに罪を言い表わし、互いのために祈りなさい。いやされるためです。義人の祈りは働くと、大きな力があります。
43006047	Faith	まことに、まことに、あなたがたに告げます。信じる者は永遠のいのちを持ちます。
43014018	Grace	わたしは、あなたがたを捨てて孤児にはしません。わたしは、あなたがたのところに戻って来るのです。
45003002	Grace	それは、あらゆる点から見て、大いにあります。第一に、彼らは神のいろいろなおことばをゆだねられています。
49006005	Recommendation	奴隷たちよ。あなたがたは、キリストに従うように、恐れおののいて真心から地上の主人に従いなさい。
45002004	Grace	それとも、神の慈愛があなたを悔い改めに導くことも知らないで、その豊かな慈愛と忍耐と寛容とを軽んじているのですか。
62005014	Faith	何事でも神のみこころにかなう願いをするなら、神はその願いを聞いてくださるということ、これこそ神に対する私たちの確信です。
45015013	Faith	どうか、望みの神が、あなたがたを信仰によるすべての喜びと平和をもって満たし、聖霊の力によって望みにあふれさせてくださいますように。
43019041	Description	イエスが十字架につけられた場所に園があって、そこには、まだだれも葬られたことのない新しい墓があった。
66019020	Violence	すると、獣は捕えられた。また、獣の前でしるしを行ない、それによって獣の刻印を受けた人々と獣の像を拝む人々とを惑わしたあのにせ預言者も、彼といっしょに捕えられた。そして、このふたりは、硫黄の燃えている火の池に、生きたままで投げ込まれた。
45012020	Recommendation	もしあなたの敵が飢えたなら、彼に食べさせなさい。渇いたなら、飲ませなさい。そうすることによって、あなたは彼の頭に燃える炭火を積むことになるのです。
51003016	Recommendation	キリストのことばを、あなたがたのうちに豊かに住まわせ、知恵を尽くして互いに教え、互いに戒め、詩と賛美と霊の歌とにより、感謝にあふれて心から神に向かって歌いなさい。
51003019	Recommendation	夫たちよ。妻を愛しなさい。つらく当たってはいけません。
54005016	Recommendation	もし信者である婦人の身内にやもめがいたら、その人がそのやもめを助け、教会には負担をかけないようにしなさい。そうすれば、教会はほんとうのやもめを助けることができます。
62005011	Grace	そのあかしとは、神が私たちに永遠のいのちを与えられたということ、そしてこのいのちが御子のうちにあるということです。
62005012	Faith	御子を持つ者はいのちを持っており、神の御子を持たない者はいのちを持っていません。
43008036	Grace	ですから、もし子があなたがたを自由にするなら、あなたがたはほんとうに自由なのです。
49003013	Faith	ですから、私があなたがたのために受けている苦難のゆえに落胆することのないようお願いします。私の受けている苦しみは、そのまま、あなたがたの光栄なのです。
45016018	Sin	そういう人たちは、私たちの主キリストに仕えないで、自分の欲に仕えているのです。彼らは、なめらかなことば、へつらいのことばをもって純朴な人たちの心をだましているのです。
45001029	Sin	彼らは、あらゆる不義と悪とむさぼりと悪意とに満ちた者、ねたみと殺意と争いと欺きと悪だくみとでいっぱいになった者、陰口を言う者、
55001014	Recommendation	そして、あなたにゆだねられた良いものを、私たちのうちに宿る聖霊によって、守りなさい。
48006008	Faith	自分の肉のために蒔く者は、肉から滅びを刈り取り、御霊のために蒔く者は、御霊から永遠のいのちを刈り取るのです。
46010009	Recommendation	私たちは、さらに、彼らの中のある人たちが主を試みたのにならって主を試みることはないようにしましょう。彼らは蛇に滅ぼされました。
46013005	Recommendation	礼儀に反することをせず、自分の利益を求めず、怒らず、人のした悪を思わず、
66009009	Description	また、鉄の胸当てのような胸当てを着け、その翼の音は、多くの馬に引かれた戦車が、戦いに馳せつけるときの響きのようであった。
43015022	Sin	もしわたしが来て彼らに話さなかったら、彼らに罪はなかったでしょう。しかし今では、その罪について弁解の余地はありません。
51004005	Recommendation	外部の人に対して賢明にふるまい、機会を十分に生かして用いなさい。
45006006	Faith	私たちの古い人がキリストとともに十字架につけられたのは、罪のからだが滅びて、私たちがもはやこれからは罪の奴隷でなくなるためであることを、私たちは知っています。
62003010	Sin	そのことによって、神の子どもと悪魔の子どもとの区別がはっきりします。義を行なわない者はだれも、神から出た者ではありません。兄弟を愛さない者もそうです。
45008007	Sin	というのは、肉の思いは神に対して反抗するものだからです。それは神の律法に服従しません。いや、服従できないのです。
44002026	Faith	それゆえ、私の心は楽しみ、 私の舌は大いに喜んだ。 さらに私の肉体も望みの中に安らう。
46010020	Sin	いや、彼らのささげる物は、神にではなくて悪霊にささげられている、と言っているのです。私は、あなたがたに悪霊と交わる者になってもらいたくありません。
44013001	Description	さて、アンテオケには、そこにある教会に、バルナバ、ニゲルと呼ばれるシメオン、クレネ人ルキオ、国主ヘロデの乳兄弟マナエン、サウロなどという預言者や教師がいた。
49005006	Recommendation	むなしいことばに、だまされてはいけません。こういう行ないのゆえに、神の怒りは不従順な子らに下るのです。
56001011	Sin	彼らの口を封じなければいけません。彼らは、不正な利を得るために、教えてはいけないことを教え、家々を破壊しています。
43013011	Sin	イエスはご自分を裏切る者を知っておられた。それで、「みながきよいのではない。」と言われたのである。
43010001	Sin	「まことに、まことに、あなたがたに告げます。羊の囲いに門からはいらないで、ほかの所を乗り越えて来る者は、盗人で強盗です。
61002015	Sin	彼らは正しい道を捨ててさまよっています。不義の報酬を愛したベオルの子バラムの道に従ったのです。
44014005	Violence	異邦人とユダヤ人が彼らの指導者たちといっしょになって、使徒たちをはずかしめて、石打ちにしようと企てたとき、
43021017	Description	イエスは三度ペテロに言われた。「ヨハネの子シモン。あなたはわたしを愛しますか。」ペテロは、イエスが三度「あなたはわたしを愛しますか。」と言われたので、心を痛めてイエスに言った。「主よ。あなたはいっさいのことをご存じです。あなたは、私があなたを愛することを知っておいでになります。」イエスは彼に言われた。「わたしの羊を飼いなさい。
66021027	Sin	しかし、すべて汚れた者や、憎むべきことと偽りとを行なう者は、決して都にはいれない。小羊のいのちの書に名が書いてある者だけが、はいることができる。
66017004	Sin	この女は紫と緋の衣を着ていて、金と宝石と真珠とで身を飾り、憎むべきものや自分の不品行の汚れでいっぱいになった金の杯を手に持っていた。
51003014	Recommendation	そして、これらすべての上に、愛を着けなさい。愛は結びの帯として完全なものです。
43012023	Description	すると、イエスは彼らに答えて言われた。「人の子が栄光を受けるその時が来ました。
45002022	Sin	姦淫するなと言いながら、自分は姦淫するのですか。偶像を忌みきらいながら、自分は神殿の物をかすめるのですか。
45007008	Sin	しかし、罪はこの戒めによって機会を捕え、私のうちにあらゆるむさぼりを引き起こしました。律法がなければ、罪は死んだものです。
44026017	Grace	わたしは、この民と異邦人との中からあなたを救い出し、彼らのところに遣わす。
56003003	Sin	私たちも以前は、愚かな者であり、不従順で、迷った者であり、いろいろな欲情と快楽の奴隷になり、悪意とねたみの中に生活し、憎まれ者であり、互いに憎み合う者でした。
54005021	Recommendation	私は、神とキリスト・イエスと選ばれた御使いたちとの前で、あなたにおごそかに命じます。これらのことを偏見なしに守り、何事もかたよらないで行ないなさい。
58010035	Recommendation	ですから、あなたがたの確信を投げ捨ててはなりません。それは大きな報いをもたらすものなのです。
46004002	Faith	このばあい、管理者には、忠実であることが要求されます。
44009043	Description	そして、ペテロはしばらくの間、ヨッパで、皮なめしのシモンという人の家に泊まっていた。
46003016	Grace	あなたがたは神の神殿であり、神の御霊があなたがたに宿っておられることを知らないのですか。
58010019	Faith	こういうわけですから、兄弟たち。私たちは、イエスの血によって、大胆にまことの聖所にはいることができるのです。
43008021	Sin	イエスはまた彼らに言われた。「わたしは去って行きます。あなたがたはわたしを捜すけれども、自分の罪の中で死にます。わたしが行く所に、あなたがたは来ることができません。」
51003012	Recommendation	それゆえ、神に選ばれた者、きよい、愛されている者として、あなたがたは深い同情心、慈愛、謙遜、柔和、寛容を身に着けなさい。
43012026	Faith	わたしに仕えるというのなら、その人はわたしについて来なさい。わたしがいる所に、わたしに仕える者もいるべきです。もしわたしに仕えるなら、父はその人に報いてくださいます。
54003004	Description	自分の家庭をよく治め、十分な威厳をもって子どもを従わせている人です。
52005011	Recommendation	ですから、あなたがたは、今しているとおり、互いに励まし合い、互いに徳を高め合いなさい。
62003011	Recommendation	互いに愛し合うべきであるということは、あなたがたが初めから聞いている教えです。
46007026	Recommendation	現在の危急のときには、男はそのままの状態にとどまるのがよいと思います。
43003001	Description	さて、パリサイ人の中にニコデモという人がいた。ユダヤ人の指導者であった。
59002025	Description	同様に、遊女ラハブも、使者たちを招き入れ、別の道から送り出したため、その行ないによって義と認められたではありませんか。
54002015	Faith	しかし、女が慎みをもって、信仰と愛ときよさとを保つなら、子を産むことによって救われます。
44013017	Grace	この民イスラエルの神は、私たちの先祖たちを選び、民がエジプトの地に滞在していた間にこれを強大にし、御腕を高く上げて、彼らをその地から導き出してくださいました。
44015008	Grace	そして、人の心の中を知っておられる神は、私たちに与えられたと同じように異邦人にも聖霊を与えて、彼らのためにあかしをし、
59002011	Sin	なぜなら、「姦淫してはならない。」と言われた方は、「殺してはならない。」とも言われたからです。そこで、姦淫しなくても人殺しをすれば、あなたは律法の違反者となったのです。
43010028	Grace	わたしは彼らに永遠のいのちを与えます。彼らは決して滅びることがなく、また、だれもわたしの手から彼らを奪い去るようなことはありません。
45016020	Grace	平和の神は、すみやかに、あなたがたの足でサタンを踏み砕いてくださいます。 どうか、私たちの主イエスの恵みが、あなたがたとともにありますように。
55003005	Sin	敬虔のかたちをしていても、その実を否定する者になるからです。こういう人々を避けなさい。
45012005	Description	大ぜいいる私たちも、キリストにあって一つのからだであり、ひとりひとり互いに器官なのです。
56003008	Faith	これは信頼できることばですから、私は、あなたがこれらのことについて、確信をもって話すように願っています。それは、神を信じている人々が、良いわざに励むことを心がけるようになるためです。これらのことは良いことであって、人々に有益なことです。
59002023	Faith	そして、「アブラハムは神を信じ、その信仰が彼の義とみなされた。」という聖書のことばが実現し、彼は神の友と呼ばれたのです。
59002001	Faith	私の兄弟たち。あなたがたは私たちの栄光の主イエス・キリストを信じる信仰を持っているのですから、人をえこひいきしてはいけません。
45003013	Sin	「彼らののどは、開いた墓であり、 彼らはその舌で欺く。」 「彼らのくちびるの下には、まむしの毒があり、」
49005028	Recommendation	そのように、夫も自分の妻を自分のからだのように愛さなければなりません。自分の妻を愛する者は自分を愛しているのです。
45009030	Faith	では、どういうことになりますか。義を追い求めなかった異邦人は義を得ました。すなわち、信仰による義です。
54003009	Faith	きよい良心をもって信仰の奥義を保っている人です。
54006002	Recommendation	信者である主人を持つ人は、主人が兄弟だからといって軽く見ず、むしろ、ますますよく仕えなさい。なぜなら、その良い奉仕から益を受けるのは信者であり、愛されている人だからです。あなたは、これらのことを教え、また勧めなさい。
45003003	Faith	では、いったいどうなのですか。彼らのうちに不真実な者があったら、その不真実によって、神の真実が無に帰することになるでしょうか。
43019034	Violence	しかし、兵士のうちのひとりがイエスのわき腹を槍で突き刺した。すると、ただちに血と水が出て来た。
43015012	Recommendation	わたしがあなたがたを愛したように、あなたがたも互いに愛し合うこと、これがわたしの戒めです。
45006013	Recommendation	また、あなたがたの手足を不義の器として罪にささげてはいけません。むしろ、死者の中から生かされた者として、あなたがた自身とその手足を義の器として神にささげなさい。
58010039	Faith	私たちは、恐れ退いて滅びる者ではなく、信じていのちを保つ者です。
45011026	Grace	こうして、イスラエルはみな救われる、ということです。こう書かれているとおりです。 「救う者がシオンから出て、 ヤコブから不敬虔を取り払う。
52002015	Violence	ユダヤ人は、主であられるイエスをも、預言者たちをも殺し、また私たちをも追い出し、神に喜ばれず、すべての人の敵となっています。
58010026	Sin	もし私たちが、真理の知識を受けて後、ことさらに罪を犯し続けるならば、罪のためのいけにえは、もはや残されていません。
49002006	Grace	キリスト・イエスにおいて、ともによみがえらせ、ともに天の所にすわらせてくださいました。
49004025	Recommendation	ですから、あなたがたは偽りを捨て、おのおの隣人に対して真実を語りなさい。私たちはからだの一部分として互いにそれぞれのものだからです。
48002005	Faith	私たちは彼らに一時も譲歩しませんでした。それは福音の真理があなたがたの間で常に保たれるためです。
46014013	Recommendation	こういうわけですから、異言を語る者は、それを解き明かすことができるように祈りなさい。
44009001	Violence	さてサウロは、なおも主の弟子たちに対する脅かしと殺害の意に燃えて、大祭司のところに行き、
43017013	Description	わたしは今みもとにまいります。わたしは彼らの中でわたしの喜びが全うされるために、世にあってこれらのことを話しているのです。
60004013	Recommendation	むしろ、キリストの苦しみにあずかれるのですから、喜んでいなさい。それは、キリストの栄光が現われるときにも、喜びおどる者となるためです。
44011006	Description	その中をよく見ると、地の四つ足の獣、野獣、はうもの、空の鳥などが見えました。
51003008	Recommendation	しかし今は、あなたがたも、すべてこれらのこと、すなわち、怒り、憤り、悪意、そしり、あなたがたの口から出る恥ずべきことばを、捨ててしまいなさい。
44018003	Description	自分も同業者であったので、その家に住んでいっしょに仕事をした。彼らの職業は天幕作りであった。
45006012	Sin	ですから、あなたがたの死ぬべきからだを罪の支配にゆだねて、その情欲に従ってはいけません。
53003012	Recommendation	こういう人たちには、主イエス・キリストによって、命じ、また勧めます。静かに仕事をし、自分で得たパンを食べなさい。
44007009	Sin	族長たちはヨセフをねたんで、彼をエジプトに売りとばしました。しかし、神は彼とともにおられ、
44011028	Description	その中のひとりでアガボという人が立って、世界中に大ききんが起こると御霊によって預言したが、はたしてそれがクラウデオの治世に起こった。
44020036	Description	こう言い終わって、パウロはひざまずき、みなの者とともに祈った。
48005024	Faith	キリスト・イエスにつく者は、自分の肉を、さまざまの情欲や欲望とともに、十字架につけてしまったのです。
59001002	Recommendation	私の兄弟たち。さまざまな試練に会うときは、それをこの上もない喜びと思いなさい。
62001006	Sin	もし私たちが、神と交わりがあると言っていながら、しかもやみの中を歩んでいるなら、私たちは偽りを言っているのであって、真理を行なってはいません。
44010011	Description	見ると、天が開けており、大きな敷布のような入れ物が、四隅をつるされて地上に降りて来た。
44002009	Description	私たちは、パルテヤ人、メジヤ人、エラム人、またメソポタミヤ、ユダヤ、カパドキヤ、ポントとアジヤ、
51001010	Faith	また、主にかなった歩みをして、あらゆる点で主に喜ばれ、あらゆる善行のうちに実を結び、神を知る知識を増し加えられますように。
54001018	Recommendation	私の子テモテよ。以前あなたについてなされた預言に従って、私はあなたにこの命令をゆだねます。それは、あなたがあの預言によって、信仰と正しい良心を保ち、勇敢に戦い抜くためです。
66019001	Faith	この後、私は、天に大群衆の大きい声のようなものが、こう言うのを聞いた。 「ハレルヤ。救い、栄光、力は、われらの神のもの。
49002001	Grace	あなたがたは自分の罪過と罪との中に死んでいた者であって、
46010021	Sin	あなたがたが主の杯を飲んだうえ、さらに悪霊の杯を飲むことは、できないことです。主の食卓にあずかったうえ、さらに悪霊の食卓にあずかることはできないことです。
49005003	Recommendation	あなたがたの間では、聖徒にふさわしく、不品行も、どんな汚れも、またむさぼりも、口にすることさえいけません。
56001015	Sin	きよい人々には、すべてのものがきよいのです。しかし、汚れた、不信仰な人々には、何一つきよいものはありません。それどころか、その知性と良心までも汚れています。
44009021	Description	これを聞いた人々はみな、驚いてこう言った。「この人はエルサレムで、この御名を呼ぶ者たちを滅ぼした者ではありませんか。ここへやって来たのも、彼らを縛って、祭司長たちのところへ引いて行くためではないのですか。」
58008006	Description	しかし今、キリストはさらにすぐれた務めを得られました。それは彼が、さらにすぐれた約束に基づいて制定された、さらにすぐれた契約の仲介者であるからです。
50001021	Faith	私にとっては、生きることはキリスト、死ぬこともまた益です。
50001006	Faith	あなたがたのうちに良い働きを始められた方は、キリスト・イエスの日が来るまでにそれを完成させてくださることを私は堅く信じているのです。
62005020	Faith	しかし、神の御子が来て、真実な方を知る理解力を私たちに与えてくださったことを知っています。それで私たちは、真実な方のうちに、すなわち御子イエス・キリストのうちにいるのです。この方こそ、まことの神、永遠のいのちです。
45012018	Recommendation	あなたがたは、自分に関する限り、すべての人と平和を保ちなさい。
58010023	Faith	約束された方は真実な方ですから、私たちは動揺しないで、しっかりと希望を告白しようではありませんか。
43014027	Grace	わたしは、あなたがたに平安を残します。わたしは、あなたがたにわたしの平安を与えます。わたしがあなたがたに与えるのは、世が与えるのとは違います。あなたがたは心を騒がしてはなりません。恐れてはなりません。
47005006	Faith	そういうわけで、私たちはいつも心強いのです。ただし、私たちが肉体にいる間は、主から離れているということも知っています。
43012047	Grace	だれかが、わたしの言うことを聞いてそれを守らなくても、わたしはその人をさばきません。わたしは世をさばくために来たのではなく、世を救うために来たからです。
62003012	Sin	カインのようであってはいけません。彼は悪い者から出た者で、兄弟を殺しました。なぜ兄弟を殺したのでしょう。自分の行ないは悪く、兄弟の行ないは正しかったからです。
66016020	Description	島はすべて逃げ去り、山々は見えなくなった。
58011012	Description	そこで、ひとりの、しかも死んだも同様のアブラハムから、天の星のように、また海べの数えきれない砂のように数多い子孫が生まれたのです。
54001017	Faith	どうか、世々の王、すなわち、滅びることなく、目に見えない唯一の神に、誉れと栄えとが世々限りなくありますように。アーメン。
66014007	Faith	彼は大声で言った。「神を恐れ、神をあがめよ。神のさばきの時が来たからである。天と地と海と水の源を創造した方を拝め。」
44006001	Description	そのころ、弟子たちがふえるにつれて、ギリシヤ語を使うユダヤ人たちが、ヘブル語を使うユダヤ人たちに対して苦情を申し立てた。彼らのうちのやもめたちが、毎日の配給でなおざりにされていたからである。
60002021	Grace	あなたがたが召されたのは、実にそのためです。キリストも、あなたがたのために苦しみを受け、その足跡に従うようにと、あなたがたに模範を残されました。
53003010	Recommendation	私たちは、あなたがたのところにいたときにも、働きたくない者は食べるなと命じました。
43003016	Grace	神は、実に、そのひとり子をお与えになったほどに、世を愛された。それは御子を信じる者が、ひとりとして滅びることなく、永遠のいのちを持つためである。
44019015	Description	すると悪霊が答えて、「自分はイエスを知っているし、パウロもよく知っている。けれどおまえたちは何者だ。」と言った。
66019019	Violence	また私は、獣と地上の王たちとその軍勢が集まり、馬に乗った方とその軍勢と戦いを交えるのを見た。
44027002	Description	私たちは、アジヤの沿岸の各地に寄港して行くアドラミテオの船に乗り込んで出帆した。テサロニケのマケドニヤ人アリスタルコも同行した。
58013003	Recommendation	牢につながれている人々を、自分も牢にいる気持ちで思いやり、また、自分も肉体を持っているのですから、苦しめられている人々を思いやりなさい。
51003017	Recommendation	あなたがたのすることは、ことばによると行ないによるとを問わず、すべて主イエスの名によってなし、主によって父なる神に感謝しなさい。
48006006	Recommendation	みことばを教えられる人は、教える人とすべての良いものを分け合いなさい。
44007005	Description	ここでは、足の踏み場となるだけのものさえも、相続財産として彼にお与えになりませんでした。それでも、子どももなかった彼に対して、この地を彼とその子孫に財産として与えることを約束されたのです。
44007019	Description	この王は、私たちの同胞に対して策略を巡らし、私たちの先祖を苦しめて、幼子を捨てさせ、生かしておけないようにしました。
43020003	Description	そこでペテロともうひとりの弟子は外に出て来て、墓のほうへ行った。
44024016	Faith	そのために、私はいつも、神の前にも人の前にも責められることのない良心を保つように、と最善を尽くしています。
65001013	Description	自分の恥のあわをわき立たせる海の荒波、さまよう星です。まっ暗なやみが、彼らのために永遠に用意されています。
48001012	Description	私はそれを人間からは受けなかったし、また教えられもしませんでした。ただイエス・キリストの啓示によって受けたのです。
45007005	Sin	私たちが肉にあったときは、律法による数々の罪の欲情が私たちのからだの中に働いていて、死のために実を結びました。
54002007	Faith	そのあかしのために、私は宣伝者また使徒に任じられ――私は真実を言っており、うそは言いません。――信仰と真理を異邦人に教える教師とされました。
62003024	Faith	神の命令を守る者は神のうちにおり、神もまたその人のうちにおられます。神が私たちのうちにおられるということは、神が私たちに与えてくださった御霊によって知るのです。
46010024	Recommendation	だれでも、自分の利益を求めないで、他人の利益を心がけなさい。
45012016	Recommendation	互いに一つ心になり、高ぶった思いを持たず、かえって身分の低い者に順応しなさい。自分こそ知者だなどと思ってはいけません。
49004031	Recommendation	無慈悲、憤り、怒り、叫び、そしりなどを、いっさいの悪意とともに、みな捨て去りなさい。
51001025	Faith	私は、あなたがたのために神からゆだねられた務めに従って、教会に仕える者となりました。神のことばを余すところなく伝えるためです。
66001014	Description	その頭と髪の毛は、白い羊毛のように、また雪のように白く、その目は、燃える炎のようであった。
47004015	Grace	すべてのことはあなたがたのためであり、それは、恵みがますます多くの人々に及んで感謝が満ちあふれ、神の栄光が現われるようになるためです。
43006056	Faith	わたしの肉を食べ、わたしの血を飲む者は、わたしのうちにとどまり、わたしも彼のうちにとどまります。
43011027	Faith	彼女はイエスに言った。「はい。主よ。私は、あなたが世に来られる神の子キリストである、と信じております。」
44002042	Faith	そして、彼らは使徒たちの教えを堅く守り、交わりをし、パンを裂き、祈りをしていた。
58001009	Grace	あなたは義を愛し、不正を憎まれます。 それゆえ、神よ。あなたの神は、 あふれるばかりの喜びの油を、 あなたとともに立つ者にまして、 あなたに注ぎなさいました。」
44012002	Violence	ヨハネの兄弟ヤコブを剣で殺した。
55002016	Recommendation	俗悪なむだ話を避けなさい。人々はそれによってますます不敬虔に深入りし、
62003015	Sin	兄弟を憎む者はみな、人殺しです。いうまでもなく、だれでも人を殺す者のうちに、永遠のいのちがとどまっていることはないのです。
43021015	Faith	彼らが食事を済ませたとき、イエスはシモン・ペテロに言われた。「ヨハネの子シモン。あなたは、この人たち以上に、わたしを愛しますか。」ペテロはイエスに言った。「はい。主よ。私があなたを愛することは、あなたがご存じです。」イエスは彼に言われた。「わたしの小羊を飼いなさい。」
46012008	Grace	ある人には御霊によって知恵のことばが与えられ、ほかの人には同じ御霊にかなう知識のことばが与えられ、
44007013	Description	二回目のとき、ヨセフは兄弟たちに、自分のことを打ち明け、ヨセフの家族のことがパロに明らかになりました。
60003010	Recommendation	「いのちを愛し、 幸いな日々を過ごしたいと思う者は、 舌を押えて悪を言わず、 くちびるを閉ざして偽りを語らず、
44004032	Description	信じた者の群れは、心と思いを一つにして、だれひとりその持ち物を自分のものと言わず、すべてを共有にしていた。
46015003	Grace	私があなたがたに最もたいせつなこととして伝えたのは、私も受けたことであって、次のことです。キリストは、聖書の示すとおりに、私たちの罪のために死なれたこと、
66018024	Violence	また、預言者や聖徒たちの血、および地上で殺されたすべての人々の血が、この都の中に見いだされたからだ。」
44013048	Faith	異邦人たちは、それを聞いて喜び、主のみことばを賛美した。そして、永遠のいのちに定められていた人たちは、みな、信仰にはいった。
66022020	Description	これらのことをあかしする方がこう言われる。「しかり。わたしはすぐに来る。」アーメン。主イエスよ、来てください。
50004009	Recommendation	あなたがたが私から学び、受け、聞き、また見たことを実行しなさい。そうすれば、平和の神があなたがたとともにいてくださいます。
53003015	Recommendation	しかし、その人を敵とはみなさず、兄弟として戒めなさい。
51002008	Recommendation	あのむなしい、だましごとの哲学によってだれのとりこにもならぬよう、注意しなさい。そのようなものは、人の言い伝えによるものであり、この世に属する幼稚な教えによるものであって、キリストに基づくものではありません。
50003014	Faith	キリスト・イエスにおいて上に召してくださる神の栄冠を得るために、目標を目ざして一心に走っているのです。
56002014	Faith	キリストが私たちのためにご自身をささげられたのは、私たちをすべての不法から贖い出し、良いわざに熱心なご自分の民を、ご自分のためにきよめるためでした。
43005024	Faith	まことに、まことに、あなたがたに告げます。わたしのことばを聞いて、わたしを遣わした方を信じる者は、永遠のいのちを持ち、さばきに会うことがなく、死からいのちに移っているのです。
66021015	Description	また、私と話していた者は都とその門とその城壁とを測る金の測りざおを持っていた。
50003019	Sin	彼らの最後は滅びです。彼らの神は彼らの欲望であり、彼らの栄光は彼ら自身の恥なのです。彼らの思いは地上のことだけです。
54003006	Sin	また、信者になったばかりの人であってはいけません。高慢になって、悪魔と同じさばきを受けることにならないためです。
65001003	Recommendation	愛する人々。私はあなたがたに、私たちがともに受けている救いについて手紙を書こうとして、あらゆる努力をしていましたが、聖徒にひとたび伝えられた信仰のために戦うよう、あなたがたに勧める手紙を書く必要が生じました。
44004002	Description	この人たちは、ペテロとヨハネが民を教え、イエスのことを例にあげて死者の復活を宣べ伝えているのに、困り果て、
66018005	Sin	なぜなら、彼女の罪は積み重なって天にまで届き、神は彼女の不正を覚えておられるからです。
43004046	Description	イエスは再びガリラヤのカナに行かれた。そこは、かつて水をぶどう酒にされた所である。さて、カペナウムに病気の息子がいる王室の役人がいた。
45012011	Recommendation	勤勉で怠らず、霊に燃え、主に仕えなさい。
60001008	Faith	あなたがたはイエス・キリストを見たことはないけれども愛しており、いま見てはいないけれども信じており、ことばに尽くすことのできない、栄えに満ちた喜びにおどっています。
62004013	Grace	神は私たちに御霊を与えてくださいました。それによって、私たちが神のうちにおり、神も私たちのうちにおられることがわかります。
43019029	Description	そこには酸いぶどう酒のいっぱいはいった入れ物が置いてあった。そこで彼らは、酸いぶどう酒を含んだ海綿をヒソプの枝につけて、それをイエスの口もとに差し出した。
51001013	Grace	神は、私たちを暗やみの圧制から救い出して、愛する御子のご支配の中に移してくださいました。
45016017	Recommendation	兄弟たち。私はあなたがたに願います。あなたがたの学んだ教えにそむいて、分裂とつまずきを引き起こす人たちを警戒してください。彼らから遠ざかりなさい。
45012007	Recommendation	奉仕であれば奉仕し、教える人であれば教えなさい。
43016023	Faith	その日には、あなたがたはもはや、わたしに何も尋ねません。まことに、まことに、あなたがたに告げます。あなたがたが父に求めることは何でも、父は、わたしの名によってそれをあなたがたにお与えになります。
66021019	Description	都の城壁の土台石はあらゆる宝石で飾られていた。第一の土台石は碧玉、第二はサファイヤ、第三は玉髄、第四は緑玉、
59004017	Sin	こういうわけで、なすべき正しいことを知っていながら行なわないなら、それはその人の罪です。
66019005	Faith	また、御座から声が出て言った。 「すべての、神のしもべたち。小さい者も大きい者も、神を恐れかしこむ者たちよ。われらの神を賛美せよ。」
47005002	Faith	私たちはこの幕屋にあってうめき、この天から与えられる住まいを着たいと望んでいます。
48006004	Recommendation	おのおの自分の行ないをよく調べてみなさい。そうすれば、誇れると思ったことも、ただ自分だけの誇りで、ほかの人に対して誇れることではないでしょう。
46007036	Recommendation	もし、処女である自分の娘の婚期も過ぎようとしていて、そのままでは、娘に対しての扱い方が正しくないと思い、またやむをえないことがあるならば、その人は、その心のままにしなさい。罪を犯すわけではありません。彼らに結婚させなさい。
43016002	Violence	人々はあなたがたを会堂から追放するでしょう。事実、あなたがたを殺す者がみな、そうすることで自分は神に奉仕しているのだと思う時が来ます。
66015001	Description	また私は、天にもう一つの巨大な驚くべきしるしを見た。七人の御使いが、最後の七つの災害を携えていた。神の激しい怒りはここに窮まるのである。
43018023	Description	イエスは彼に答えられた。「もしわたしの言ったことが悪いなら、その悪い証拠を示しなさい。しかし、もし正しいなら、なぜ、わたしを打つのか。」
50004003	Recommendation	ほんとうに、真の協力者よ。あなたにも頼みます。彼女たちを助けてやってください。この人たちは、いのちの書に名のしるされているクレメンスや、そのほかの私の同労者たちとともに、福音を広めることで私に協力して戦ったのです。
66016006	Sin	彼らは聖徒たちや預言者たちの血を流しましたが、あなたは、その血を彼らに飲ませました。彼らは、そうされるにふさわしい者たちです。」
45006002	Sin	絶対にそんなことはありません。罪に対して死んだ私たちが、どうして、なおもその中に生きていられるでしょう。
66017011	Violence	また、昔いたが今はいない獣について言えば、彼は八番目でもありますが、先の七人のうちのひとりです。そして彼はついには滅びます。
48004030	Recommendation	しかし、聖書は何と言っていますか。「奴隷の女とその子どもを追い出せ。奴隷の女の子どもは決して自由の女の子どもとともに相続人になってはならない。」
54006009	Sin	金持ちになりたがる人たちは、誘惑とわなと、また人を滅びと破滅に投げ入れる、愚かで、有害な多くの欲とに陥ります。
66017016	Violence	あなたが見た十本の角と、あの獣とは、その淫婦を憎み、彼女を荒廃させ、裸にし、その肉を食い、彼女を火で焼き尽くすようになります。
46008003	Faith	しかし、人が神を愛するなら、その人は神に知られているのです。
45003009	Sin	では、どうなのでしょう。私たちは他の者にまさっているのでしょうか。決してそうではありません。私たちは前に、ユダヤ人もギリシヤ人も、すべての人が罪の下にあると責めたのです。
44007041	Sin	そのころ彼らは子牛を作り、この偶像に供え物をささげ、彼らの手で作った物を楽しんでいました。
66009020	Sin	これらの災害によって殺されずに残った人々は、その手のわざを悔い改めないで、悪霊どもや、金、銀、銅、石、木で造られた、見ることも聞くことも歩くこともできない偶像を拝み続け、
47005011	Faith	こういうわけで、私たちは、主を恐れることを知っているので、人々を説得しようとするのです。私たちのことは、神の御前に明らかです。しかし、あなたがたの良心にも明らかになることが、私の望みです。
49002003	Sin	私たちもみな、かつては不従順の子らの中にあって、自分の肉の欲の中に生き、肉と心の望むままを行ない、ほかの人たちと同じように、生まれながら御怒りを受けるべき子らでした。
44002040	Recommendation	ペテロは、このほかにも多くのことばをもって、あかしをし、「この曲がった時代から救われなさい。」と言って彼らに勧めた。
45008013	Faith	もし肉に従って生きるなら、あなたがたは死ぬのです。しかし、もし御霊によって、からだの行ないを殺すなら、あなたがたは生きるのです。
45010011	Faith	聖書はこう言っています。「彼に信頼する者は、失望させられることがない。」
45001008	Faith	まず第一に、あなたがたすべてのために、私はイエス・キリストによって私の神に感謝します。それは、あなたがたの信仰が全世界に言い伝えられているからです。
52001004	Faith	神に愛されている兄弟たち。あなたがたが神に選ばれた者であることは私たちが知っています。
60004008	Recommendation	何よりもまず、互いに熱心に愛し合いなさい。愛は多くの罪をおおうからです。
44027001	Description	さて、私たちが船でイタリヤへ行くことが決まったとき、パウロと、ほかの数人の囚人は、ユリアスという親衛隊の百人隊長に引き渡された。
66015003	Faith	彼らは、神のしもべモーセの歌と小羊の歌とを歌って言った。 「あなたのみわざは偉大であり、驚くべきものです。主よ。万物の支配者である神よ。あなたの道は正しく、真実です。もろもろの民の王よ。
60002002	Faith	生まれたばかりの乳飲み子のように、純粋な、みことばの乳を慕い求めなさい。それによって成長し、救いを得るためです。
66014013	Faith	また私は、天からこう言っている声を聞いた。「書きしるせ。『今から後、主にあって死ぬ死者は幸いである。』」御霊も言われる。「しかり。彼らはその労苦から解き放されて休むことができる。彼らの行ないは彼らについて行くからである。」
59001027	Faith	父なる神の御前できよく汚れのない宗教は、孤児や、やもめたちが困っているときに世話をし、この世から自分をきよく守ることです。
51002004	Recommendation	私がこう言うのは、だれもまことしやかな議論によって、あなたがたをあやまちに導くことのないためです。
66005013	Description	また私は、天と地と、地の下と、海の上のあらゆる造られたもの、およびその中にある生き物がこう言うのを聞いた。 「御座にすわる方と、小羊とに、賛美と誉れと栄光と力が永遠にあるように。」
66008008	Description	第二の御使いがラッパを吹き鳴らした。すると、火の燃えている大きな山のようなものが、海に投げ込まれた。そして海の三分の一が血となった。
44007058	Violence	そして彼を町の外に追い出して、石で打ち殺した。証人たちは、自分たちの着物をサウロという青年の足もとに置いた。
45015011	Faith	さらにまた、 「すべての異邦人よ。主をほめよ。 もろもろの国民よ。主をたたえよ。」
45011036	Faith	というのは、すべてのことが、神から発し、神によって成り、神に至るからです。どうか、この神に、栄光がとこしえにありますように。アーメン。
43001029	Faith	その翌日、ヨハネは自分のほうにイエスが来られるのを見て言った。「見よ、世の罪を取り除く神の小羊。
58011031	Description	信仰によって、遊女ラハブは、偵察に来た人たちを穏やかに受け入れたので、不従順な人たちといっしょに滅びることを免れました。
43010010	Grace	盗人が来るのは、ただ盗んだり、殺したり、滅ぼしたりするだけのためです。わたしが来たのは、羊がいのちを得、またそれを豊かに持つためです。
50003020	Faith	けれども、私たちの国籍は天にあります。そこから主イエス・キリストが救い主としておいでになるのを、私たちは待ち望んでいます。
45015007	Recommendation	こういうわけですから、キリストが神の栄光のために、私たちを受け入れてくださったように、あなたがたも互いに受け入れなさい。
44021024	Recommendation	この人たちを連れて、あなたも彼らといっしょに身を清め、彼らが頭をそる費用を出してやりなさい。そうすれば、あなたについて聞かされていることは根も葉もないことで、あなたも律法を守って正しく歩んでいることが、みなにわかるでしょう。
45004012	Faith	また割礼のある者の父となるためです。すなわち、割礼を受けているだけではなく、私たちの父アブラハムが無割礼のときに持った信仰の足跡に従って歩む者の父となるためです。
44001026	Description	そしてふたりのためにくじを引くと、くじはマッテヤに当たったので、彼は十一人の使徒たちに加えられた。
45004007	Grace	「不法を赦され、罪をおおわれた人たちは、 幸いである。
66011004	Description	彼らは全地の主の御前にある二本のオリーブの木、また二つの燭台である。
59004009	Recommendation	あなたがたは、苦しみなさい。悲しみなさい。泣きなさい。あなたがたの笑いを悲しみに、喜びを憂いに変えなさい。
64001011	Recommendation	愛する者よ。悪を見ならわないで、善を見ならいなさい。善を行なう者は神から出た者であり、悪を行なう者は神を見たことのない者です。
45004011	Faith	彼は、割礼を受けていないとき信仰によって義と認められたことの証印として、割礼というしるしを受けたのです。それは、彼が、割礼を受けないままで信じて義と認められるすべての人の父となり、
45006007	Grace	死んでしまった者は、罪から解放されているのです。
47004010	Faith	いつでもイエスの死をこの身に帯びていますが、それは、イエスのいのちが私たちの身において明らかに示されるためです。
50002021	Sin	だれもみな自分自身のことを求めるだけで、キリスト・イエスのことを求めてはいません。
58011011	Faith	信仰によって、サラも、すでにその年を過ぎた身であるのに、子を宿す力を与えられました。彼女は約束してくださった方を真実な方と考えたからです。
43006039	Grace	わたしを遣わした方のみこころは、わたしに与えてくださったすべての者を、わたしがひとりも失うことなく、ひとりひとりを終わりの日によみがえらせることです。
46008006	Faith	私たちには、父なる唯一の神がおられるだけで、すべてのものはこの神から出ており、私たちもこの神のために存在しているのです。また、唯一の主なるイエス・キリストがおられるだけで、すべてのものはこの主によって存在し、私たちもこの主によって存在するのです。
52003006	Description	ところが、今テモテがあなたがたのところから私たちのもとに帰って来て、あなたがたの信仰と愛について良い知らせをもたらしてくれました。また、あなたがたが、いつも私たちのことを親切に考えていて、私たちがあなたがたに会いたいと思うように、あなたがたも、しきりに私たちに会いたがっていることを、知らせてくれました。
60005004	Grace	そうすれば、大牧者が現われるときに、あなたがたは、しぼむことのない栄光の冠を受けるのです。
47003012	Faith	このような望みを持っているので、私たちはきわめて大胆に語ります。
61002012	Sin	ところがこの者どもは、捕えられ殺されるために自然に生まれついた、理性のない動物と同じで、自分が知りもしないことをそしるのです。それで動物が滅ぼされるように、彼らも滅ぼされてしまうのです。
43012006	Sin	しかしこう言ったのは、彼が貧しい人々のことを心にかけていたからではなく、彼は盗人であって、金入れを預かっていたが、その中に収められたものを、いつも盗んでいたからである。
62004016	Faith	私たちは、私たちに対する神の愛を知り、また信じています。神は愛です。愛のうちにいる者は神のうちにおり、神もその人のうちにおられます。
44011019	Description	さて、ステパノのことから起こった迫害によって散らされた人々は、フェニキヤ、キプロス、アンテオケまでも進んで行ったが、ユダヤ人以外の者にはだれにも、みことばを語らなかった。
54006006	Faith	しかし、満ち足りる心を伴う敬虔こそ、大きな利益を受ける道です。
66013007	Violence	彼はまた聖徒たちに戦いをいどんで打ち勝つことが許され、また、あらゆる部族、民族、国語、国民を支配する権威を与えられた。
60002020	Faith	罪を犯したために打ちたたかれて、それを耐え忍んだからといって、何の誉れになるでしょう。けれども、善を行なっていて苦しみを受け、それを耐え忍ぶとしたら、それは、神に喜ばれることです。
58009015	Grace	こういうわけで、キリストは新しい契約の仲介者です。それは、初めの契約のときの違反を贖うための死が実現したので、召された者たちが永遠の資産の約束を受けることができるためなのです。
45006001	Sin	それでは、どういうことになりますか。恵みが増し加わるために、私たちは罪の中にとどまるべきでしょうか。
49005004	Recommendation	また、みだらなことや、愚かな話や、下品な冗談を避けなさい。そのようなことは良くないことです。むしろ、感謝しなさい。
66006008	Violence	私は見た。見よ。青ざめた馬であった。これに乗っている者の名は死といい、そのあとにはハデスがつき従った。彼らに地上の四分の一を剣とききんと死病と地上の獣によって殺す権威が与えられた。
45004016	Faith	そのようなわけで、世界の相続人となることは、信仰によるのです。それは、恵みによるためであり、こうして約束がすべての子孫に、すなわち、律法を持っている人々にだけでなく、アブラハムの信仰にならう人々にも保証されるためなのです。「わたしは、あなたをあらゆる国の人々の父とした。」と書いてあるとおりに、アブラハムは私たちすべての者の父なのです。
44028018	Description	ローマ人は私を取り調べましたが、私を死刑にする理由が何もなかったので、私を釈放しようと思ったのです。
45009016	Grace	したがって、事は人間の願いや努力によるのではなく、あわれんでくださる神によるのです。
46010008	Sin	また、私たちは、彼らのある人たちが姦淫をしたのにならって姦淫をすることはないようにしましょう。彼らは姦淫のゆえに一日に二万三千人死にました。
45007023	Sin	私のからだの中には異なった律法があって、それが私の心の律法に対して戦いをいどみ、私を、からだの中にある罪の律法のとりこにしているのを見いだすのです。
58006001	Faith	ですから、私たちは、キリストについての初歩の教えをあとにして、成熟を目ざして進もうではありませんか。死んだ行ないからの回心、神に対する信仰、
46016011	Recommendation	だれも彼を軽んじてはいけません。彼を平安のうちに送り出して、私のところに来させてください。私は、彼が兄弟たちとともに来るのを待ち望んでいます。
59002014	Faith	私の兄弟たち。だれかが自分には信仰があると言っても、その人に行ないがないなら、何の役に立ちましょう。そのような信仰がその人を救うことができるでしょうか。
43007025	Description	そこで、エルサレムのある人たちが言った。「この人は、彼らが殺そうとしている人ではないか。
43020022	Faith	そして、こう言われると、彼らに息を吹きかけて言われた。「聖霊を受けなさい。
45010003	Sin	というのは、彼らは神の義を知らず、自分自身の義を立てようとして、神の義に従わなかったからです。
62005010	Faith	神の御子を信じる者は、このあかしを自分の心の中に持っています。神を信じない者は、神を偽り者とするのです。神が御子についてあかしされたことを信じないからです。
43014012	Faith	まことに、まことに、あなたがたに告げます。わたしを信じる者は、わたしの行なうわざを行ない、またそれよりもさらに大きなわざを行ないます。わたしが父のもとに行くからです。
56002009	Recommendation	奴隷には、すべての点で自分の主人に従って、満足を与え、口答えせず、
58012015	Recommendation	そのためには、あなたがたはよく監督して、だれも神の恵みから落ちる者がないように、また、苦い根が芽を出して悩ましたり、これによって多くの人が汚されたりすることのないように、
54003007	Recommendation	また、教会外の人々にも評判の良い人でなければいけません。そしりを受け、悪魔のわなに陥らないためです。
49004007	Grace	しかし、私たちはひとりひとり、キリストの賜物の量りに従って恵みを与えられました。
66016003	Description	第二の御使いが鉢を海にぶちまけた。すると、海は死者の血のような血になった。海の中のいのちのあるものは、みな死んだ。
49006006	Recommendation	人のごきげんとりのような、うわべだけの仕え方でなく、キリストのしもべとして、心から神のみこころを行ない、
60003016	Recommendation	ただし、優しく、慎み恐れて、また、正しい良心をもって弁明しなさい。そうすれば、キリストにあるあなたがたの正しい生き方をののしる人たちが、あなたがたをそしったことで恥じ入るでしょう。
43006040	Faith	事実、わたしの父のみこころは、子を見て信じる者がみな永遠のいのちを持つことです。わたしはその人たちをひとりひとり終わりの日によみがえらせます。」
44012023	Violence	するとたちまち、主の使いがヘロデを打った。ヘロデが神に栄光を帰さなかったからである。彼は虫にかまれて息が絶えた。
47001003	Grace	私たちの主イエス・キリストの父なる神、慈愛の父、すべての慰めの神がほめたたえられますように。
54001006	Sin	ある人たちはこの目当てを見失い、わき道にそれて無益な議論に走り、
45001016	Faith	私は福音を恥とは思いません。福音は、ユダヤ人をはじめギリシヤ人にも、信じるすべての人にとって、救いを得させる神の力です。
46003011	Description	というのは、だれも、すでに据えられている土台のほかに、ほかの物を据えることはできないからです。その土台とはイエス・キリストです。
49005033	Recommendation	それはそうとして、あなたがたも、おのおの自分の妻を自分と同様に愛しなさい。妻もまた自分の夫を敬いなさい。
51002013	Grace	あなたがたは罪によって、また肉の割礼がなくて死んだ者であったのに、神は、そのようなあなたがたを、キリストとともに生かしてくださいました。それは、私たちのすべての罪を赦し、
54004014	Recommendation	長老たちによる按手を受けたとき、預言によって与えられた、あなたのうちにある聖霊の賜物を軽んじてはいけません。
66021001	Description	また私は、新しい天と新しい地とを見た。以前の天と、以前の地は過ぎ去り、もはや海もない。
52005016	Recommendation	いつも喜んでいなさい。
66009006	Description	その期間には、人々は死を求めるが、どうしても見いだせず、死を願うが、死が彼らから逃げて行くのである。
52004014	Faith	私たちはイエスが死んで復活されたことを信じています。それならば、神はまたそのように、イエスにあって眠った人々をイエスといっしょに連れて来られるはずです。
62004015	Faith	だれでも、イエスを神の御子と告白するなら、神はその人のうちにおられ、その人も神のうちにいます。
49004022	Recommendation	その教えとは、あなたがたの以前の生活について言うならば、人を欺く情欲によって滅びて行く古い人を脱ぎ捨てるべきこと、
43010009	Grace	わたしは門です。だれでも、わたしを通ってはいるなら、救われます。また安らかに出入りし、牧草を見つけます。
58011037	Violence	また、石で打たれ、試みを受け、のこぎりで引かれ、剣で切り殺され、羊ややぎの皮を着て歩き回り、乏しくなり、悩まされ、苦しめられ、
62002029	Faith	もしあなたがたが、神は正しい方であると知っているなら、義を行なう者がみな神から生まれたこともわかるはずです。
44013047	Grace	なぜなら、主は私たちに、こう命じておられるからです。 『わたしはあなたを立てて、異邦人の光とした。 あなたが地の果てまでも救いをもたらすためである。』」
47004002	Faith	恥ずべき隠された事を捨て、悪巧みに歩まず、神のことばを曲げず、真理を明らかにし、神の御前で自分自身をすべての人の良心に推薦しています。
44002033	Description	ですから、神の右に上げられたイエスが、御父から約束された聖霊を受けて、今あなたがたが見聞きしているこの聖霊をお注ぎになったのです。
51003010	Recommendation	新しい人を着たのです。新しい人は、造り主のかたちに似せられてますます新しくされ、真の知識に至るのです。
43011004	Faith	イエスはこれを聞いて、言われた。「この病気は死で終わるだけのものではなく、神の栄光のためのものです。神の子がそれによって栄光を受けるためです。」
45001017	Faith	なぜなら、福音のうちには神の義が啓示されていて、その義は、信仰に始まり信仰に進ませるからです。「義人は信仰によって生きる。」と書いてあるとおりです。
43019017	Description	彼らはイエスを受け取った。そして、イエスはご自分で十字架を負って、「どくろの地」という場所（ヘブル語でゴルゴタと言われる）に出て行かれた。
45012006	Faith	私たちは、与えられた恵みに従って、異なった賜物を持っているので、もしそれが預言であれば、その信仰に応じて預言しなさい。
66004007	Description	第一の生き物は、ししのようであり、第二の生き物は雄牛のようであり、第三の生き物は人間のような顔を持ち、第四の生き物は空飛ぶわしのようであった。
49005015	Recommendation	そういうわけですから、賢くない人のようにではなく、賢い人のように歩んでいるかどうか、よくよく注意し、
45010012	Grace	ユダヤ人とギリシヤ人との区別はありません。同じ主が、すべての人の主であり、主を呼び求めるすべての人に対して恵み深くあられるからです。
45010004	Faith	キリストが律法を終わらせられたので、信じる人はみな義と認められるのです。
50004006	Recommendation	何も思い煩わないで、あらゆるばあいに、感謝をもってささげる祈りと願いによって、あなたがたの願い事を神に知っていただきなさい。
46010006	Faith	これらのことが起こったのは、私たちへの戒めのためです。それは、彼らがむさぼったように私たちが悪をむさぼることのないためです。
66009002	Description	その星が、底知れぬ穴を開くと、穴から大きな炉の煙のような煙が立ち上り、太陽も空も、この穴の煙によって暗くなった。
52004006	Recommendation	また、このようなことで、兄弟を踏みつけたり、欺いたりしないことです。なぜなら、主はこれらすべてのことについて正しくさばかれるからです。これは、私たちが前もってあなたがたに話し、きびしく警告しておいたところです。
47005017	Faith	だれでもキリストのうちにあるなら、その人は新しく造られた者です。古いものは過ぎ去って、見よ、すべてが新しくなりました。
43005020	Faith	それは、父が子を愛して、ご自分のなさることをみな、子にお示しになるからです。また、これよりもさらに大きなわざを子に示されます。それは、あなたがたが驚き怪しむためです。
49004028	Recommendation	盗みをしている者は、もう盗んではいけません。かえって、困っている人に施しをするため、自分の手をもって正しい仕事をし、ほねおって働きなさい。
57001022	Recommendation	それにまた、私の宿の用意もしておいてください。あなたがたの祈りによって、私もあなたがたのところに行けることと思っています。
58013009	Recommendation	さまざまの異なった教えによって迷わされてはなりません。食物によってではなく、恵みによって心を強めるのは良いことです。食物に気を取られた者は益を得ませんでした。
52005012	Recommendation	兄弟たちよ。あなたがたにお願いします。あなたがたの間で労苦し、主にあってあなたがたを指導し、訓戒している人々を認めなさい。
43009022	Description	彼の両親がこう言ったのは、ユダヤ人たちを恐れたからであった。すでにユダヤ人たちは、イエスをキリストであると告白する者があれば、その者を会堂から追放すると決めていたからである。
50003003	Faith	神の御霊によって礼拝をし、キリスト・イエスを誇り、人間的なものを頼みにしない私たちのほうこそ、割礼の者なのです。
62003023	Faith	神の命令とは、私たちが御子イエス・キリストの御名を信じ、キリストが命じられたとおりに、私たちが互いに愛し合うことです。
66013011	Description	また、私は見た。もう一匹の獣が地から上って来た。それには小羊のような二本の角があり、竜のようにものを言った。
46014020	Recommendation	兄弟たち。物の考え方において子どもであってはなりません。悪事においては幼子でありなさい。しかし考え方においてはおとなになりなさい。
59005013	Recommendation	あなたがたのうちに苦しんでいる人がいますか。その人は祈りなさい。喜んでいる人がいますか。その人は賛美しなさい。
58012012	Recommendation	ですから、弱った手と衰えたひざとを、まっすぐにしなさい。
60001017	Recommendation	また、人をそれぞれのわざに従って公平にさばかれる方を父と呼んでいるのなら、あなたがたが地上にしばらくとどまっている間の時を、恐れかしこんで過ごしなさい。
58010036	Recommendation	あなたがたが神のみこころを行なって、約束のものを手に入れるために必要なのは忍耐です。
58011001	Faith	信仰は望んでいる事がらを保証し、目に見えないものを確信させるものです。
49004017	Recommendation	そこで私は、主にあって言明し、おごそかに勧めます。もはや、異邦人がむなしい心で歩んでいるように歩んではなりません。
51002016	Recommendation	こういうわけですから、食べ物と飲み物について、あるいは、祭りや新月や安息日のことについて、だれにもあなたがたを批評させてはなりません。
66007015	Faith	だから彼らは神の御座の前にいて、聖所で昼も夜も、神に仕えているのです。そして、御座に着いておられる方も、彼らの上に幕屋を張られるのです。
44020010	Description	パウロは降りて来て、彼の上に身をかがめ、彼を抱きかかえて、「心配することはない。まだいのちがあります。」と言った。
55002010	Faith	ですから、私は選ばれた人たちのために、すべてのことを耐え忍びます。それは、彼らもまたキリスト・イエスにある救いと、それとともに、とこしえの栄光を受けるようになるためです。
60005014	Recommendation	愛の口づけをもって互いにあいさつをかわしなさい。 キリストにあるあなたがたすべての者に、平安がありますように。
49005021	Recommendation	キリストを恐れ尊んで、互いに従いなさい。
61003017	Recommendation	愛する人たち。そういうわけですから、このことをあらかじめ知っておいて、よく気をつけ、無節操な者たちの迷いに誘い込まれて自分自身の堅実さを失うことにならないようにしなさい。
51003018	Recommendation	妻たちよ。主にある者にふさわしく、夫に従いなさい。
54005020	Recommendation	罪を犯している者をすべての人の前で責めなさい。ほかの人をも恐れさせるためです。
45014013	Recommendation	ですから、私たちは、もはや互いにさばき合うことのないようにしましょう。いや、それ以上に、兄弟にとって妨げになるもの、つまずきになるものを置かないように決心しなさい。
45002010	Grace	栄光と誉れと平和は、ユダヤ人をはじめギリシヤ人にも、善を行なうすべての者の上にあります。
58011034	Violence	火の勢いを消し、剣の刃をのがれ、弱い者なのに強くされ、戦いの勇士となり、他国の陣営を陥れました。
48006017	Faith	これからは、だれも私を煩わさないようにしてください。私は、この身に、イエスの焼き印を帯びているのですから。
66018021	Violence	また、ひとりの強い御使いが、大きい、ひき臼のような石を取り上げ、海に投げ入れて言った。「大きな都バビロンは、このように激しく打ち倒されて、もはやなくなって消えうせてしまう。
65001020	Faith	しかし、愛する人々よ。あなたがたは、自分の持っている最もきよい信仰の上に自分自身を築き上げ、聖霊によって祈り、
45012002	Recommendation	この世と調子を合わせてはいけません。いや、むしろ、神のみこころは何か、すなわち、何が良いことで、神に受け入れられ、完全であるのかをわきまえ知るために、心の一新によって自分を変えなさい。
46015009	Sin	私は使徒の中では最も小さい者であって、使徒と呼ばれる価値のない者です。なぜなら、私は神の教会を迫害したからです。
62002015	Recommendation	世をも、世にあるものをも、愛してはなりません。もしだれでも世を愛しているなら、その人のうちに御父を愛する愛はありません。
45002001	Sin	ですから、すべて他人をさばく人よ。あなたに弁解の余地はありません。あなたは、他人をさばくことによって、自分自身を罪に定めています。さばくあなたが、それと同じことを行なっているからです。
48002009	Description	そして、私に与えられたこの恵みを認め、柱として重んじられているヤコブとケパとヨハネが、私とバルナバに、交わりのしるしとして右手を差し伸べました。それは、私たちが異邦人のところへ行き、彼らが割礼を受けた人々のところへ行くためです。
43019023	Description	さて、兵士たちは、イエスを十字架につけると、イエスの着物を取り、ひとりの兵士に一つずつあたるよう四分した。また下着をも取ったが、それは上から全部一つに織った、縫い目なしのものであった。
45002021	Sin	どうして、人を教えながら、自分自身を教えないのですか。盗むなと説きながら、自分は盗むのですか。
46006019	Faith	あなたがたのからだは、あなたがたのうちに住まれる、神から受けた聖霊の宮であり、あなたがたは、もはや自分自身のものではないことを、知らないのですか。
47005014	Grace	というのは、キリストの愛が私たちを取り囲んでいるからです。私たちはこう考えました。ひとりの人がすべての人のために死んだ以上、すべての人が死んだのです。
58003001	Faith	そういうわけですから、天の召しにあずかっている聖なる兄弟たち。私たちの告白する信仰の使徒であり、大祭司であるイエスのことを考えなさい。
44020035	Recommendation	このように労苦して弱い者を助けなければならないこと、また、主イエスご自身が、『受けるよりも与えるほうが幸いである。』と言われたみことばを思い出すべきことを、私は、万事につけ、あなたがたに示して来たのです。」
58013004	Recommendation	結婚がすべての人に尊ばれるようにしなさい。寝床を汚してはいけません。なぜなら、神は不品行な者と姦淫を行なう者とをさばかれるからです。
43020005	Description	そして、からだをかがめてのぞき込み、亜麻布が置いてあるのを見たが、中にはいらなかった。
66016018	Description	すると、いなずまと声と雷鳴があり、大きな地震があった。この地震は人間が地上に住んで以来、かつてなかったほどのもので、それほどに大きな、強い地震であった。
66019010	Faith	そこで、私は彼を拝もうとして、その足もとにひれ伏した。すると、彼は私に言った。「いけません。私は、あなたや、イエスのあかしを堅く保っているあなたの兄弟たちと同じしもべです。神を拝みなさい。イエスのあかしは預言の霊です。」
46002010	Grace	神はこれを、御霊によって私たちに啓示されたのです。御霊はすべてのことを探り、神の深みにまで及ばれるからです。
50002029	Recommendation	ですから、喜びにあふれて、主にあって、彼を迎えてください。また、彼のような人々には尊敬を払いなさい。
51003020	Recommendation	子どもたちよ。すべてのことについて、両親に従いなさい。それは主に喜ばれることだからです。
47001012	Faith	私たちがこの世の中で、特にあなたがたに対して、きよさと神から来る誠実さとをもって、人間的な知恵によらず、神の恵みによって行動していることは、私たちの良心のあかしするところであって、これこそ私たちの誇りです。
43014021	Faith	わたしの戒めを保ち、それを守る人は、わたしを愛する人です。わたしを愛する人はわたしの父に愛され、わたしもその人を愛し、わたし自身を彼に現わします。」
51002023	Sin	そのようなものは、人間の好き勝手な礼拝とか、謙遜とか、または、肉体の苦行などのゆえに賢いもののように見えますが、肉のほしいままな欲望に対しては、何のききめもないのです。
64001006	Recommendation	彼らは教会の集まりであなたの愛についてあかししました。あなたが神にふさわしいしかたで彼らを次の旅に送り出してくれるなら、それはりっぱなことです。
55002023	Recommendation	愚かで、無知な思弁を避けなさい。それが争いのもとであることは、あなたが知っているとおりです。
47003018	Faith	私たちはみな、顔のおおいを取りのけられて、鏡のように主の栄光を反映させながら、栄光から栄光へと、主と同じかたちに姿を変えられて行きます。これはまさに、御霊なる主の働きによるのです。
58009014	Grace	まして、キリストが傷のないご自身を、とこしえの御霊によって神におささげになったその血は、どんなにか私たちの良心をきよめて死んだ行ないから離れさせ、生ける神に仕える者とすることでしょう。
44011017	Grace	こういうわけですから、私たちが主イエス・キリストを信じたとき、神が私たちに下さったのと同じ賜物を、彼らにもお授けになったのなら、どうして私などが神のなさることを妨げることができましょう。」
49004030	Faith	神の聖霊を悲しませてはいけません。あなたがたは、贖いの日のために、聖霊によって証印を押されているのです。
66003003	Recommendation	だから、あなたがどのように受け、また聞いたのかを思い出しなさい。それを堅く守り、また悔い改めなさい。もし、目をさまさなければ、わたしは盗人のように来る。あなたには、わたしがいつあなたのところに来るか、決してわからない。
62003007	Recommendation	子どもたちよ。だれにも惑わされてはいけません。義を行なう者は、キリストが正しくあられるのと同じように正しいのです。
62004001	Recommendation	愛する者たち。霊だからといって、みな信じてはいけません。それらの霊が神からのものかどうかを、ためしなさい。なぜなら、にせ預言者がたくさん世に出て来たからです。
44013038	Grace	ですから、兄弟たち。あなたがたに罪の赦しが宣べられているのはこの方によるということを、よく知っておいてください。
50003001	Recommendation	最後に、私の兄弟たち。主にあって喜びなさい。前と同じことを書きますが、これは、私には煩わしいことではなく、あなたがたの安全のためにもなることです。
46011034	Recommendation	空腹な人は家で食べなさい。それは、あなたがたが集まることによって、さばきを受けることにならないためです。その他のことについては、私が行ったときに決めましょう。
43018031	Description	そこでピラトは彼らに言った。「あなたがたがこの人を引き取り、自分たちの律法に従ってさばきなさい。」ユダヤ人たちは彼に言った。「私たちには、だれを死刑にすることも許されてはいません。」
46012031	Faith	あなたがたは、よりすぐれた賜物を熱心に求めなさい。 また私は、さらにまさる道を示してあげましょう。
58007026	Description	また、このようにきよく、悪も汚れもなく、罪人から離れ、また、天よりも高くされた大祭司こそ、私たちにとってまさに必要な方です。
50004013	Faith	私は、私を強くしてくださる方によって、どんなことでもできるのです。
52004003	Recommendation	神のみこころは、あなたがたがきよくなることです。あなたがたが不品行を避け、
51004002	Recommendation	目をさまして、感謝をもって、たゆみなく祈りなさい。
44007029	Description	このことばを聞いたモーセは、逃げてミデアンの地に身を寄せ、そこで男の子ふたりをもうけました。
46011007	Description	男はかぶり物を着けるべきではありません。男は神の似姿であり、神の栄光の現われだからです。女は男の栄光の現われです。
51003015	Faith	キリストの平和が、あなたがたの心を支配するようにしなさい。そのためにこそあなたがたも召されて一体となったのです。また、感謝の心を持つ人になりなさい。
58002010	Grace	神が多くの子たちを栄光に導くのに、彼らの救いの創始者を、多くの苦しみを通して全うされたということは、万物の存在の目的であり、また原因でもある方として、ふさわしいことであったのです。
59004001	Sin	何が原因で、あなたがたの間に戦いや争いがあるのでしょう。あなたがたのからだの中で戦う欲望が原因ではありませんか。
46005001	Sin	あなたがたの間に不品行があるということが言われています。しかもそれは、異邦人の中にもないほどの不品行で、父の妻を妻にしている者がいるとのことです。
46010013	Faith	あなたがたの会った試練はみな人の知らないようなものではありません。神は真実な方ですから、あなたがたを耐えることのできないような試練に会わせるようなことはなさいません。むしろ、耐えることのできるように、試練とともに、脱出の道も備えてくださいます。
44020029	Violence	私が出発したあと、狂暴な狼があなたがたの中にはいり込んで来て、群れを荒らし回ることを、私は知っています。
53001004	Faith	それゆえ私たちは、神の諸教会の間で、あなたがたがすべての迫害と患難とに耐えながらその従順と信仰とを保っていることを、誇りとしています。
62004012	Faith	いまだかつて、だれも神を見た者はありません。もし私たちが互いに愛し合うなら、神は私たちのうちにおられ、神の愛が私たちのうちに全うされるのです。
48001001	Description	使徒となったパウロ――私が使徒となったのは、人間から出たことでなく、また人間の手を通したことでもなく、イエス・キリストと、キリストを死者の中からよみがえらせた父なる神によったのです。――
58012003	Recommendation	あなたがたは、罪人たちのこのような反抗を忍ばれた方のことを考えなさい。それは、あなたがたの心が元気を失い、疲れ果ててしまわないためです。
45006005	Faith	もし私たちが、キリストにつぎ合わされて、キリストの死と同じようになっているのなら、必ずキリストの復活とも同じようになるからです。
45015010	Recommendation	また、こうも言われています。 「異邦人よ。主の民とともに喜べ。」
54004001	Sin	しかし、御霊が明らかに言われるように、後の時代になると、ある人たちは惑わす霊と悪霊の教えとに心を奪われ、信仰から離れるようになります。
56003001	Recommendation	あなたは彼らに注意を与えて、支配者たちと権威者たちに服従し、従順で、すべての良いわざを進んでする者とならせなさい。
61003005	Sin	こう言い張る彼らは、次のことを見落としています。すなわち、天は古い昔からあり、地は神のことばによって水から出て、水によって成ったのであって、
60003018	Grace	キリストも一度罪のために死なれました。正しい方が悪い人々の身代わりとなったのです。それは、肉においては死に渡され、霊においては生かされて、私たちを神のみもとに導くためでした。
61002021	Sin	義の道を知っていながら、自分に伝えられたそのきよい命令にそむくよりは、それを知らなかったほうが、彼らにとってよかったのです。
53003006	Recommendation	兄弟たちよ。主イエス・キリストの御名によって命じます。締まりのない歩み方をして私たちから受けた言い伝えに従わないでいる、すべての兄弟たちから離れていなさい。
45005012	Sin	そういうわけで、ちょうどひとりの人によって罪が世界にはいり、罪によって死がはいり、こうして死が全人類に広がったのと同様に、――それというのも全人類が罪を犯したからです。
58011033	Faith	彼らは、信仰によって、国々を征服し、正しいことを行ない、約束のものを得、ししの口をふさぎ、
47004009	Faith	迫害されていますが、見捨てられることはありません。倒されますが、滅びません。
59004004	Sin	貞操のない人たち。世を愛することは神に敵することであることがわからないのですか。世の友となりたいと思ったら、その人は自分を神の敵としているのです。
44016006	Description	それから彼らは、アジヤでみことばを語ることを聖霊によって禁じられたので、フルギヤ・ガラテヤの地方を通った。
45010006	Faith	しかし、信仰による義はこう言います。「あなたは心の中で、だれが天に上るだろうか、と言ってはいけない。」それはキリストを引き降ろすことです。
66016002	Violence	そこで、第一の御使いが出て行き、鉢を地に向けてぶちまけた。すると、獣の刻印を受けている人々と、獣の像を拝む人々に、ひどい悪性のはれものができた。
66005008	Description	彼が巻き物を受け取ったとき、四つの生き物と二十四人の長老は、おのおの、立琴と、香のいっぱいはいった金の鉢とを持って、小羊の前にひれ伏した。この香は聖徒たちの祈りである。
62005001	Faith	イエスがキリストであると信じる者はだれでも、神によって生まれたのです。生んでくださった方を愛する者はだれでも、その方によって生まれた者をも愛します。
48005026	Recommendation	互いにいどみ合ったり、そねみ合ったりして、虚栄に走ることのないようにしましょう。
54005001	Recommendation	年寄りをしかってはいけません。むしろ、父親に対するように勧めなさい。若い人たちには兄弟に対するように、
60002012	Recommendation	異邦人の中にあって、りっぱにふるまいなさい。そうすれば、彼らは、何かのことであなたがたを悪人呼ばわりしていても、あなたがたのそのりっぱな行ないを見て、おとずれの日に神をほめたたえるようになります。
50003006	Sin	その熱心は教会を迫害したほどで、律法による義についてならば非難されるところのない者です。
43004052	Description	そこで子どもがよくなった時刻を彼らに尋ねると、「きのう、七時に熱がひきました。」と言った。
43019031	Violence	その日は備え日であったため、ユダヤ人たちは安息日に（その安息日は大いなる日であったので）、死体を十字架の上に残しておかないように、すねを折ってそれを取りのける処置をピラトに願った。
43019012	Description	こういうわけで、ピラトはイエスを釈放しようと努力した。しかし、ユダヤ人たちは激しく叫んで言った。「もしこの人を釈放するなら、あなたはカイザルの味方ではありません。自分を王だとする者はすべて、カイザルにそむくのです。」
43014001	Faith	「あなたがたは心を騒がしてはなりません。神を信じ、またわたしを信じなさい。
50001028	Faith	また、どんなことがあっても、反対者たちに驚かされることはないと。それは、彼らにとっては滅びのしるしであり、あなたがたにとっては救いのしるしです。これは神から出たことです。
43015016	Grace	あなたがたがわたしを選んだのではありません。わたしがあなたがたを選び、あなたがたを任命したのです。それは、あなたがたが行って実を結び、そのあなたがたの実が残るためであり、また、あなたがたがわたしの名によって父に求めるものは何でも、父があなたがたにお与えになるためです。
58011004	Faith	信仰によって、アベルはカインよりもすぐれたいけにえを神にささげ、そのいけにえによって彼が義人であることの証明を得ました。神が、彼のささげ物を良いささげ物だとあかししてくださったからです。彼は死にましたが、その信仰によって、今もなお語っています。
46004001	Recommendation	こういうわけで、私たちを、キリストのしもべ、また神の奥義の管理者だと考えなさい。
66006013	Description	そして天の星が地上に落ちた。それは、いちじくが、大風に揺られて、青い実を振り落とすようであった。
46010014	Recommendation	ですから、私の愛する者たちよ。偶像礼拝を避けなさい。
45012021	Recommendation	悪に負けてはいけません。かえって、善をもって悪に打ち勝ちなさい。
55002014	Recommendation	これらのことを人々に思い出させなさい。そして何の益にもならず、聞いている人々を滅ぼすことになるような、ことばについての論争などしないように、神の御前できびしく命じなさい。
59004008	Recommendation	神に近づきなさい。そうすれば、神はあなたがたに近づいてくださいます。罪ある人たち。手を洗いきよめなさい。二心の人たち。心をきよくしなさい。
59002009	Sin	しかし、もし人をえこひいきするなら、あなたがたは罪を犯しており、律法によって違反者として責められます。
52004007	Grace	神が私たちを召されたのは、汚れを行なわせるためではなく、聖潔を得させるためです。
45001018	Sin	というのは、不義をもって真理をはばんでいる人々のあらゆる不敬虔と不正に対して、神の怒りが天から啓示されているからです。
62004007	Faith	愛する者たち。私たちは、互いに愛し合いましょう。愛は神から出ているのです。愛のある者はみな神から生まれ、神を知っています。
62002009	Sin	光の中にいると言いながら、兄弟を憎んでいる者は、今もなお、やみの中にいるのです。
60004014	Grace	もしキリストの名のために非難を受けるなら、あなたがたは幸いです。なぜなら、栄光の御霊、すなわち神の御霊が、あなたがたの上にとどまってくださるからです。
44021019	Grace	彼らにあいさつしてから、パウロは彼の奉仕を通して神が異邦人の間でなさったことを、一つ一つ話しだした。
43008046	Sin	あなたがたのうちだれか、わたしに罪があると責める者がいますか。わたしが真理を話しているなら、なぜわたしを信じないのですか。
58010017	Grace	「わたしは、もはや決して彼らの罪と不法とを思い出すことはしない。」
46001005	Grace	というのは、あなたがたは、ことばといい、知識といい、すべてにおいて、キリストにあって豊かな者とされたからです。
45015030	Recommendation	兄弟たち。私たちの主イエス・キリストによって、また、御霊の愛によって切にお願いします。私のために、私とともに力を尽くして神に祈ってください。
43007020	Violence	群衆は答えた。「あなたは悪霊につかれています。だれがあなたを殺そうとしているのですか。」
45003025	Grace	神は、キリスト・イエスを、その血による、また信仰による、なだめの供え物として、公にお示しになりました。それは、ご自身の義を現わすためです。というのは、今までに犯されて来た罪を神の忍耐をもって見のがして来られたからです。
43018018	Description	寒かったので、しもべたちや役人たちは、炭火をおこし、そこに立って暖まっていた。ペテロも彼らといっしょに、立って暖まっていた。
49006011	Recommendation	悪魔の策略に対して立ち向かうことができるために、神のすべての武具を身に着けなさい。
43013037	Faith	ペテロはイエスに言った。「主よ。なぜ今はあなたについて行くことができないのですか。あなたのためにはいのちも捨てます。」
50004007	Faith	そうすれば、人のすべての考えにまさる神の平安が、あなたがたの心と思いをキリスト・イエスにあって守ってくれます。
59003009	Faith	私たちは、舌をもって、主であり父である方をほめたたえ、同じ舌をもって、神にかたどって造られた人をのろいます。
46005010	Sin	それは、世の中の不品行な者、貪欲な者、略奪する者、偶像を礼拝する者と全然交際しないようにという意味ではありません。もしそうだとしたら、この世界から出て行かなければならないでしょう。
44026009	Sin	以前は、私自身も、ナザレ人イエスの名に強硬に敵対すべきだと考えていました。
61002014	Sin	その目は淫行に満ちており、罪に関しては飽くことを知らず、心の定まらない者たちを誘惑し、その心は欲に目がありません。彼らはのろいの子です。
43010012	Description	牧者でなく、また、羊の所有者でない雇い人は、狼が来るのを見ると、羊を置き去りにして、逃げて行きます。それで、狼は羊を奪い、また散らすのです。
59001019	Recommendation	愛する兄弟たち。あなたがたはそのことを知っているのです。しかし、だれでも、聞くには早く、語るにはおそく、怒るにはおそいようにしなさい。
46009014	Recommendation	同じように、主も、福音を宣べ伝える者が、福音の働きから生活のささえを得るように定めておられます。
43012046	Grace	わたしは光として世に来ました。わたしを信じる者が、だれもやみの中にとどまることのないためです。
43005014	Description	その後、イエスは宮の中で彼を見つけて言われた。「見なさい。あなたはよくなった。もう罪を犯してはなりません。そうでないともっと悪い事があなたの身に起こるから。」
46016014	Recommendation	いっさいのことを愛をもって行ないなさい。
43014015	Recommendation	もしあなたがたがわたしを愛するなら、あなたがたはわたしの戒めを守るはずです。
58012025	Recommendation	語っておられる方を拒まないように注意しなさい。なぜなら、地上においても、警告を与えた方を拒んだ彼らが処罰を免れることができなかったとすれば、まして天から語っておられる方に背を向ける私たちが、処罰を免れることができないのは当然ではありませんか。
48004008	Sin	しかし、神を知らなかった当時、あなたがたは本来は神でない神々の奴隷でした。
44003026	Grace	神は、まずそのしもべを立てて、あなたがたにお遣わしになりました。それは、この方があなたがたを祝福して、ひとりひとりをその邪悪な生活から立ち返らせてくださるためなのです。」
44010039	Violence	私たちは、イエスがユダヤ人の地とエルサレムとで行なわれたすべてのことの証人です。人々はこの方を木にかけて殺しました。
46001010	Recommendation	さて、兄弟たち。私は、私たちの主イエス・キリストの御名によって、あなたがたにお願いします。どうか、みなが一致して、仲間割れすることなく、同じ心、同じ判断を完全に保ってください。
51001021	Sin	あなたがたも、かつては神を離れ、心において敵となって、悪い行ないの中にあったのですが、
55002022	Recommendation	それで、あなたは、若い時の情欲を避け、きよい心で主を呼び求める人たちとともに、義と信仰と愛と平和を追い求めなさい。
51003001	Faith	こういうわけで、もしあなたがたが、キリストとともによみがえらされたのなら、上にあるものを求めなさい。そこにはキリストが、神の右に座を占めておられます。
66008007	Violence	第一の御使いがラッパを吹き鳴らした。すると、血の混じった雹と火とが現われ、地上に投げられた。そして地上の三分の一が焼け、木の三分の一も焼け、青草が全部焼けてしまった。
66011017	Faith	言った。 「万物の支配者、常にいまし、昔います神である主。あなたが、その偉大な力を働かせて、王となられたことを感謝します。
43004010	Grace	イエスは答えて言われた。「もしあなたが神の賜物を知り、また、あなたに水を飲ませてくれと言う者がだれであるかを知っていたなら、あなたのほうでその人に求めたことでしょう。そしてその人はあなたに生ける水を与えたことでしょう。」
51003004	Grace	私たちのいのちであるキリストが現われると、そのときあなたがたも、キリストとともに、栄光のうちに現われます。
43020031	Faith	しかし、これらのことが書かれたのは、イエスが神の子キリストであることを、あなたがたが信じるため、また、あなたがたが信じて、イエスの御名によっていのちを得るためである。
62004006	Faith	私たちは神から出た者です。神を知っている者は、私たちの言うことに耳を傾け、神から出ていない者は、私たちの言うことに耳を貸しません。私たちはこれで真理の霊と偽りの霊とを見分けます。
65001012	Description	彼らは、あなたがたの愛餐のしみです。恐れげもなくともに宴を張りますが、自分だけを養っている者であり、風に吹き飛ばされる、水のない雲、実を結ばない、枯れに枯れて、根こそぎにされた秋の木、
44005015	Description	ついに、人々は病人を大通りへ運び出し、寝台や寝床の上に寝かせ、ペテロが通りかかるときには、せめてその影でも、だれかにかかるようにするほどになった。
49006016	Faith	これらすべてのものの上に、信仰の大盾を取りなさい。それによって、悪い者が放つ火矢を、みな消すことができます。
51003023	Recommendation	何をするにも、人に対してではなく、主に対してするように、心からしなさい。
58012016	Recommendation	また、不品行の者や、一杯の食物と引き替えに自分のものであった長子の権利を売ったエサウのような俗悪な者がないようにしなさい。
43018040	Sin	すると彼らはみな、また大声をあげて、「この人ではない。バラバだ。」と言った。このバラバは強盗であった。
55003004	Sin	裏切る者、向こう見ずな者、慢心する者、神よりも快楽を愛する者になり、
50002009	Grace	それゆえ、神は、キリストを高く上げて、すべての名にまさる名をお与えになりました。
61001016	Description	私たちは、あなたがたに、私たちの主イエス・キリストの力と来臨とを知らせましたが、それは、うまく考え出した作り話に従ったのではありません。この私たちは、キリストの威光の目撃者なのです。
61003016	Sin	その中で、ほかのすべての手紙でもそうなのですが、このことについて語っています。その手紙の中には理解しにくいところもあります。無知な、心の定まらない人たちは、聖書の他の個所のばあいもそうするのですが、それらの手紙を曲解し、自分自身に滅びを招いています。
44014014	Description	これを聞いた使徒たち、バルナバとパウロは、衣を裂いて、群衆の中に駆け込み、叫びながら、
45015008	Faith	私は言います。キリストは、神の真理を現わすために、割礼のある者のしもべとなられました。それは先祖たちに与えられた約束を保証するためであり、
59001026	Sin	自分は宗教に熱心であると思っても、自分の舌にくつわをかけず、自分の心を欺いているなら、そのような人の宗教はむなしいものです。
43015020	Recommendation	しもべはその主人にまさるものではない、とわたしがあなたがたに言ったことばを覚えておきなさい。もし人々がわたしを迫害したなら、あなたがたをも迫害します。もし彼らがわたしのことばを守ったなら、あなたがたのことばをも守ります。
43008031	Faith	そこでイエスは、その信じたユダヤ人たちに言われた。「もしあなたがたが、わたしのことばにとどまるなら、あなたがたはほんとうにわたしの弟子です。
44007011	Description	ところが、エジプトとカナンとの全地にききんが起こり、大きな災難が襲って来たので、私たちの先祖たちには、食物がなくなりました。
63001004	Faith	あなたの子どもたちの中に、御父から私たちが受けた命令のとおりに真理のうちを歩んでいる人たちがあるのを知って、私は非常に喜んでいます。
54005008	Faith	もしも親族、ことに自分の家族を顧みない人がいるなら、その人は信仰を捨てているのであって、不信者よりも悪いのです。
58010022	Faith	そのようなわけで、私たちは、心に血の注ぎを受けて邪悪な良心をきよめられ、からだをきよい水で洗われたのですから、全き信仰をもって、真心から神に近づこうではありませんか。
48001023	Description	けれども、「以前私たちを迫害した者が、そのとき滅ぼそうとした信仰を今は宣べ伝えている。」と聞いてだけはいたので、
44027034	Recommendation	ですから、私はあなたがたに、食事をとることを勧めます。これであなたがたは助かることになるのです。あなたがたの頭から髪一筋も失われることはありません。」
66002003	Faith	あなたはよく忍耐して、わたしの名のために耐え忍び、疲れたことがなかった。
56002002	Recommendation	老人たちには、自制し、謹厳で、慎み深くし、信仰と愛と忍耐とにおいて健全であるように。
44017030	Recommendation	神は、そのような無知の時代を見過ごしておられましたが、今は、どこででもすべての人に悔い改めを命じておられます。
43019025	Description	兵士たちはこのようなことをしたが、イエスの十字架のそばには、イエスの母と母の姉妹と、クロパの妻のマリヤとマグダラのマリヤが立っていた。
66019013	Description	その方は血に染まった衣を着ていて、その名は「神のことば」と呼ばれた。
46008009	Recommendation	ただ、あなたがたのこの権利が、弱い人たちのつまずきとならないように、気をつけなさい。
44013034	Grace	神がイエスを死者の中からよみがえらせて、もはや朽ちることのない方とされたことについては、『わたしはダビデに約束した聖なる確かな祝福を、あなたがたに与える。』というように言われていました。
43014020	Faith	その日には、わたしが父におり、あなたがたがわたしにおり、わたしがあなたがたにおることが、あなたがたにわかります。
62002003	Faith	もし、私たちが神の命令を守るなら、それによって、私たちは神を知っていることがわかります。
43008024	Sin	それでわたしは、あなたがたが自分の罪の中で死ぬと、あなたがたに言ったのです。もしあなたがたが、わたしのことを信じなければ、あなたがたは自分の罪の中で死ぬのです。」
66017006	Sin	そして、私はこの女が、聖徒たちの血とイエスの証人たちの血に酔っているのを見た。私はこの女を見たとき、非常に驚いた。
58012017	Description	あなたがたが知っているとおり、彼は後になって祝福を相続したいと思ったが、退けられました。涙を流して求めても、彼には心を変えてもらう余地がありませんでした。
43007012	Description	そして群衆の間には、イエスについて、いろいろとひそひそ話がされていた。「良い人だ。」と言う者もあり、「違う。群衆を惑わしているのだ。」と言う者もいた。
44011021	Faith	そして、主の御手が彼らとともにあったので、大ぜいの人が信じて主に立ち返った。
52002004	Faith	私たちは神に認められて福音をゆだねられた者ですから、それにふさわしく、人を喜ばせようとしてではなく、私たちの心をお調べになる神を喜ばせようとして語るのです。
46015057	Grace	しかし、神に感謝すべきです。神は、私たちの主イエス・キリストによって、私たちに勝利を与えてくださいました。
54005005	Faith	ほんとうのやもめで、身寄りのない人は、望みを神に置いて、昼も夜も、絶えず神に願いと祈りをささげていますが、
43016024	Grace	あなたがたは今まで、何もわたしの名によって求めたことはありません。求めなさい。そうすれば受けるのです。それはあなたがたの喜びが満ち満ちたものとなるためです。
46007021	Recommendation	奴隷の状態で召されたのなら、それを気にしてはいけません。しかし、もし自由の身になれるなら、むしろ自由になりなさい。
65001019	Sin	この人たちは、御霊を持たず、分裂を起こし、生まれつきのままの人間です。
48001006	Sin	私は、キリストの恵みをもってあなたがたを召してくださったその方を、あなたがたがそんなにも急に見捨てて、ほかの福音に移って行くのに驚いています。
58012014	Recommendation	すべての人との平和を追い求め、また、きよめられることを追い求めなさい。きよくなければ、だれも主を見ることができません。
43021006	Description	イエスは彼らに言われた。「舟の右側に網をおろしなさい。そうすれば、とれます。」そこで、彼らは網をおろした。すると、おびただしい魚のために、網を引き上げることができなかった。
46007019	Recommendation	割礼は取るに足らぬこと、無割礼も取るに足らぬことです。重要なのは神の命令を守ることです。
45012008	Recommendation	勧めをする人であれば勧め、分け与える人は惜しまずに分け与え、指導する人は熱心に指導し、慈善を行なう人は喜んでそれをしなさい。
44019002	Faith	「信じたとき、聖霊を受けましたか。」と尋ねると、彼らは、「いいえ、聖霊の与えられることは、聞きもしませんでした。」と答えた。
53003014	Recommendation	もし、この手紙に書いた私たちの指示に従わない者があれば、そのような人には、特に注意を払い、交際しないようにしなさい。彼が恥じ入るようになるためです。
46015050	Sin	兄弟たちよ。私はこのことを言っておきます。血肉のからだは神の国を相続できません。朽ちるものは、朽ちないものを相続できません。
43006027	Recommendation	なくなる食物のためではなく、いつまでも保ち、永遠のいのちに至る食物のために働きなさい。それこそ、人の子があなたがたに与えるものです。この人の子を父すなわち神が認証されたからです。」
59004003	Sin	願っても受けられないのは、自分の快楽のために使おうとして、悪い動機で願うからです。
49005020	Faith	いつでも、すべてのことについて、私たちの主イエス・キリストの名によって父なる神に感謝しなさい。
48003006	Faith	アブラハムは神を信じ、それが彼の義とみなされました。それと同じことです。
66021023	Grace	都には、これを照らす太陽も月もいらない。というのは、神の栄光が都を照らし、小羊が都のあかりだからである。
45008009	Faith	けれども、もし神の御霊があなたがたのうちに住んでおられるなら、あなたがたは肉の中にではなく、御霊の中にいるのです。キリストの御霊を持たない人は、キリストのものではありません。
45011023	Faith	彼らであっても、もし不信仰を続けなければ、つぎ合わされるのです。神は、彼らを再びつぎ合わすことができるのです。
66014005	Description	彼らの口には偽りがなかった。彼らは傷のない者である。
44024014	Faith	しかし、私は、彼らが異端と呼んでいるこの道に従って、私たちの先祖の神に仕えていることを、閣下の前で承認いたします。私は、律法にかなうことと、預言者たちが書いていることとを全部信じています。
45013008	Recommendation	だれに対しても、何の借りもあってはいけません。ただし、互いに愛し合うことについては別です。他の人を愛する者は、律法を完全に守っているのです。
66016009	Sin	こうして、人々は激しい炎熱によって焼かれた。しかも、彼らは、これらの災害を支配する権威を持つ神の御名に対してけがしごとを言い、悔い改めて神をあがめることをしなかった。
66021012	Description	都には大きな高い城壁と十二の門があって、それらの門には十二人の御使いがおり、イスラエルの子らの十二部族の名が書いてあった。
48003013	Grace	キリストは、私たちのためにのろわれたものとなって、私たちを律法ののろいから贖い出してくださいました。なぜなら、「木にかけられる者はすべてのろわれたものである。」と書いてあるからです。
48001013	Sin	以前ユダヤ教徒であったころの私の行動は、あなたがたがすでに聞いているところです。私は激しく神の教会を迫害し、これを滅ぼそうとしました。
66020002	Description	彼は、悪魔でありサタンである竜、あの古い蛇を捕え、これを千年の間縛って、
44008009	Description	ところが、この町にシモンという人がいた。彼は以前からこの町で魔術を行なって、サマリヤの人々を驚かし、自分は偉大な者だと話していた。
50003010	Faith	私は、キリストとその復活の力を知り、またキリストの苦しみにあずかることも知って、キリストの死と同じ状態になり、
54005022	Recommendation	また、だれにでも軽々しく按手をしてはいけません。また、他人の罪にかかわりを持ってはいけません。自分をきよく保ちなさい。
56002003	Recommendation	同じように、年をとった婦人たちには、神に仕えている者らしく敬虔にふるまい、悪口を言わず、大酒のとりこにならず、良いことを教える者であるように。
46007038	Recommendation	ですから、処女である自分の娘を結婚させる人は良いことをしているのであり、また結婚させない人は、もっと良いことをしているのです。
59001022	Recommendation	また、みことばを実行する人になりなさい。自分を欺いて、ただ聞くだけの者であってはいけません。
43007001	Violence	その後、イエスはガリラヤを巡っておられた。それは、ユダヤ人たちがイエスを殺そうとしていたので、ユダヤを巡りたいとは思われなかったからである。
46001030	Grace	しかしあなたがたは、神によってキリスト・イエスのうちにあるのです。キリストは、私たちにとって、神の知恵となり、また、義ときよめと、贖いとになられました。
43013005	Description	それから、たらいに水を入れ、弟子たちの足を洗って、腰にまとっておられる手ぬぐいで、ふき始められた。
44022004	Violence	私はこの道を迫害し、男も女も縛って牢に投じ、死にまでも至らせたのです。
43007043	Description	そこで、群衆の間にイエスのことで分裂が起こった。
60005002	Recommendation	あなたがたのうちにいる、神の羊の群れを、牧しなさい。強制されてするのではなく、神に従って、自分から進んでそれをなし、卑しい利得を求める心からではなく、心を込めてそれをしなさい。
46015056	Sin	死のとげは罪であり、罪の力は律法です。
59005004	Sin	見なさい。あなたがたの畑の刈り入れをした労働者への未払い賃金が、叫び声をあげています。そして、取り入れをした人たちの叫び声は、万軍の主の耳に届いています。
60002001	Recommendation	ですから、あなたがたは、すべての悪意、すべてのごまかし、いろいろな偽善やねたみ、すべての悪口を捨てて、
46007039	Recommendation	妻は夫が生きている間は夫に縛られています。しかし、もし夫が死んだなら、自分の願う人と結婚する自由があります。ただ主にあってのみ、そうなのです。
55002018	Sin	彼らは真理からはずれてしまい、復活がすでに起こったと言って、ある人々の信仰をくつがえしているのです。
48005006	Faith	キリスト・イエスにあっては、割礼を受ける受けないは大事なことではなく、愛によって働く信仰だけが大事なのです。
58005009	Grace	完全な者とされ、彼に従うすべての人々に対して、とこしえの救いを与える者となり、
46016001	Recommendation	さて、聖徒たちのための献金については、ガラテヤの諸教会に命じたように、あなたがたにもこう命じます。
49005022	Recommendation	妻たちよ。あなたがたは、主に従うように、自分の夫に従いなさい。
43008012	Faith	イエスはまた彼らに語って言われた。「わたしは、世の光です。わたしに従う者は、決してやみの中を歩むことがなく、いのちの光を持つのです。」
65001017	Recommendation	愛する人々よ。私たちの主イエス・キリストの使徒たちが、前もって語ったことばを思い起こしてください。
44017025	Grace	また、何かに不自由なことでもあるかのように、人の手によって仕えられる必要はありません。神は、すべての人に、いのちと息と万物とをお与えになった方だからです。
62005009	Faith	もし、私たちが人間のあかしを受け入れるなら、神のあかしはそれにまさるものです。御子についてあかしされたことが神のあかしだからです。
45013014	Faith	主イエス・キリストを着なさい。肉の欲のために心を用いてはいけません。
58011030	Description	信仰によって、人々が七日の間エリコの城の周囲を回ると、その城壁はくずれ落ちました。
44019011	Grace	神はパウロの手によって驚くべき奇蹟を行なわれた。
43008034	Sin	イエスは彼らに答えられた。「まことに、まことに、あなたがたに告げます。罪を行なっている者はみな、罪の奴隷です。
62004011	Faith	愛する者たち。神がこれほどまでに私たちを愛してくださったのなら、私たちもまた互いに愛し合うべきです。
44002028	Grace	あなたは、私にいのちの道を知らせ、 御顔を示して、私を喜びで満たしてくださる。』
54004013	Recommendation	私が行くまで、聖書の朗読と勧めと教えとに専念しなさい。
47004008	Description	私たちは、四方八方から苦しめられますが、窮することはありません。途方にくれていますが、行きづまることはありません。
44002013	Description	しかし、ほかに「彼らは甘いぶどう酒に酔っているのだ。」と言ってあざける者たちもいた。
66021018	Description	その城壁は碧玉で造られ、都は混じりけのないガラスに似た純金でできていた。
66015006	Description	そしてその聖所から、七つの災害を携えた七人の御使いが出て来た。彼らは、きよい光り輝く亜麻布を着て、胸には金の帯を締めていた。
45012014	Recommendation	あなたがたを迫害する者を祝福しなさい。祝福すべきであって、のろってはいけません。
66001015	Description	その足は、炉で精練されて光り輝くしんちゅうのようであり、その声は大水の音のようであった。
43017026	Grace	そして、わたしは彼らにあなたの御名を知らせました。また、これからも知らせます。それは、あなたがわたしを愛してくださったその愛が彼らの中にあり、またわたしが彼らの中にいるためです。」
45008032	Grace	私たちすべてのために、ご自分の御子をさえ惜しまずに死に渡された方が、どうして、御子といっしょにすべてのものを、私たちに恵んでくださらないことがありましょう。
65001018	Sin	彼らはあなたがたにこう言いました。「終わりの時には、自分の不敬虔な欲望のままにふるまう、あざける者どもが現われる。」
45011018	Recommendation	あなたはその枝に対して誇ってはいけません。誇ったとしても、あなたが根をささえているのではなく、根があなたをささえているのです。
47001024	Faith	私たちは、あなたがたの信仰を支配しようとする者ではなく、あなたがたの喜びのために働く協力者です。あなたがたは、信仰に堅く立っているからです。
43011001	Description	さて、ある人が病気にかかっていた。ラザロといって、マリヤとその姉妹マルタとの村の出で、ベタニヤの人であった。
52004008	Sin	ですから、このことを拒む者は、人を拒むのではなく、あなたがたに聖霊をお与えになる神を拒むのです。
62004002	Faith	人となって来たイエス・キリストを告白する霊はみな、神からのものです。それによって神からの霊を知りなさい。
65001008	Sin	それなのに、この人たちもまた同じように、夢見る者であり、肉体を汚し、権威ある者を軽んじ、栄えある者をそしっています。
60003011	Recommendation	悪から遠ざかって善を行ない、 平和を求めてこれを追い求めよ。
51001023	Faith	ただし、あなたがたは、しっかりとした土台の上に堅く立って、すでに聞いた福音の望みからはずれることなく、信仰に踏みとどまらなければなりません。この福音は、天の下のすべての造られたものに宣べ伝えられているのであって、このパウロはそれに仕える者となったのです。
43008059	Violence	すると彼らは石を取ってイエスに投げつけようとした。しかし、イエスは身を隠して、宮から出て行かれた。
49004024	Recommendation	真理に基づく義と聖をもって神にかたどり造り出された、新しい人を身に着るべきことでした。
66014012	Faith	神の戒めを守り、イエスに対する信仰を持ち続ける聖徒たちの忍耐はここにある。」
44013030	Description	しかし、神はこの方を死者の中からよみがえらせたのです。
43010011	Description	わたしは、良い牧者です。良い牧者は羊のためにいのちを捨てます。
49003002	Grace	あなたがたのためにと私がいただいた、神の恵みによる私の務めについて、あなたがたはすでに聞いたことでしょう。
56003010	Recommendation	分派を起こす者は、一、二度戒めてから、除名しなさい。
43010019	Description	このみことばを聞いて、ユダヤ人たちの間にまた分裂が起こった。
43003033	Faith	そのあかしを受け入れた者は、神は真実であるということに確認の印を押したのである。
61003014	Recommendation	そういうわけで、愛する人たち。このようなことを待ち望んでいるあなたがたですから、しみも傷もない者として、平安をもって御前に出られるように、励みなさい。
53003001	Faith	終わりに、兄弟たちよ。私たちのために祈ってください。主のみことばが、あなたがたのところでと同じように早く広まり、またあがめられますように。
47004014	Faith	それは、主イエスをよみがえらせた方が、私たちをもイエスとともによみがえらせ、あなたがたといっしょに御前に立たせてくださることを知っているからです。
59005014	Recommendation	あなたがたのうちに病気の人がいますか。その人は教会の長老たちを招き、主の御名によって、オリーブ油を塗って祈ってもらいなさい。
44007023	Description	四十歳になったころ、モーセはその兄弟であるイスラエル人を、顧みる心を起こしました。
44023027	Violence	この者が、ユダヤ人に捕えられ、まさに殺されようとしていたとき、彼がローマ市民であることを知りましたので、私は兵隊を率いて行って、彼を助け出しました。
44019029	Description	そして、町中が大騒ぎになり、人々はパウロの同行者であるマケドニヤ人ガイオとアリスタルコを捕え、一団となって劇場へなだれ込んだ。
44003014	Sin	そのうえ、このきよい、正しい方を拒んで、人殺しの男を赦免するように要求し、
44015009	Faith	私たちと彼らとに何の差別もつけず、彼らの心を信仰によってきよめてくださったのです。
46011028	Recommendation	ですから、ひとりひとりが自分を吟味して、そのうえでパンを食べ、杯を飲みなさい。
46015058	Faith	ですから、私の愛する兄弟たちよ。堅く立って、動かされることなく、いつも主のわざに励みなさい。あなたがたは自分たちの労苦が、主にあってむだでないことを知っているのですから。
46004016	Recommendation	ですから、私はあなたがたに勧めます。どうか、私にならう者となってください。
46001021	Faith	事実、この世が自分の知恵によって神を知ることがないのは、神の知恵によるのです。それゆえ、神はみこころによって、宣教のことばの愚かさを通して、信じる者を救おうと定められたのです。
60003001	Recommendation	同じように、妻たちよ。自分の夫に服従しなさい。たとい、みことばに従わない夫であっても、妻の無言のふるまいによって、神のものとされるようになるためです。
47005020	Recommendation	こういうわけで、私たちはキリストの使節なのです。ちょうど神が私たちを通して懇願しておられるようです。私たちは、キリストに代わって、あなたがたに願います。神の和解を受け入れなさい。
44002024	Description	しかし神は、この方を死の苦しみから解き放って、よみがえらせました。この方が死につながれていることなど、ありえないからです。
59002007	Sin	あなたがたがその名で呼ばれている尊い御名をけがすのも彼らではありませんか。
54003003	Description	酒飲みでなく、暴力をふるわず、温和で、争わず、金銭に無欲で、
43004014	Grace	しかし、わたしが与える水を飲む者はだれでも、決して渇くことがありません。わたしが与える水は、その人のうちで泉となり、永遠のいのちへの水がわき出ます。」
62002005	Faith	しかし、みことばを守っている者なら、その人のうちには、確かに神の愛が全うされているのです。それによって、私たちが神のうちにいることがわかります。
66016013	Description	また、私は竜の口と、獣の口と、にせ預言者の口とから、かえるのような汚れた霊どもが三つ出て来るのを見た。
59002008	Recommendation	もし、ほんとうにあなたがたが、聖書に従って、「あなたの隣人をあなた自身のように愛せよ。」という最高の律法を守るなら、あなたがたの行ないはりっぱです。
47004005	Faith	私たちは自分自身を宣べ伝えるのではなく、主なるキリスト・イエスを宣べ伝えます。私たち自身は、イエスのために、あなたがたに仕えるしもべなのです。
46015033	Recommendation	思い違いをしてはいけません。友だちが悪ければ、良い習慣がそこなわれます。
58013020	Grace	永遠の契約の血による羊の大牧者、私たちの主イエスを死者の中から導き出された平和の神が、
50001027	Recommendation	ただ、キリストの福音にふさわしく生活しなさい。そうすれば、私が行ってあなたがたに会うにしても、また離れているにしても、私はあなたがたについて、こう聞くことができるでしょう。あなたがたは霊を一つにしてしっかりと立ち、心を一つにして福音の信仰のために、ともに奮闘しており、
46006014	Grace	神は主をよみがえらせましたが、その御力によって私たちをもよみがえらせてくださいます。
55001006	Recommendation	それですから、私はあなたに注意したいのです。私の按手をもってあなたのうちに与えられた神の賜物を、再び燃え立たせてください。
60004006	Grace	というのは、死んだ人々にも福音が宣べ伝えられていたのですが、それはその人々が肉体においては人間としてさばきを受けるが、霊においては神によって生きるためでした。
46007023	Recommendation	あなたがたは、代価をもって買われたのです。人間の奴隷となってはいけません。
46010010	Recommendation	また、彼らの中のある人たちがつぶやいたのにならってつぶやいてはいけません。彼らは滅ぼす者に滅ぼされました。
47002017	Faith	私たちは、多くの人のように、神のことばに混ぜ物をして売るようなことはせず、真心から、また神によって、神の御前でキリストにあって語るのです。
45015001	Recommendation	私たち力のある者は、力のない人たちの弱さをになうべきです。自分を喜ばせるべきではありません。
50002024	Faith	しかし私自身も近いうちに行けることと、主にあって確信しています。
66007001	Description	この後、私は見た。四人の御使いが地の四隅に立って、地の四方の風を堅く押え、地にも海にもどんな木にも、吹きつけないようにしていた。
60004003	Sin	あなたがたは、異邦人たちがしたいと思っていることを行ない、好色、情欲、酔酒、遊興、宴会騒ぎ、忌むべき偶像礼拝などにふけったものですが、それは過ぎ去った時で、もう十分です。
66011005	Violence	彼らに害を加えようとする者があれば、火が彼らの口から出て、敵を滅ぼし尽くす。彼らに害を加えようとする者があれば、必ずこのように殺される。
44023005	Recommendation	パウロが言った。「兄弟たち。私は彼が大祭司だとは知らなかった。確かに、『あなたの民の指導者を悪く言ってはいけない。』と書いてあります。」
66022015	Sin	犬ども、魔術を行なう者、不品行の者、人殺し、偶像を拝む者、好んで偽りを行なう者はみな、外に出される。
66002014	Sin	しかし、あなたには少しばかり非難すべきことがある。あなたのうちに、バラムの教えを奉じている人々がいる。バラムはバラクに教えて、イスラエルの人々の前に、つまずきの石を置き、偶像の神にささげた物を食べさせ、また不品行を行なわせた。
53001003	Faith	兄弟たち。あなたがたのことについて、私たちはいつも神に感謝しなければなりません。そうするのが当然なのです。なぜならあなたがたの信仰が目に見えて成長し、あなたがたすべての間で、ひとりひとりに相互の愛が増し加わっているからです。
46012002	Sin	ご承知のように、あなたがたが異教徒であったときには、どう導かれたとしても、引かれて行った所は、ものを言わない偶像の所でした。
49005025	Recommendation	夫たちよ。キリストが教会を愛し、教会のためにご自身をささげられたように、あなたがたも、自分の妻を愛しなさい。
45012017	Recommendation	だれに対してでも、悪に悪を報いることをせず、すべての人が良いと思うことを図りなさい。
60005006	Recommendation	ですから、あなたがたは、神の力強い御手の下にへりくだりなさい。神が、ちょうど良い時に、あなたがたを高くしてくださるためです。
44014017	Grace	とはいえ、ご自身のことをあかししないでおられたのではありません。すなわち、恵みをもって、天から雨を降らせ、実りの季節を与え、食物と喜びとで、あなたがたの心を満たしてくださったのです。」
54003011	Recommendation	婦人執事も、威厳があり、悪口を言わず、自分を制し、すべてに忠実な人でなければなりません。
66002021	Sin	わたしは悔い改める機会を与えたが、この女は不品行を悔い改めようとしない。
44012020	Description	さて、ヘロデはツロとシドンの人々に対して強い敵意を抱いていた。そこで彼らはみなでそろって彼をたずね、王の侍従ブラストに取り入って和解を求めた。その地方は王の国から食糧を得ていたからである。
43008049	Sin	イエスは答えられた。「わたしは悪霊につかれてはいません。わたしは父を敬っています。しかしあなたがたは、わたしを卑しめています。
43006018	Description	湖は吹きまくる強風に荒れ始めた。
45008018	Faith	今の時のいろいろの苦しみは、将来私たちに啓示されようとしている栄光に比べれば、取るに足りないものと私は考えます。
62002012	Grace	子どもたちよ。私があなたがたに書き送るのは、主の御名によって、あなたがたの罪が赦されたからです。
55001009	Grace	神は私たちを救い、また、聖なる招きをもって召してくださいましたが、それは私たちの働きによるのではなく、ご自身の計画と恵みとによるのです。この恵みは、キリスト・イエスにおいて、私たちに永遠の昔に与えられたものであって、
43019006	Violence	祭司長たちや役人たちはイエスを見ると、激しく叫んで、「十字架につけろ。十字架につけろ。」と言った。ピラトは彼らに言った。「あなたがたがこの人を引き取り、十字架につけなさい。私はこの人には罪を認めません。」
60001010	Grace	この救いについては、あなたがたに対する恵みについて預言した預言者たちも、熱心に尋ね、細かく調べました。
63001007	Sin	なぜお願いするかと言えば、人を惑わす者、すなわち、イエス・キリストが人として来られたことを告白しない者が大ぜい世に出て行ったからです。こういう者は惑わす者であり、反キリストです。
44024005	Sin	この男は、まるでペストのような存在で、世界中のユダヤ人の間に騒ぎを起こしている者であり、ナザレ人という一派の首領でございます。
54003016	Grace	確かに偉大なのはこの敬虔の奥義です。 「キリストは肉において現われ、 霊において義と宣言され、 御使いたちに見られ、 諸国民の間に宣べ伝えられ、 世界中で信じられ、 栄光のうちに上げられた。」
66016021	Violence	また、一タラントほどの大きな雹が、人々の上に天から降って来た。人々は、この雹の災害のため、神にけがしごとを言った。その災害が非常に激しかったからである。
61003013	Faith	しかし、私たちは、神の約束に従って、正義の住む新しい天と新しい地を待ち望んでいます。
66006014	Description	天は、巻き物が巻かれるように消えてなくなり、すべての山や島がその場所から移された。
58010010	Grace	このみこころに従って、イエス・キリストのからだが、ただ一度だけささげられたことにより、私たちはきよめられたものとされているのです。
52001002	Faith	私たちは、いつもあなたがたすべてのために神に感謝し、祈りのときにあなたがたを覚え、
66006004	Violence	すると、別の、火のように赤い馬が出て来た。これに乗っている者は、地上から平和を奪い取ることが許された。人々が、互いに殺し合うようになるためであった。また、彼に大きな剣が与えられた。
54006001	Recommendation	くびきの下にある奴隷は、自分の主人を十分に尊敬すべき人だと考えなさい。それは神の御名と教えとがそしられないためです。
51003009	Recommendation	互いに偽りを言ってはいけません。あなたがたは、古い人をその行ないといっしょに脱ぎ捨てて、
66002020	Sin	しかし、あなたには非難すべきことがある。あなたは、イゼベルという女をなすがままにさせている。この女は、預言者だと自称しているが、わたしのしもべたちを教えて誤りに導き、不品行を行なわせ、偶像の神にささげた物を食べさせている。
48003008	Grace	聖書は、神が異邦人をその信仰によって義と認めてくださることを、前から知っていたので、アブラハムに対し、「あなたによってすべての国民が祝福される。」と前もって福音を告げたのです。
58012005	Recommendation	そして、あなたがたに向かって子どもに対するように語られたこの勧めを忘れています。 「わが子よ。 主の懲らしめを軽んじてはならない。 主に責められて弱り果ててはならない。
58013017	Recommendation	あなたがたの指導者たちの言うことを聞き、また服従しなさい。この人々は神に弁明する者であって、あなたがたのたましいのために見張りをしているのです。ですから、この人たちが喜んでそのことをし、嘆いてすることにならないようにしなさい。そうでないと、あなたがたの益にならないからです。
44013019	Description	それからカナンの地で、七つの民を滅ぼし、その地を相続財産として分配されました。これが、約四百五十年間のことです。
54006003	Faith	違ったことを教え、私たちの主イエス・キリストの健全なことばと敬虔にかなう教えとに同意しない人がいるなら、
63001010	Recommendation	あなたがたのところに来る人で、この教えを持って来ない者は、家に受け入れてはいけません。その人にあいさつのことばをかけてもいけません。
47001005	Grace	それは、私たちにキリストの苦難があふれているように、慰めもまたキリストによってあふれているからです。
65001011	Sin	忌まわしいことです。彼らは、カインの道を行き、利益のためにバラムの迷いに陥り、コラのようにそむいて滅びました。
65001010	Sin	しかし、この人たちは、自分には理解もできないことをそしり、わきまえのない動物のように、本能によって知るような事がらの中で滅びるのです。
58011007	Faith	信仰によって、ノアは、まだ見ていない事がらについて神から警告を受けたとき、恐れかしこんで、その家族の救いのために箱舟を造り、その箱舟によって、世の罪を定め、信仰による義を相続する者となりました。
58009006	Description	さて、これらの物が以上のように整えられた上で、前の幕屋には、祭司たちがいつもはいって礼拝を行なうのですが、
44007051	Sin	かたくなで、心と耳とに割礼を受けていない人たち。あなたがたは、先祖たちと同様に、いつも聖霊に逆らっているのです。
54001009	Sin	すなわち、律法は、正しい人のためにあるのではなく、律法を無視する不従順な者、不敬虔な罪人、汚らわしい俗物、父や母を殺す者、人を殺す者、
46005009	Recommendation	私は前にあなたがたに送った手紙で、不品行な者たちと交際しないようにと書きました。
48001015	Grace	けれども、生まれたときから私を選び分け、恵みをもって召してくださった方が、
45007015	Description	私には、自分のしていることがわかりません。私は自分がしたいと思うことをしているのではなく、自分が憎むことを行なっているからです。
61003018	Faith	私たちの主であり救い主であるイエス・キリストの恵みと知識において成長しなさい。このキリストに、栄光が、今も永遠の日に至るまでもありますように。アーメン。
46004010	Description	私たちはキリストのために愚かな者ですが、あなたがたはキリストにあって賢い者です。私たちは弱いが、あなたがたは強いのです。あなたがたは栄誉を持っているが、私たちは卑しめられています。
60005009	Faith	堅く信仰に立って、この悪魔に立ち向かいなさい。ご承知のように、世にあるあなたがたの兄弟である人々は同じ苦しみを通って来たのです。
51003022	Recommendation	奴隷たちよ。すべてのことについて、地上の主人に従いなさい。人のごきげんとりのような、うわべだけの仕え方ではなく、主を恐れかしこみつつ、真心から従いなさい。
66017012	Description	あなたが見た十本の角は、十人の王たちで、彼らは、まだ国を受けてはいませんが、獣とともに、一時だけ王の権威を受けます。
46002012	Grace	ところで、私たちは、この世の霊を受けたのではなく、神の御霊を受けました。それは、恵みによって神から私たちに賜わったものを、私たちが知るためです。
59005001	Recommendation	聞きなさい。金持ちたち。あなたがたの上に迫って来る悲惨を思って泣き叫びなさい。
66002010	Recommendation	あなたが受けようとしている苦しみを恐れてはいけない。見よ。悪魔はあなたがたをためすために、あなたがたのうちのある人たちを牢に投げ入れようとしている。あなたがたは十日の間苦しみを受ける。死に至るまで忠実でありなさい。そうすれば、わたしはあなたにいのちの冠を与えよう。
54006011	Recommendation	しかし、神の人よ。あなたは、これらのことを避け、正しさ、敬虔、信仰、愛、忍耐、柔和を熱心に求めなさい。
59005005	Sin	あなたがたは、地上でぜいたくに暮らし、快楽にふけり、殺される日にあたって自分の心を太らせました。
66004004	Description	また、御座の回りに二十四の座があった。これらの座には、白い衣を着て、金の冠を頭にかぶった二十四人の長老たちがすわっていた。
66018007	Description	彼女が自分を誇り、好色にふけったと同じだけの苦しみと悲しみとを、彼女に与えなさい。彼女は心の中で『私は女王の座に着いている者であり、やもめではないから、悲しみを知らない。』と言うからです。
60003007	Recommendation	同じように、夫たちよ。妻が女性であって、自分よりも弱い器だということをわきまえて妻とともに生活し、いのちの恵みをともに受け継ぐ者として尊敬しなさい。それは、あなたがたの祈りが妨げられないためです。
54002012	Recommendation	私は、女が教えたり男を支配したりすることを許しません。ただ、黙っていなさい。
46001009	Faith	神は真実であり、その方のお召しによって、あなたがたは神の御子、私たちの主イエス・キリストとの交わりに入れられました。
48005013	Recommendation	兄弟たち。あなたがたは、自由を与えられるために召されたのです。ただ、その自由を肉の働く機会としないで、愛をもって互いに仕えなさい。
59002012	Recommendation	自由の律法によってさばかれる者らしく語り、またそのように行ないなさい。
46012005	Faith	奉仕にはいろいろの種類がありますが、主は同じ主です。
45009005	Description	先祖たちも彼らのものです。またキリストも、人としては彼らから出られたのです。このキリストは万物の上にあり、とこしえにほめたたえられる神です。アーメン。
47001006	Description	もし私たちが苦しみに会うなら、それはあなたがたの慰めと救いのためです。もし私たちが慰めを受けるなら、それもあなたがたの慰めのためで、その慰めは、私たちが受けている苦難と同じ苦難に耐え抜く力をあなたがたに与えるのです。
47001021	Faith	私たちをあなたがたといっしょにキリストのうちに堅く保ち、私たちに油を注がれた方は神です。
44010015	Recommendation	すると、再び声があって、彼にこう言った。「神がきよめた物を、きよくないと言ってはならない。」
66018009	Sin	彼女と不品行を行ない、好色にふけった地上の王たちは、彼女が火で焼かれる煙を見ると、彼女のことで泣き、悲しみます。
43014023	Faith	イエスは彼に答えられた。「だれでもわたしを愛する人は、わたしのことばを守ります。そうすれば、わたしの父はその人を愛し、わたしたちはその人のところに来て、その人とともに住みます。
62004010	Grace	私たちが神を愛したのではなく、神が私たちを愛し、私たちの罪のために、なだめの供え物としての御子を遣わされました。ここに愛があるのです。
62001007	Faith	しかし、もし神が光の中におられるように、私たちも光の中を歩んでいるなら、私たちは互いに交わりを保ち、御子イエスの血はすべての罪から私たちをきよめます。
48004007	Grace	ですから、あなたがたはもはや奴隷ではなく、子です。子ならば、神による相続人です。
58001008	Faith	御子については、こう言われます。 「神よ。あなたの御座は世々限りなく、 あなたの御国の杖こそ、まっすぐな杖です。
43010033	Sin	ユダヤ人たちはイエスに答えた。「良いわざのためにあなたを石打ちにするのではありません。冒涜のためです。あなたは人間でありながら、自分を神とするからです。」
66014011	Description	そして、彼らの苦しみの煙は、永遠にまでも立ち上る。獣とその像とを拝む者、まただれでも獣の名の刻印を受ける者は、昼も夜も休みを得ない。
47004001	Faith	こういうわけで、私たちは、あわれみを受けてこの務めに任じられているのですから、勇気を失うことなく、
58013006	Faith	そこで、私たちは確信に満ちてこう言います。 「主は私の助け手です。私は恐れません。 人間が、私に対して何ができましょう。」
45014003	Recommendation	食べる人は食べない人を侮ってはいけないし、食べない人も食べる人をさばいてはいけません。神がその人を受け入れてくださったからです。
45015005	Grace	どうか、忍耐と励ましの神が、あなたがたを、キリスト・イエスにふさわしく、互いに同じ思いを持つようにしてくださいますように。
58007027	Description	ほかの大祭司たちとは違い、キリストには、まず自分の罪のために、その次に、民の罪のために毎日いけにえをささげる必要はありません。というのは、キリストは自分自身をささげ、ただ一度でこのことを成し遂げられたからです。
62003017	Sin	世の富を持ちながら、兄弟が困っているのを見ても、あわれみの心を閉ざすような者に、どうして神の愛がとどまっているでしょう。
47005008	Faith	私たちはいつも心強いのです。そして、むしろ肉体を離れて、主のみもとにいるほうがよいと思っています。
60002011	Recommendation	愛する者たちよ。あなたがたにお勧めします。旅人であり寄留者であるあなたがたは、たましいに戦いをいどむ肉の欲を遠ざけなさい。
60002017	Recommendation	すべての人を敬いなさい。兄弟たちを愛し、神を恐れ、王を尊びなさい。
44007025	Description	彼は、自分の手によって神が兄弟たちに救いを与えようとしておられることを、みなが理解してくれるものと思っていましたが、彼らは理解しませんでした。
50003002	Violence	どうか犬に気をつけてください。悪い働き人に気をつけてください。肉体だけの割礼の者に気をつけてください。
56001016	Sin	彼らは、神を知っていると口では言いますが、行ないでは否定しています。実に忌まわしく、不従順で、どんな良いわざにも不適格です。
45010002	Faith	私は、彼らが神に対して熱心であることをあかしします。しかし、その熱心は知識に基づくものではありません。
47001004	Grace	神は、どのような苦しみのときにも、私たちを慰めてくださいます。こうして、私たちも、自分自身が神から受ける慰めによって、どのような苦しみの中にいる人をも慰めることができるのです。
55002015	Recommendation	あなたは熟練した者、すなわち、真理のみことばをまっすぐに説き明かす、恥じることのない働き人として、自分を神にささげるよう、努め励みなさい。
53002004	Description	彼は、すべて神と呼ばれるもの、また礼拝されるものに反抗し、その上に自分を高く上げ、神の宮の中に座を設け、自分こそ神であると宣言します。
49006004	Recommendation	父たちよ。あなたがたも、子どもをおこらせてはいけません。かえって、主の教育と訓戒によって育てなさい。
45008037	Grace	しかし、私たちは、私たちを愛してくださった方によって、これらすべてのことの中にあっても、圧倒的な勝利者となるのです。
44026014	Violence	私たちはみな地に倒れましたが、そのとき声があって、ヘブル語で私にこう言うのが聞こえました。『サウロ、サウロ。なぜわたしを迫害するのか。とげのついた棒をけるのは、あなたにとって痛いことだ。』
66002009	Sin	「わたしは、あなたの苦しみと貧しさとを知っている。――しかしあなたは実際は富んでいる。――またユダヤ人だと自称しているが、実はそうでなく、かえってサタンの会衆である人たちから、ののしられていることも知っている。
46013006	Faith	不正を喜ばずに真理を喜びます。
59001021	Recommendation	ですから、すべての汚れやあふれる悪を捨て去り、心に植えつけられたみことばを、すなおに受け入れなさい。みことばは、あなたがたのたましいを救うことができます。
46003006	Grace	私が植えて、アポロが水を注ぎました。しかし、成長させたのは神です。
66014008	Sin	また、第二の、別の御使いが続いてやって来て、言った。「大バビロンは倒れた。倒れた。激しい御怒りを引き起こすその不品行のぶどう酒を、すべての国々の民に飲ませた者。」
43015014	Recommendation	わたしがあなたがたに命じることをあなたがたが行なうなら、あなたがたはわたしの友です。
62005021	Recommendation	子どもたちよ。偶像を警戒しなさい。
55003006	Sin	こういう人々の中には、家々にはいり込み、愚かな女たちをたぶらかしている者がいます。その女たちは、さまざまの情欲に引き回されて罪に罪を重ね、
49004015	Faith	むしろ、愛をもって真理を語り、あらゆる点において成長し、かしらなるキリストに達することができるためなのです。
49004003	Faith	平和のきずなで結ばれて御霊の一致を熱心に保ちなさい。
44009005	Description	彼が、「主よ。あなたはどなたですか。」と言うと、お答えがあった。「わたしは、あなたが迫害しているイエスである。
60003015	Recommendation	むしろ、心の中でキリストを主としてあがめなさい。そして、あなたがたのうちにある希望について説明を求める人には、だれにでもいつでも弁明できる用意をしていなさい。
44007033	Recommendation	すると、主は彼にこう言われたのです。『あなたの足のくつを脱ぎなさい。あなたの立っている所は聖なる地である。
62002024	Faith	あなたがたは、初めから聞いたことを、自分たちのうちにとどまらせなさい。もし初めから聞いたことがとどまっているなら、あなたがたも御子および御父のうちにとどまるのです。
43008051	Faith	まことに、まことに、あなたがたに告げます。だれでもわたしのことばを守るならば、その人は決して死を見ることがありません。」
66020011	Description	また私は、大きな白い御座と、そこに着座しておられる方を見た。地も天もその御前から逃げ去って、あとかたもなくなった。
46006013	Recommendation	食物は腹のためにあり、腹は食物のためにあります。ところが神は、そのどちらをも滅ぼされます。からだは不品行のためにあるのではなく、主のためであり、主はからだのためです。
45006011	Faith	このように、あなたがたも、自分は罪に対しては死んだ者であり、神に対してはキリスト・イエスにあって生きた者だと、思いなさい。
47002014	Faith	しかし、神に感謝します。神はいつでも、私たちを導いてキリストによる勝利の行列に加え、至る所で私たちを通して、キリストを知る知識のかおりを放ってくださいます。
62001005	Grace	神は光であって、神のうちには暗いところが少しもない。これが、私たちがキリストから聞いて、あなたがたに伝える知らせです。
43006037	Grace	父がわたしにお与えになる者はみな、わたしのところに来ます。そしてわたしのところに来る者を、わたしは決して捨てません。
58013001	Recommendation	兄弟愛をいつも持っていなさい。
58007025	Grace	したがって、ご自分によって神に近づく人々を、完全に救うことがおできになります。キリストはいつも生きていて、彼らのために、とりなしをしておられるからです。
43019015	Violence	彼らは激しく叫んだ。「除け。除け。十字架につけろ。」ピラトは彼らに言った。「あなたがたの王を私が十字架につけるのですか。」祭司長たちは答えた。「カイザルのほかには、私たちに王はありません。」
45011005	Grace	それと同じように、今も、恵みの選びによって残された者がいます。
66017002	Sin	地の王たちは、この女と不品行を行ない、地に住む人々も、この女の不品行のぶどう酒に酔ったのです。」
45012010	Recommendation	兄弟愛をもって心から互いに愛し合い、尊敬をもって互いに人を自分よりまさっていると思いなさい。
45008014	Faith	神の御霊に導かれる人は、だれでも神の子どもです。
66012003	Description	また、別のしるしが天に現われた。見よ。大きな赤い竜である。七つの頭と十本の角とを持ち、その頭には七つの冠をかぶっていた。
45008017	Faith	もし子どもであるなら、相続人でもあります。私たちがキリストと、栄光をともに受けるために苦難をともにしているなら、私たちは神の相続人であり、キリストとの共同相続人であります。
54005017	Recommendation	よく指導の任に当たっている長老は、二重に尊敬を受けるにふさわしいとしなさい。みことばと教えのためにほねおっている長老は特にそうです。
46008007	Sin	しかし、すべての人にこの知識があるのではありません。ある人たちは、今まで偶像になじんで来たため偶像にささげた肉として食べ、それで彼らのそのように弱い良心が汚れるのです。
43015002	Grace	わたしの枝で実を結ばないものはみな、父がそれを取り除き、実を結ぶものはみな、もっと多く実を結ぶために、刈り込みをなさいます。
60005003	Recommendation	あなたがたは、その割り当てられている人たちを支配するのではなく、むしろ群れの模範となりなさい。
52004013	Recommendation	眠った人々のことについては、兄弟たち、あなたがたに知らないでいてもらいたくありません。あなたがたが他の望みのない人々のように悲しみに沈むことのないためです。
58011029	Description	信仰によって、彼らは、かわいた陸地を行くのと同様に紅海を渡りました。エジプト人は、同じようにしようとしましたが、のみこまれてしまいました。
44007020	Description	このようなときに、モーセが生まれたのです。彼は神の目にかなった、かわいらしい子で、三か月の間、父の家で育てられましたが、
58005002	Grace	彼は、自分自身も弱さを身にまとっているので、無知な迷っている人々を思いやることができるのです。
45013012	Recommendation	夜はふけて、昼が近づきました。ですから、私たちは、やみのわざを打ち捨てて、光の武具を着けようではありませんか。
49006009	Recommendation	主人たちよ。あなたがたも、奴隷に対して同じようにふるまいなさい。おどすことはやめなさい。あなたがたは、彼らとあなたがたとの主が天におられ、主は人を差別されることがないことを知っているのですから。
45012015	Recommendation	喜ぶ者といっしょに喜び、泣く者といっしょに泣きなさい。
45002005	Sin	ところが、あなたは、かたくなさと悔い改めのない心のゆえに、御怒りの日、すなわち、神の正しいさばきの現われる日の御怒りを自分のために積み上げているのです。
44014019	Violence	ところが、アンテオケとイコニオムからユダヤ人たちが来て、群衆を抱き込み、パウロを石打ちにし、死んだものと思って、町の外に引きずり出した。
43013021	Description	イエスは、これらのことを話されたとき、霊の激動を感じ、あかしして言われた。「まことに、まことに、あなたがたに告げます。あなたがたのうちのひとりが、わたしを裏切ります。」
48003022	Faith	しかし聖書は、逆に、すべての人を罪の下に閉じ込めました。それは約束が、イエス・キリストに対する信仰によって、信じる人々に与えられるためです。
66011007	Violence	そして彼らがあかしを終えると、底知れぬ所から上って来る獣が、彼らと戦って勝ち、彼らを殺す。
58003014	Faith	もし最初の確信を終わりまでしっかり保ちさえすれば、私たちは、キリストにあずかる者となるのです。
45008010	Faith	もしキリストがあなたがたのうちにおられるなら、からだは罪のゆえに死んでいても、霊が、義のゆえに生きています。
44007052	Sin	あなたがたの先祖が迫害しなかった預言者がだれかあったでしょうか。彼らは、正しい方が来られることを前もって宣べた人たちを殺したが、今はあなたがたが、この正しい方を裏切る者、殺す者となりました。
48005021	Sin	ねたみ、酩酊、遊興、そういった類のものです。前にもあらかじめ言ったように、私は今もあなたがたにあらかじめ言っておきます。こんなことをしている者たちが神の国を相続することはありません。
43012036	Faith	あなたがたに光がある間に、光の子どもとなるために、光を信じなさい。」 イエスは、これらのことをお話しになると、立ち去って、彼らから身を隠された。
58003002	Faith	モーセが神の家全体のために忠実であったのと同様に、イエスはご自分を立てた方に対して忠実なのです。
56003006	Grace	神は、この聖霊を、私たちの救い主なるイエス・キリストによって、私たちに豊かに注いでくださったのです。
44004036	Description	キプロス生まれのレビ人で、使徒たちによってバルナバ（訳すと、慰めの子）と呼ばれていたヨセフも、
48006009	Recommendation	善を行なうのに飽いてはいけません。失望せずにいれば、時期が来て、刈り取ることになります。
48002019	Faith	しかし私は、神に生きるために、律法によって律法に死にました。
66011001	Recommendation	それから、私に杖のような測りざおが与えられた。すると、こう言う者があった。「立って、神の聖所と祭壇と、また、そこで礼拝している人を測れ。
66014004	Description	彼らは女によって汚されたことのない人々である。彼らは童貞なのである。彼らは、小羊が行く所には、どこにでもついて行く。彼らは、神および小羊にささげられる初穂として、人々の中から贖われたのである。
66009007	Description	そのいなごの形は、出陣の用意の整った馬に似ていた。頭に金の冠のようなものを着け、顔は人間の顔のようであった。
60002016	Recommendation	あなたがたは自由人として行動しなさい。その自由を、悪の口実に用いないで、神の奴隷として用いなさい。
54004010	Faith	私たちはそのために労し、また苦心しているのです。それは、すべての人々、ことに信じる人々の救い主である、生ける神に望みを置いているからです。
58010029	Sin	まして、神の御子を踏みつけ、自分をきよめた契約の血を汚れたものとみなし、恵みの御霊を侮る者は、どんなに重い処罰に値するか、考えてみなさい。
43020021	Grace	イエスはもう一度、彼らに言われた。「平安があなたがたにあるように。父がわたしを遣わしたように、わたしもあなたがたを遣わします。」
65001016	Sin	彼らはぶつぶつ言う者、不平を鳴らす者で、自分の欲望のままに歩んでいます。その口は大きなことを言い、利益のためにへつらって人をほめるのです。
66006015	Description	地上の王、高官、千人隊長、金持ち、勇者、あらゆる奴隷と自由人が、ほら穴と山の岩間に隠れ、
66021008	Sin	しかし、おくびょう者、不信仰の者、憎むべき者、人を殺す者、不品行の者、魔術を行なう者、偶像を拝む者、すべて偽りを言う者どもの受ける分は、火と硫黄との燃える池の中にある。これが第二の死である。」
44022016	Recommendation	さあ、なぜためらっているのですか。立ちなさい。その御名を呼んでバプテスマを受け、自分の罪を洗い流しなさい。』
66009008	Description	また女の髪のような毛があり、歯は、ししの歯のようであった。
55002024	Recommendation	主のしもべが争ってはいけません。むしろ、すべての人に優しくし、よく教え、よく忍び、
51002005	Faith	私は、肉体においては離れていても、霊においてはあなたがたといっしょにいて、あなたがたの秩序とキリストに対する堅い信仰とを見て喜んでいます。
60003012	Sin	主の目は義人の上に注がれ、 主の耳は彼らの祈りに傾けられる。 しかし主の顔は、 悪を行なう者に立ち向かう。」
53002013	Faith	しかし、あなたがたのことについては、私たちはいつでも神に感謝しなければなりません。主に愛されている兄弟たち。神は、御霊によるきよめと、真理による信仰によって、あなたがたを、初めから救いにお選びになったからです。
66022011	Recommendation	不正を行なう者はますます不正を行ない、汚れた者はますます汚れを行ないなさい。正しい者はいよいよ正しいことを行ない、きよい者はいよいよきよきことを行ないなさい。」
44002038	Faith	そこでペテロは彼らに答えた。「悔い改めなさい。そして、それぞれ罪を赦していただくために、イエス・キリストの名によってバプテスマを受けなさい。そうすれば、賜物として聖霊を受けるでしょう。
52005015	Recommendation	だれも悪をもって悪に報いないように気をつけ、お互いの間で、またすべての人に対して、いつも善を行なうよう務めなさい。
45001027	Sin	同じように、男も、女の自然な用を捨てて男どうしで情欲に燃え、男が男と恥ずべきことを行なうようになり、こうしてその誤りに対する当然の報いを自分の身に受けているのです。
50002018	Recommendation	あなたがたも同じように喜んでください。私といっしょに喜んでください。
44003019	Recommendation	そういうわけですから、あなたがたの罪をぬぐい去っていただくために、悔い改めて、神に立ち返りなさい。
66021025	Description	都の門は一日中決して閉じることがない。そこには夜がないからである。
43006054	Faith	わたしの肉を食べ、わたしの血を飲む者は、永遠のいのちを持っています。わたしは終わりの日にその人をよみがえらせます。
43019011	Sin	イエスは答えられた。「もしそれが上から与えられているのでなかったら、あなたにはわたしに対して何の権威もありません。ですから、わたしをあなたに渡した者に、もっと大きい罪があるのです。」
59002017	Faith	それと同じように、信仰も、もし行ないがなかったなら、それだけでは、死んだものです。
45008003	Sin	肉によって無力になったため、律法にはできなくなっていることを、神はしてくださいました。神はご自分の御子を、罪のために、罪深い肉と同じような形でお遣わしになり、肉において罪を処罰されたのです。
60003014	Recommendation	いや、たとい義のために苦しむことがあるにしても、それは幸いなことです。彼らの脅かしを恐れたり、それによって心を動揺させたりしてはいけません。
51003021	Recommendation	父たちよ。子どもをおこらせてはいけません。彼らを気落ちさせないためです。
66018002	Sin	彼は力強い声で叫んで言った。「倒れた。大バビロンが倒れた。そして、悪霊の住まい、あらゆる汚れた霊どもの巣くつ、あらゆる汚れた、憎むべき鳥どもの巣くつとなった。
62002022	Sin	偽り者とは、イエスがキリストであることを否定する者でなくてだれでしょう。御父と御子を否認する者、それが反キリストです。
46011027	Sin	したがって、もし、ふさわしくないままでパンを食べ、主の杯を飲む者があれば、主のからだと血に対して罪を犯すことになります。
59002020	Faith	ああ愚かな人よ。あなたは行ないのない信仰がむなしいことを知りたいと思いますか。
43018003	Description	そこで、ユダは一隊の兵士と、祭司長、パリサイ人たちから送られた役人たちを引き連れて、ともしびとたいまつと武器を持って、そこに来た。
53003003	Grace	しかし、主は真実な方ですから、あなたがたを強くし、悪い者から守ってくださいます。
44007021	Description	ついに捨てられたのをパロの娘が拾い上げ、自分の子として育てたのです。
66008005	Description	それから、御使いは、その香炉を取り、祭壇の火でそれを満たしてから、地に投げつけた。すると、雷鳴と声といなずまと地震が起こった。
66018003	Sin	それは、すべての国々の民が、彼女の不品行に対する激しい御怒りのぶどう酒を飲み、地上の王たちは、彼女と不品行を行ない、地上の商人たちは、彼女の極度の好色によって富を得たからである。」
44026021	Violence	そのために、ユダヤ人たちは私を宮の中で捕え、殺そうとしたのです。
55004004	Sin	真理から耳をそむけ、空想話にそれて行くような時代になるからです。
43006064	Faith	しかし、あなたがたのうちには信じない者がいます。」――イエスは初めから、信じない者がだれであるか、裏切る者がだれであるかを、知っておられたのである。――
43013026	Description	イエスは答えられた。「それはわたしがパン切れを浸して与える者です。」それからイエスは、パン切れを浸し、取って、イスカリオテ・シモンの子ユダにお与えになった。
54006020	Recommendation	テモテよ。ゆだねられたものを守りなさい。そして、俗悪なむだ話、また、まちがって「霊知」と呼ばれる反対論を避けなさい。
44017005	Violence	ところが、ねたみにかられたユダヤ人は、町のならず者をかり集め、暴動を起こして町を騒がせ、またヤソンの家を襲い、ふたりを人々の前に引き出そうとして捜した。
62005016	Sin	だれでも兄弟が死に至らない罪を犯しているのを見たなら、神に求めなさい。そうすれば神はその人のために、死に至らない罪を犯している人々に、いのちをお与えになります。死に至る罪があります。この罪については、願うようにとは言いません。
43013020	Faith	まことに、まことに、あなたがたに告げます。わたしの遣わす者を受け入れる者は、わたしを受け入れるのです。わたしを受け入れる者は、わたしを遣わした方を受け入れるのです。」
58012028	Faith	こういうわけで、私たちは揺り動かされない御国を受けているのですから、感謝しようではありませんか。こうして私たちは、慎みと恐れとをもって、神に喜ばれるように奉仕をすることができるのです。
44019013	Description	ところが、諸国を巡回しているユダヤ人の魔よけ祈祷師の中のある者たちも、ためしに、悪霊につかれている者に向かって主イエスの御名をとなえ、「パウロの宣べ伝えているイエスによって、おまえたちに命じる。」と言ってみた。
44015040	Grace	パウロはシラスを選び、兄弟たちから主の恵みにゆだねられて出発した。
63001008	Recommendation	よく気をつけて、私たちの労苦の実をだいなしにすることなく、豊かな報いを受けるようになりなさい。
66011006	Violence	この人たちは、預言をしている期間は雨が降らないように天を閉じる力を持っており、また、水を血に変え、そのうえ、思うままに、何度でも、あらゆる災害をもって地を打つ力を持っている。
44008021	Sin	あなたは、このことについては何の関係もないし、それにあずかることもできません。あなたの心が神の前に正しくないからです。
43017010	Faith	わたしのものはみなあなたのもの、あなたのものはわたしのものです。そして、わたしは彼らによって栄光を受けました。
45003012	Sin	すべての人が迷い出て、 みな、ともに無益な者となった。 善を行なう人はいない。ひとりもいない。」
50002003	Recommendation	何事でも自己中心や虚栄からすることなく、へりくだって、互いに人を自分よりもすぐれた者と思いなさい。
66001013	Description	それらの燭台の真中には、足までたれた衣を着て、胸に金の帯を締めた、人の子のような方が見えた。
66022003	Faith	もはや、のろわれるものは何もない。神と小羊との御座が都の中にあって、そのしもべたちは神に仕え、
60004007	Recommendation	万物の終わりが近づきました。ですから、祈りのために、心を整え身を慎みなさい。
44014026	Grace	そこから船でアンテオケに帰った。そこは、彼らがいま成し遂げた働きのために、以前神の恵みにゆだねられて送り出された所であった。
46007028	Recommendation	しかし、たといあなたが結婚したからといって、罪を犯すのではありません。たとい処女が結婚したからといって、罪を犯すのではありません。ただ、それらの人々は、その身に苦難を招くでしょう。私はあなたがたを、そのようなめに会わせたくないのです。
49006012	Sin	私たちの格闘は血肉に対するものではなく、主権、力、この暗やみの世界の支配者たち、また、天にいるもろもろの悪霊に対するものです。
59001005	Recommendation	あなたがたの中に知恵の欠けた人がいるなら、その人は、だれにでも惜しげなく、とがめることなくお与えになる神に願いなさい。そうすればきっと与えられます。
52005019	Recommendation	御霊を消してはなりません。
58009002	Description	幕屋が設けられ、その前部の所には、燭台と机と供えのパンがありました。聖所と呼ばれる所です。
66003018	Recommendation	わたしはあなたに忠告する。豊かな者となるために、火で精練された金をわたしから買いなさい。また、あなたの裸の恥を現わさないために着る白い衣を買いなさい。また、目が見えるようになるため、目に塗る目薬を買いなさい。
62005013	Faith	私が神の御子の名を信じているあなたがたに対してこれらのことを書いたのは、あなたがたが永遠のいのちを持っていることを、あなたがたによくわからせるためです。
43007018	Faith	自分から語る者は、自分の栄光を求めます。しかし自分を遣わした方の栄光を求める者は真実であり、その人には不正がありません。
47004007	Grace	私たちは、この宝を、土の器の中に入れているのです。それは、この測り知れない力が神のものであって、私たちから出たものでないことが明らかにされるためです。
45012019	Recommendation	愛する人たち。自分で復讐してはいけません。神の怒りに任せなさい。それは、こう書いてあるからです。「復讐はわたしのすることである。わたしが報いをする、と主は言われる。」
43008054	Faith	イエスは答えられた。「わたしがもし自分自身に栄光を帰するなら、わたしの栄光はむなしいものです。わたしに栄光を与える方は、わたしの父です。この方のことを、あなたがたは『私たちの神である。』と言っています。
45014020	Recommendation	食べ物のことで神のみわざを破壊してはいけません。すべての物はきよいのです。しかし、それを食べて人につまずきを与えるような人のばあいは、悪いのです。
43019040	Description	そこで、彼らはイエスのからだを取り、ユダヤ人の埋葬の習慣に従って、それを香料といっしょに亜麻布で巻いた。
58010034	Faith	あなたがたは、捕えられている人々を思いやり、また、もっとすぐれた、いつまでも残る財産を持っていることを知っていたので、自分の財産が奪われても、喜んで忍びました。
44013023	Grace	神は、このダビデの子孫から、約束に従って、イスラエルに救い主イエスをお送りになりました。
46002009	Faith	まさしく、聖書に書いてあるとおりです。 「目が見たことのないもの、 耳が聞いたことのないもの、 そして、人の心に思い浮かんだことのないもの。 神を愛する者のために、 神の備えてくださったものは、みなそうである。」
45008011	Grace	もしイエスを死者の中からよみがえらせた方の御霊が、あなたがたのうちに住んでおられるなら、キリスト・イエスを死者の中からよみがえらせた方は、あなたがたのうちに住んでおられる御霊によって、あなたがたの死ぬべきからだをも生かしてくださるのです。
45008016	Faith	私たちが神の子どもであることは、御霊ご自身が、私たちの霊とともに、あかししてくださいます。
48006007	Recommendation	思い違いをしてはいけません。神は侮られるような方ではありません。人は種を蒔けば、その刈り取りもすることになります。
45011022	Grace	見てごらんなさい。神のいつくしみときびしさを。倒れた者の上にあるのは、きびしさです。あなたの上にあるのは、神のいつくしみです。ただし、あなたがそのいつくしみの中にとどまっていればであって、そうでなければ、あなたも切り落とされるのです。
59005007	Recommendation	こういうわけですから、兄弟たち。主が来られる時まで耐え忍びなさい。見なさい。農夫は、大地の貴重な実りを、秋の雨や春の雨が降るまで、耐え忍んで待っています。
55001016	Grace	オネシポロの家族を主があわれんでくださるように。彼はたびたび私を元気づけてくれ、また私が鎖につながれていることを恥とも思わず、
62002028	Faith	そこで、子どもたちよ。キリストのうちにとどまっていなさい。それは、キリストが現われるとき、私たちが信頼を持ち、その来臨のときに、御前で恥じ入るということのないためです。
48005016	Recommendation	私は言います。御霊によって歩みなさい。そうすれば、決して肉の欲望を満足させるようなことはありません。
54001015	Grace	「キリスト・イエスは、罪人を救うためにこの世に来られた。」ということばは、まことであり、そのまま受け入れるに値するものです。私はその罪人のかしらです。
49006010	Faith	終わりに言います。主にあって、その大能の力によって強められなさい。
46010012	Recommendation	ですから、立っていると思う者は、倒れないように気をつけなさい。
58010014	Grace	キリストはきよめられる人々を、一つのささげ物によって、永遠に全うされたのです。
43010031	Violence	ユダヤ人たちは、イエスを石打ちにしようとして、また石を取り上げた。
46011003	Description	しかし、あなたがたに次のことを知っていただきたいのです。すべての男のかしらはキリストであり、女のかしらは男であり、キリストのかしらは神です。
58011036	Violence	また、ほかの人たちは、あざけられ、むちで打たれ、さらに鎖につながれ、牢に入れられるめに会い、
58006019	Faith	この望みは、私たちのたましいのために、安全で確かな錨の役を果たし、またこの望みは幕の内側にはいるのです。
49005011	Recommendation	実を結ばない暗やみのわざに仲間入りしないで、むしろ、それを明るみに出しなさい。
59004011	Recommendation	兄弟たち。互いに悪口を言い合ってはいけません。自分の兄弟の悪口を言い、自分の兄弟をさばく者は、律法の悪口を言い、律法をさばいているのです。あなたが、もし律法をさばくなら、律法を守る者ではなくて、さばく者です。
66021021	Description	また、十二の門は十二の真珠であった。どの門もそれぞれ一つの真珠からできていた。都の大通りは、透き通ったガラスのような純金であった。
58003006	Faith	しかし、キリストは御子として神の家を忠実に治められるのです。もし私たちが、確信と、希望による誇りとを、終わりまでしっかりと持ち続けるならば、私たちが神の家なのです。
45012009	Recommendation	愛には偽りがあってはなりません。悪を憎み、善に親しみなさい。
66011013	Violence	そのとき、大地震が起こって、都の十分の一が倒れた。この地震のため七千人が死に、生き残った人々は、恐怖に満たされ、天の神をあがめた。
48003020	Description	仲介者は一方だけに属するものではありません。しかし約束を賜わる神は唯一者です。
43019010	Description	そこで、ピラトはイエスに言った。「あなたは私に話さないのですか。私にはあなたを釈放する権威があり、また十字架につける権威があることを、知らないのですか。」
44008032	Description	彼が読んでいた聖書の個所には、こう書いてあった。 「ほふり場に連れて行かれる羊のように、 また、黙々として 毛を刈る者の前に立つ小羊のように、 彼は口を開かなかった。
44013021	Description	それから彼らが王をほしがったので、神はベニヤミン族の人、キスの子サウロを四十年間お与えになりました。
56001010	Sin	実は、反抗的な者、空論に走る者、人を惑わす者が多くいます。特に、割礼を受けた人々がそうです。
44010012	Description	その中には、地上のあらゆる種類の四つ足の動物や、はうもの、また、空の鳥などがいた。
43017022	Grace	またわたしは、あなたがわたしに下さった栄光を、彼らに与えました。それは、わたしたちが一つであるように、彼らも一つであるためです。
55001013	Faith	あなたは、キリスト・イエスにある信仰と愛をもって、私から聞いた健全なことばを手本にしなさい。
43002006	Description	さて、そこには、ユダヤ人のきよめのしきたりによって、それぞれ八十リットルから百二十リットル入りの石の水がめが六つ置いてあった。
46015034	Recommendation	目をさまして、正しい生活を送り、罪をやめなさい。神についての正しい知識を持っていない人たちがいます。私はあなたがたをはずかしめるために、こう言っているのです。
49004002	Recommendation	謙遜と柔和の限りを尽くし、寛容を示し、愛をもって互いに忍び合い、
65001023	Recommendation	火の中からつかみ出して救い、またある人々を、恐れを感じながらあわれみ、肉によって汚されたその下着さえも忌みきらいなさい。
45008028	Grace	神を愛する人々、すなわち、神のご計画に従って召された人々のためには、神がすべてのことを働かせて益としてくださることを、私たちは知っています。
45016019	Recommendation	あなたがたの従順はすべての人に知られているので、私はあなたがたのことを喜んでいます。しかし、私は、あなたがたが善にはさとく、悪にはうとくあってほしい、と望んでいます。
58009004	Description	そこには金の香壇と、全面を金でおおわれた契約の箱があり、箱の中には、マナのはいった金のつぼ、芽を出したアロンの杖、契約の二つの板がありました。
45003027	Faith	それでは、私たちの誇りはどこにあるのでしょうか。それはすでに取り除かれました。どういう原理によってでしょうか。行ないの原理によってでしょうか。そうではなく、信仰の原理によってです。
43014010	Faith	わたしが父におり、父がわたしにおられることを、あなたは信じないのですか。わたしがあなたがたに言うことばは、わたしが自分から話しているのではありません。わたしのうちにおられる父が、ご自分のわざをしておられるのです。
44016022	Violence	群衆もふたりに反対して立ったので、長官たちは、ふたりの着物をはいでむちで打つように命じ、
43013034	Recommendation	あなたがたに新しい戒めを与えましょう。あなたがたは互いに愛し合いなさい。わたしがあなたがたを愛したように、そのように、あなたがたも互いに愛し合いなさい。
47005001	Grace	私たちの住まいである地上の幕屋がこわれても、神の下さる建物があることを、私たちは知っています。それは、人の手によらない、天にある永遠の家です。
43012044	Faith	また、イエスは大声で言われた。「わたしを信じる者は、わたしではなく、わたしを遣わした方を信じるのです。
44009013	Description	しかし、アナニヤはこう答えた。「主よ。私は多くの人々から、この人がエルサレムで、あなたの聖徒たちにどんなにひどいことをしたかを聞きました。
55003002	Sin	そのときに人々は、自分を愛する者、金を愛する者、大言壮語する者、不遜な者、神をけがす者、両親に従わない者、感謝することを知らない者、汚れた者になり、
45005009	Grace	ですから、今すでにキリストの血によって義と認められた私たちが、彼によって神の怒りから救われるのは、なおさらのことです。
45014014	Sin	主イエスにあって、私が知り、また確信していることは、それ自体で汚れているものは何一つないということです。ただ、これは汚れていると認める人にとっては、それは汚れたものなのです。
54004006	Faith	これらのことを兄弟たちに教えるなら、あなたはキリスト・イエスのりっぱな奉仕者になります。信仰のことばと、あなたが従って来た良い教えのことばとによって養われているからです。
