62003016	Faith	Goo hamaga tei sooloo deli goo ee ka gooleedoso. Yesu Kelisoye iba halo o su teli mapoo magooso. Esiga iba nosee tei too odoo ee halo, ibada gie badeli peegoo magalai tekepo.
43013001	Grace	Yu odooso Gababia wo nali biame olo koola tooboome, Yesu yo mipoo hagee poogoloso see Ama mapoo palai biame ee olo koola tooboo, doloso gooleedooso. Esiga yayo mipoo hamapoo gie badolone, o hamamee dili odoo ee sooloo deliso. Esino yayo diba diya sooloo deli goo ee epedee dimapoo eligiso.
59004010	Recommendation	Osoloso Godeeyo mudugiyopoo niso nediliyo pepooko dee. Egeeseega Godeeye niba dokodoo poudileiso.
44017031	Grace	Bei, yayo mi odoo susuga dibada goo ee meedilei beeame olo magooso. Esiga yayo medee meedileiso. Egee yayo daga hesia odoo oso ka salai. Esiga Godeeye to hamapoo tei dolone, yayo hesia odoo ee ta maga hogadiso,” diso.
43019002	Description	Eseme diayo yo wooloso we ti sidoloso, o wiligi mapoo mediso, osoloso wiligi odoo tebisa oso kali dugo bige sage yimapoo kadiso.
43014011	Faith	Esiga ayo takolone, ayo mo Ma sabolo hedebe doloso egee bado sabolo, osoloso mo Maye abolo hedebe doloso badoso, dee egee takoo goo omapoo tei te. Esino niyo to ayo taka mapoo tei telega poogooga, goo toowa opusomo di ayo moodoo ee ogoloso to ayo taka mapoo tei dee.
44013018	Description	Osoloso diba dugo 40 ma kulodu miwe poogoo mapoo silesibulone, Godee mapoo diayo gowooloso yimaga miligi pialoso silesibiso, esino Godeeye diba pegele.
44016037	Violence	Esino Poloye gamalee odoo oso diye di odoo mapoo dileso egeesee takaso, “Nibada wiligi odoo tebisa oso ibada goo ee medee meedile. Egeeseelone diayo nimapoo kitulugu teneme, niyo iba odoo howo woola mapoo wooloogaso. Esiga diba Loum mi toowa mapoo debeli odoo mapoo goo egeesee moodoolai tekeponee. Bei, Sailesi asalo iba Loum mi toowa mapoo debeli odoo. Esino niyo iba wooloogaso. Osoloso nibada wiligi odoo tebisa oso iba neliga moso ma kulodu toosooso. Osoloso see diayo iba neliga moso maga mada peegoo iyado dilame ka sala? Egeesee salai tekeponee. Esiga dieso sibileso iba neliga moso hamaga iyadoloso peegoo dilei tekepo,” diso.
62003003	Faith	Esiga edebeeyo goo hamapoo bolone dulone badoga, odoo oso tokenee mauwe Keliso masi badalai tekepo.
43010008	Sin	Esino a sibilega badoboome, odoo susuga daga malalo sibadee egee bia ee heli teli odooso. Esiga sipi beso dibada to duloso mesile.
44006013	Description	Diba omapoo peleso dobolone, Sitibeneeyo goo maga gamenee takeli odoo oso gamenee egeesee takaso, “Odoo hagooso ibada tei moso maga tokenee goo takeliso, osoloso Moseseeye eligi goo hogugu goo maga tokenee goo takeliso.
59005010	Recommendation	Esiga tei telaga odoo emegei, niba Godee maga to toloso kokodo takomo sili odoo oso debei ogoloso, niba nosee egeesi masi debee. Bei, diayo Godeeyo hu maga to takomo silesibulone dala ma kulodu mesie sabolo debeliso.
44002021	Faith	Osoloso edebeeyo Lodeeye pidilame yimapoo woosaga, nei yayo yimapoo gie badeli tenelaiso.’
55001008	Faith	Esiga ibada Lodee Yesu Kelisowo goo ee, nayo odoo mapoo takalai na simiye. Osoloso Kelisowo goo takomo silee maga, ayo neliga moso ma kulodu hagee bado goo omaga no na simiye. Esino nayo mo tou su tolone, Godeeye namapoo tou tenee ee dala ma kuloduga kitulugu sabolo osee tomo di. Bei, Godeeye namapoo kitulugu ka tenemologa.
43017019	Description	Osoloso ayo diba halo a namapoo teneeso, diba nosee tei nee odoo doloso peegoo pi magoloso ka dabalame.”
44021025	Recommendation	Esino goo hagee Yu dele poogoo tei too odoo dibada goonee. Bei, iyo dimapoo to hogugu olo teneeso. Osoloso iyo to hogugu ee ma kulodu egeesee hoguguso, ‘Niba gamenee godee mapoo nali bi tenee toloso na ne. Osoloso sawo na ne, osoloso hwei sawo sabolo mologa na ne, osoloso odoo hee mapoo giba na ne,’ diso.”
44005003	Sin	Eseme Pitaye Ananayas mapoo egeesee takaso, “Bei kasee maga nayo Saitenso gamenee taka to mapoo mesilone, Godeeyo Dio Tei mapoo gamenee takolone, mi molee too abo mada ka magoowo?
52005008	Faith	Esino iba beeame gadeebugu ma kulodu debeli odoo oso. Esiga iba tekepo, mopoodoo doloso dobolone, ibada su oso tokenee teyaga kookoodoloso bolone dobomo. Esiga ha teli odoo oso o su tioso woodeyaga gooloogalame, ki bi o su mapoo kaliso. Esiga iba egeesi masi Saiten oso gamenee taka mapoo homodobiyaga, iba Yesu mapoo tei tolone dobolone, emegei sooloo dolone dobomo. Osoloso ha teli odoo oso o wiligi mapoo tioso woodeyaga gooloogalame, ki bi wiligi mapoo meliso. Esiga iba egeesi masi Saiten oso gamenee taka mapoo homodobiyaga, iba gie badeli talame tei tolone dobomo.
55001007	Grace	Bei, Godeeye imapoo Dio Tei tenee egee iba ebilame ka tenele. Esino yayo imapoo Dio Tei tenee oso imapoo kitulugu sabolo, sooloo deli goo sabolo, osoloso goo tokenee teyaga ibada su kookoodeli goo ee tenee.
62002004	Sin	Esino edebeeyo takolone, “Godee a gooleedooso,” dee takoloso, see yayo Godeeye kokodo taka to mapoo koo mesimo siloga, yayo wulo gamenee goo goolone ka seeso. Esiga odoo egeesi mapoo tei goo mauwe.
43007030	Description	Eseme biame omapoo wiligi odoo diba goomogaso, Yesu omapoo talame. Esino odoo heeso yimapoo goo hee moodele. Bei, o biame tugodelega.
43018030	Description	Eseme diayo nei yimapoo egeesee takaso, “Odoo hagee goo hee tele diepi, iyo yo namapoo ido sibile pegeliyo,” diso.
44024023	Description	Osoloso Peliksiye ha teli gibadili odoo hee mapoo egeesee takaso, “Niba Polo medee bolone, yimapoo hegi goo hee na tenee. Osoloso emegei odoo heeso yo pidilei na hamaga takee,” diso.
52005014	Recommendation	Osoloso nima kulodu tou talai mapoo wabedeli odoo oso tou talame toso diya takee. Osoloso odoo howo woola tou talai simili odoo mapoo pidi to oso pidilone debee. Osoloso koo kibili odoo pidilone debee. Osoloso niba nemegei odoo sabolo mesiloso dobolone, saga kamanabugu dolone na debee.
44018025	Faith	Odoo hagee Lodee Yesuwo goo ee odoo heeso eligiso. Esiga yayo Yesuwo goo ee kitulugu sabolo tekepo eligiliso. Esino yo odoo Yesuwo hu maga howomoo howo sauwidili goo ee gooleedelega badolone, wulo Yoneeye odoo susuga howomoo howo sauwidiga goo ono gooleedoloso badebeiso.
62002027	Recommendation	Esino nimapoo Kelisoye Dio Tei olo teneeso. Osoloso Dio Tei oso nibada kulodu badolone, niba ka eligimoloso. Esiga odoo heeso tei goo eligilei niba koo goomogoso. Bei, Dio Tei oso niba tei goo susuga olo eligimoloso. Esiga yayo eligi ee ma kulodu, tei goo ee eligilone, gamenee goo koo eligiso. Esiga niba Dio Tei oso eligi goo mapoo dodolone, Yesu sabolo hedebe doloso osee debee.
59002026	Faith	Esiga odoo o su mapoo dio mauwe odoo ee ta. Esiga tei too goo onosee egeesi moloso, edebeeyo yayo tei too ee suso tou telega badoga, yayo tei too ee goo mauwe moloso.
44027035	Description	Osoloso Poloye to hagee takoloso, wo toloso goomoga to Godee mapoo takoloso, odoo susuga eyo howo woola mapoo wo po doloso neso.
44015020	Sin	Esino iyo wulo to hogugu ono Yu dele poogoo odoo dimapoo tenelone egeesee takalaiso, ‘Niba gamenee godee mapoo nali bi tenee toloso na ne. Bei, nali bi egee Godeeyo howo woola olo tokenee paso. Osoloso odoo hee mapoo giba na ne. Osoloso sawo na ne, osoloso hwei sawo sabolo mologa na ne,’ diso.
44023003	Sin	Esino Poloye Ananayas mapoo egeesee takaso, “Nayo a wei eyo nei Godeeye no woolaiso. Esiga no goo goolee bakadio gweli odoo. Bei, nayo Moseseeye tei magoo sabolo mo goo meediliso. Esino epedee nayo a wei oso no tei magoo gababiaso,” diso.
52005009	Grace	Bei, Godeeye iba hesiga hagee, yayo komonolone dala tenelame ka hesigele. Esino ibada Lodee Yesu Keliso maga gie badeli talame ka hesiga.
55001012	Faith	Esiga ayo tou hagee tolone, dala goo ma kuloduga similega badolone tou ka tomoloso. Bei, ayo tei toloso hagee dodomo du odoo ee, a gooleedooso. Odoo ee Yesu. Esiga a gooleedooso, to tekepo yayo amapoo taka ee, eyo medee osee bamo dimeleso, yo see wedi sibileiso.
52001001	Grace	To hogugu hagee Polo, Sailesi, osoloso Timoti iyo Tesalonika mi ma kulodu debeli tei telaga odoo nimapoo ka teneeso. Niba Ma Godee sabolo, osoloso Lodee Yesu Keliso sabolo hedebe doloso doso. Esiga iyo Godee mapoo takooso, yayo niba sooloo dolone pidilame osoloso mesie sabolo dabalame.
59005015	Faith	Osoloso diayo tei toloso dokodoo takooga, paiye weidileiso. Bei, Lodeeye diayo dokodoo taka to ee duga, paiye ka weidoso. Egeesee ma kulodu, odoo yimapoo goo tokenee hee too mologa, omapoo Lodeeye hapoloso boobado bigileiso.
55001003	Faith	Timoti, ayo no goolone Godee mapoo goomoga to takeliso. Osoloso biame susuga sabolo, osoloso gesi susuga ayo no halo Godee mapoo takeliso. Osoloso mo awe diayo Godee mapoo tei toloso sibadee egeesi masi anosee Godee hedebe omapoo tei tooso. Egeeseelone Godeeyo howo woola tokenee mauwe egee bado goo ee a gooleedoloso, ayo o tou ka tomoloso.
53002011	Sin	Goo egeesee maga Godeeye goo tiadili goo toowa dimapoo tenelaiso, diayo tei magoo mapoo koo mesili odoo oso gamenee goo taka mapoo tei talame.
55003008	Sin	Esiga daga hoogoo, Yanes dio Yambeles dio Moses mapoo wegigaso. Esiga goo hedebe egeesi maga gamenee goo eligili odoo epedee hamapoo egee do oso Kelisowo goo maga tei goo eligi mapoo wegigamoloso. Bei, dia goo goolee olo tokenee poloso, tei too goo ee me poogoome.
44026011	Violence	Osoloso a Yu odoowo howo gisili moso susuga mapoo silone, tei telaga odoo mapoo dala tenelone, ayo dimapoo toso pupulone, to tokenee takoloso Yesuwo goo mapoo miligi pie, dee takeliso. Osoloso ayo dimapoo dia komonolone, mi abo mapoo dileso, tei telaga odoo toloso dala teneliso.
44010043	Faith	Osoloso daga hoogoo Godeeyo to tosili odoo susuga oso goo hamapoo tei takoo diso. Edebeeyo Yesu mapoo tei toga, Godeeye Yesu maga o goo tokenee hapoloso boobado bigileiso,” diso.
44019004	Faith	Eseme Poloye dimapoo egeesee takaso, “Yonee odoo howomoo howo sauwidili oso eligi goo ee egeesee moloso. Edebeeyo Kelisoye sibilei goo mapoo moodoolone, diayo dibada goo tokenee maga miligi pume, howomoo howo sauwidigaso. Esino yayo egeeseelone egeesee takeliso, ‘Ama hamamee egee sibo odoo omapoo tei te,’ dee takeliso. Odoo ee Yesu,” diso.
44010048	Description	Eseme Pitaye see egeesee takaso, “Niyo Yesu Keliso mapoo tei too goo ee eligilame, niba howomoo howo sauwidige,” diso. Osoloso diba howomoo howo sauwidigaloso, diayo Pita beeame abo mapoo dibolo hodobo badoboso dilame goomogaso. Eseme Pitaye Yopa mapoo tei telaga odoo sabolo omapoo debeiso.
62002025	Grace	Esiga Kelisoye imapoo kookaiyo badoboso gie badeli tenelame to kitulugu magooso.
59003017	Description	Esino tekepo badalai goo Godee maga egee sibo goo oso imapoo eligiso. Malalo goo toowa ee tokenee mauwe goo oso, osoloso mesie goo, osoloso emegei gweli goo, osoloso emegei dimapoo mesili goo, osoloso sooloo deli goo, osoloso emegei pidili goo, osoloso odoo abo pilega tokenee odoo sabolo tekepo odoo sabolo hodobo dabalai goo, osoloso tei takeli goo.
43003035	Faith	Godeeye Owolo sooloo dolone goo susuga ee yayo wiligi doloso badalame kitulugu yimapoo olo teneeso.
44018024	Description	Domo omapoo Yu odoo Apolosee, Alesendilia mapoo badeli odoo ee Epeses mapoo simiso. Yo Godeeyo to booka mapoo hogugu dia gooleedoo. Esiga yayo Godeeyo to taka domo mapoo medee tekepo takeli.
56002015	Recommendation	Esiga nayo goo susuga hagee kitulugu sabolo medee kokodo takee, tei telaga odoo oso goo ee tolone dabalame. Esino diayo goo omapoo mesilega poogooga, nayo dimapoo diya takee. Nayo egeesi eligi goo ee ogoloso edebeeyo hedebe nayo eligi mapoo mesilei tekepo. Egeeseelone odoo heeso nayo eligi goo ee goo mauwe, dee na takeeye dee.
62004009	Grace	Esiga Godeeye iba sooloo dala goo ee yebugulone owolo hedebe mipoo toowa hamapoo meiye diso, iyo yimaga kookaiyo badoboso gie badeli talame.
43017024	Grace	Esiga Ma, tei telaga odoo nayo amapoo tenee hagee bia ee ayo badalai mi mapoo abolo hodobo dabalai, a goomogoso. Osoloso toowa doloso badeli goo ee nayo amapoo tenee ee diayo agalai, a goomogo. Mipoo moodelega molome, nayo a sooloo dolone, toowa doloso badeli goo egee nayo amapoo teneeso.
44018017	Violence	Eseme goo meedili moso ma kulodu odoo susuga oso howo gisili moso wiligi odoo Sostene toloso weiso. Esino Galiyoye goo hagee ogoloso yimapoo goonee diso.
43010039	Violence	Eseme odoo susuga oso to hagee duloso Yesu see talame seme, Yesu dimaga peegoo diso.
43012003	Description	Eseme Meliye mopoodoo soo tekepo nad deli i salama soo lita botoloo gegelee egeesi toloso Yesuwo homo mapoo sooso. Osoloso o homo o wuduso taso. Eseme mopoodoo soo oso sisigage oso moso kulodu tiadooso. Mopoodoo soo tekepo hagee molee toowaso teli.
59002024	Faith	Esiga niba goolee. Odoo susuga oso hedebe tei too maga Godeeyo howo woola tekepo odoo dee koo seeso. Haye. Suso tou too sabolo osoloso tei too maga Godeeyo howo woola odoo susuga ee tekepo deliso.
43008029	Grace	Esiga a diye di odoo ee abolo hodobo badoso. Yo a koo poogoo dili. Bei, ayo hedebe yo goomogalai goo ono tomo sili.”
43015011	Grace	Esiga goo hagee ayo nimapoo olo takaso, goomoga goo amapoo egee molo niyo talame. Osoloso nimapoo goomoga goo oso kauwuloso ka malame.
43002015	Violence	Osoloso Yesuye gowoolone tiso wei masi moodooloso wei oso sipi be sabolo, osoloso bulumakau be sabolo, osoloso odoo susuga peegoo hasisobuguso. Osoloso molee piligeli debi pooba bidige buguloso molee ko sabolo peegoo kugobuguso.
44007024	Violence	Yayo dulone egeino Isipi odoo heeso Isalael odoo hee woomelee ogoloso, yayo nei Isipi odoo hee wooloomaso.
53003013	Recommendation	Esino tei telaga odoo emegei, niyo goo tekepo talai mapoo na wabede.
44007043	Sin	Esiga niba tei moso dugoso tegei ee imadoloso silesibiliso. Osoloso niyo moso oma kulodu goomoga poudili ee amapoo goomoga koo poudili. Esino niyo deeso moodoo gamenee godee Moloko sabolo Lepan godeeyo giwo sabolo omapoo goomoga poudiliso. Esiga niba ayo nibada midee hamaga see mi eli sage Bebilon mi hodiokoo hasiso bigileiso,’ diso.
53002015	Recommendation	Esiga tei telaga odoo emegei, iyo nimapoo eligi goo sabolo osoloso to hoguguloso tenee sabolo medee kibiya toloso tei too ma kulodu kibiya debee.
62003001	Grace	Esiga ibada Ama Godeeye iba susuga diya sooloo dala goo toowa goo ee medee goolee! Yayo sooloo dala maga iba yayo owolo dio deliso. Esiga iba tei owolo dio doloso doso. Esino mi toowa goomegeli odoo oso Godeeyo goo diba gooleedele. Goo egeesee maga diba ibada goo gooleedele.
44009014	Violence	Esiga tei moso wiligi odoo tebisa oso yimapoo kitulugu teneme, Damasko mi hamapoo dobolone, Yesu namapoo tei telagali odoo susuga iyadoloso see Yolusalem mapoo iyado diadeeso,” diso.
43005018	Violence	Yesuye to egeesee takeme, nei diayo yo wooloomalame diya goomogaso. Bei, yayo hedebe Yu odoo dia hasali biame ee gababile, esino yayo takolone, Godee yo tei Ama, dee taka goo omaga, eyo nediliyo yo Godee sabolo hodobo teiba neme.
44002025	Faith	Esiga ibada amawe wiligi odoo taba Deibidiye Yesuwo goo Godeeyo to booka mapoo hogugu maga egeesee takooso, ‘A beeame susuga Godeeye mo mudugiyopoo tobudo doloso gooleedeliso. Yo koola mapoo tobudoso. Esiga a ebileime.
59005016	Recommendation	Esiga niso nima kulodu, nibada goo tokenee ee yiligebuguloso howo gise goo oso nei takoo, nei takoo dolone ka debee, Godeeye nima kulodu paigiga odoo egee do tekepo moodoolame. Bei, Godeeyo howo woola mapoo tekepo badeli odoo oso dokodoo takeli goo ee diya kitulugu moloso.
43006047	Faith	Esiga ayo nimapoo taka. Amapoo tei too odoo yo olo badoboso kookaiyo gie badeli tooso.
43014018	Grace	Esiga ayo niba gilibo holo masi wulo domopoo poogoloso badalaime. Esino a see tobu nimapoo wedi sibileiso.
62005014	Faith	Esiga iba gooleedooso, iyo Godee yimapoo takolone iyo goomoga goo ee yayo goomoga goo sabolo tobuloso woosaga, yayo ibada to duleiso.
43019041	Description	Egeesi ma kulodu Yesu homo bulubo magoo ma dokodoo eniga mi eyo koola omapoo homolee meleeso. Homolee ee ma kulodu bi dia yo ou poogoo mapoo daga odoo tayo kou magele poogoo meleeso.
62005011	Grace	Esiga Godeeye imapoo owolowo goo mapoo tei taka to hagooso. Godeeye imapoo badoboso kookaiyo gie badeli teneeso. Gie badeli egee owolo Yesu maga imapoo ka teneli.
62005012	Faith	Osoloso edebeeyo owolo Yesu mapoo tei toga, yimapoo gie badeli egee olo moloso. Esino odoo agayo Godeeyo owolo mapoo tei telega poogooga, yimapoo gie badeli egee mauwe.
43008036	Grace	Esiga Owolo ayo niba tokenee goo ma kuloduga puo poogooga, niba tokenee goo ma kuloduga tei olo puo pagalaiso.
55001014	Recommendation	Osoloso ima kulodu badeli Dio Tei oso pidili maga, Godeeye namapoo Yesuwo goo maga to tekepo tenee ee medee be, edebeeyo to egee see opusumo diyaga.
43015022	Sin	Egeesi ma kulodu ayo sibileso dimapoo to takele diepi, Godeeye dia goo tokenee midilei ee pegeliyo. Esino epedee hamapoo ayo sibileso olo takaso. Goo egeesi maga goo tokenee diayo moodoo ee Godeeye midileiso. Esino diayo to nei takalai tebileime.
62003010	Sin	Esiga goo hageesee maga iyo Godeeyo owolo dio sabolo osoloso Saiteneeyo owolo dio sabolo medee kibiya ka gooleedoso. Odoo agayo tekepo goo telega poogooga, yo Godeeyo owolonee. Osoloso tei too odoo sooloo delega poogooga, yo Godeeyo owolonee.
44002026	Faith	Esiga mo sooloo ma kulodu goomoga toowaso molone, goomoga goo hagee ka taka. A tei toso, mo su see gie badalaiso.
44013001	Description	Antiyoka mi mapoo tei telaga odoo oso mooloogoodoloso, debei ma kulodu Godeeyo to tosili odoo sabolo Godeeyo goo ee eligili odoo ee dibada hu hagooso: Banabasi, osoloso Simiyono (o hu hee Nigele), osoloso Kulene odoo Lukiyas, osoloso Manayen (wiligi odoo taba Helodee dio hodobo kauwa), osoloso Solo.
56001011	Sin	Esiga diayo egee eligimo silesibo goo ee hamaga takee. Bei, soosooso tei too goo ee diayo tokenee pomo silesiboso. Osoloso diayo molee talame gamenee goo hagee eligimo silesibiliso.
43013011	Sin	Osoloso Yesu yo ha teli odoo mapoo tiasalai odoo ee, yo olo gooleedooso. Esiga yayo egeesee ka taka, “Odoo hee nima kulodu subugo sabolo badoso,” dee ka taka.
43010001	Sin	Yesuye see egeesee takaso, “Ayo nimapoo taka. Edebeeyo sipi be beelee ma kulodu osulu maga gadilega, see eli hee maga sibileso kulodu gaduga, yo heli teli odooso.
44014005	Violence	Osoloso ee ma kulodu Yu odoo sabolo tebisa, Yu dele poogoo odoo sabolo, osoloso Yu odoo sabolo, osoloso dibada wiligi odoo tebisa sabolo, Polo dimapoo yoso enigaloso wooloomalame to tekepo moodooso.
43021017	Description	Osoloso see bakadio hedebe di mapoo Saimon-Pita mapoo egeesee takaso, “Saimon, Yoneeyo owolo, nayo a diya goolee sabolo badosomo?” dee takaso. Eseme Pita to hedebe hagonosee Yesuye bakadio hedebe di taka ee duloso diya gooheleso. Esiga yayo nei egeesee takaso, “Lodee, goo susuga no gooleedooso. Osoloso ayo no diya goolee sabolo hagee bado goo ee, no olo gooleedooso,” diso. Eseme Yesuye yimapoo egeesee takaso, “Mo sipi be nayo medee poopoomelee.
43012023	Description	Eseme Yesuye nei dimapoo egeesee takaso, “Odoo Holo ayo toowa doloso badalai biame ee olo siboso.
44026017	Grace	Esiga nayo Yu odoo sabolo, osoloso Yu dele poogoo odoo sabolo ma kulodu mo to takomo siloga, ayo no medee balaiso. Egeesee ma kulodu diayo no dala teneega, ayo no pidileiso. Esiga diayo tei goo ee gooleedoga, diayo neliga maga miligi pialoso, gadeebugu mapoo bidiga dabalame, osoloso Saiten oso gibadolone debei poogoloso, see Godee mapoo bidiga dabalame, ayo no dimapoo diye deeso. Egeeseega ayo dibada goo tokenee hapoloso boobado bigileiso. Egeeseega diayo amapoo tei too goo maga, Godeeye hesia odoo oso egee do sabolo hodobo dabalaiso,’ diso.
56003003	Sin	Esiga no iyo daga tei telega debei goo ee goolee. Iba tei telega dobolone, goo medee koo gweli odoo doloso debeiso. Iyo Godeeyo to mapoo mesilega doboome, odoo aboso iba tei goodee maga peegoo gido diliso. Osoloso goo tokenee iyo gilee goo ee osee tomo silone pagalai tebile. Iyo odoo abo mapoo goo tokenee moodeliso, osoloso emegei dia bi ogoloso talame diya gweliso. Osoloso edebeeyo iba hegiliso, eseega nei iyo diba hegiliso.
44009043	Description	Eseme Pitaye Yopa mi mapoo beeame susuga badolone, gala kolo sabolo tou teli odoo Saimonobolo o mosopoo badebeiso.
43008021	Sin	Eseme Yesuye see dimapoo egeesee takaso, “Ayo peegoo duga, niyo a esileiso. Esino niba goo tokenee ma kulodu dobolone, nibada goo tokenee hapelega poogoloso wedileiso. Osoloso ayo badalai mi omapoo sibilei, niba tebileime,” dee takaso.
43012026	Faith	Esiga edebeeyo mo tou talai goomogoga, yo a deedee sibe. Eseega, yo ayo egee bado mi omapoo yayo abolo hodobo badalaiso. Esiga mo tou teli odoo ee mo Maye o hu dokodoo poudileiso.
52005011	Recommendation	Esiga niba nee odoo oso tei too ma kulodu kibiya dabalame, pidili toso nei takoo, nei takoo dolone ka debee. Esino a gooleedooso, niba egeeseelone doso.
62003011	Recommendation	Daga eligi goo niyo du hagooso. Esiga iyo nei sooloo dolo, nei sooloo dolo dolone dabalai tekepo.
43003001	Description	Esiga odoo hee badebeiso, o hu Nikodimas. Yo Pelisi odoo, osoloso Yu odoo dia wiligi odoo tebisa ee ma kulodu yinosee wiligi odoo hee yoso.
59002025	Description	Osoloso iba see domo sili sobo Leihebeeye goo too ee ogoso. Yibolosee yayo goo too oso Godeeyo howo woola yo tekepo diso. Bei, yayo Yeliko odoo dia mosobia mada agalame di Isalael odoo ee pidilone, yayo o mosopoo iyadoloso palaso. Osoloso see yayo diba eli hee maga diye dulone dibada gie badeli pidiso.
44013017	Grace	Isalael odoo ibada Godeeye ibada amawe dio hesiaso. Osoloso diba Isipi mi mapoo doboome, Godeeye diba medee gibadebeiso. Eseme Isalael odoo oso bei moodooso. Eseme Godeeye kitulugu sabolo Isipi mi maga diba gilimadoloso peegoo diso.
44015008	Grace	Eseme Godee, odoo sooloo ma kulodu egeli oso Yu dele poogoo odoo oso tei too goo hagee ogoloso, tekepo diso. Bei, yayo goo hagee tei dolone, Dio Tei ee imapoo tenee egeesi masi dimapoo teneeso.
59002011	Sin	Esiga Godeeye egeesee takaso, “Niyo odoo heeyo sobo sabolo giso sabolo goo heli na te,” diso. Osoloso Godee hedebe oso see egeesee takaso, “Odoo na wooloome,” diso. Osoloso no odoo heeyo sobo sabolo giso sabolo heli koo teli, esino odoo wooloomolone badoga, no tei magoo gababili odoo oso.
43010028	Grace	Osoloso ayo dimapoo kookaiyo badoboso gie badeli teneliso. Osoloso diba Godee maga pileime. Osoloso diba mo dee maga odoo heeso peedee dalaime.
55003005	Sin	Odoo egeesi oso gamenee tei too odoo masi badolone, diayo nei Godeeyo kitulugu mapoo tei telega dabalaiso. Esiga goo tokenee ayo hogugu ee tomo sili odoo omaga peegoo dooboobigi.
56003008	Faith	To hagee tei goo, osoloso to hagoso odoo susuga pidilei kitulugu moloso. Esiga a goomogo, nayo goo hagee tei telaga odoo mapoo medee eligilame. Nayo egeesee seega, diba goo tekepo tolone odoo susuga pidilone medee dabalaiso.
59002023	Faith	Goo hagooso Godeeyo to booka ma kulodu taka goo sabolo tobulone egeesee takaso, “Eibalahameeye Godee mapoo tei teme, Godeeye yayo tei too ogoloso o howo woola yo tekepo odoo diso.” Goo egeesee maga Godeeye Eibalaham yo tei mo odoo diso.
59002001	Faith	Tei telaga odoo emegei, niba ee ibada toowa Lodee Yesu Keliso mapoo tei telaga odoo oso. Esiga niba odoo abo ogoloso, diba ee tekepo dolone dimapoo goomogolone, odoo abo ee tokenee dolone diba na gowee.
43019034	Violence	Esino ha teli odoo heeso o molo toloso Yesuwo ho hodio mapoo guso. Eseme haga booloogelega, sawo sabolo osoloso howo sabolo moloso gu omaga sooso.
43015012	Recommendation	Esiga ayo kokodo taka to hagoso. Ayo niba sooloo deli egeesi masi niyo nee odoo nei sooloo dolo, nei sooloo dolo dolone ka debee.
52002015	Violence	Yu odoo oso daga hoogoo Godee maga to toloso kokodo takomo sili odoo piluguso, osoloso diayo Yesu Keliso wooloomaso. Osoloso iyo Godeeyo to mi abo mapoo takomo silesibume, diayo iba peegoo hasisobigiliso. Esiga Godeeye Yu odoo dimapoo koo goomegeli. Osoloso diayo odoo susuga mapoo gowe toowa moloso.
44009001	Violence	Osoloso beeame omapoo Soloye Yolusalem mapoo badolone, tei telaga odoo dimapoo komonolone hegia toowa molone, “diba piligileiso”, diso. Egeeseelone yayo Damasko mi mapoo tei telaga odoo, giso sabolo, sobo sabolo, diba dee tiso tegisaloso Yolusalem mapoo iyado sibilame tei moso wiligi odoo taba agalame diso. Eseme tei moso wiligi odoo taba oso peipa mapoo to hogugulone egeesee hoguguso, “To hogugu hagee namapoo kitulugu teneeso, nayo Damasko mi mapoo dileso, Yesu mapoo tei telaga odoo susuga talame. Esiga no Damasko mi mapoo dileso, Yu odoowo howo gisili moso wiligi odoo tebisa dimapoo to hogugu peipa hagee tenee,” diso.
43017013	Description	Esiga a namapoo olo siboso. Esino a mipoo hamapoo osee badolone, goo hagee ayo namapoo ka taka, goomoga goo amapoo egee molo oso mo hamamee dili odoo dima kulodu toowa doloso malame.
44011006	Description	
44018003	Description	Esino Poloye dileso Akwila dio osobo Plisila dio dibada moso mapoo hodobo debeiso. Bei, diba hodobo dugoso moso tegegeli tou temeliso.
53003012	Recommendation	Iyo odoo egeesi mapoo Yesu Kelisowo hu maga ka taka, diayo goo egee poogoloso nei nali bi talai eyo nei magalai ee talame tou tolone dabalame.
44007009	Sin	Esino Yekobowo owolo susuga hagooso dibada omolo Yosep mapoo dia kweliso. Egeeseelone dibada omolo Yosep yo Isipi odoo mapoo ido dileso neiso talame teneeso. Yayo mi omapoo dileso, nei mauwe tou toowa wulayo tolone badalame. Esino Godee yibolo badolone,
44011028	Description	Esiga dima kulodu odoo hee, o hu Agabus, yayo dibolo sileeso. Esiga yayo Dio Tei oso kitulugu maga egeesee takaso, “Mi susuga mapoo dala goo oso siboga, nei nali bi mauwe pagalaiso,” diso. (Esiga daga hoogoo goo hagooso Sisa Kolodiyaseeye Loum mi toowa wiligi doloso badebei beeame omapoo hodia goo toowa hageesi oso peledabaso.)
44020036	Description	Poloye to hagee takoloso koodobuloso dibolo ebiso miyomoo tugusaloso dobolone dokodoo takaso.
59001002	Recommendation	Tei telaga odoo emegei, dala goo susuga oso nimapoo siboga, goomoga sabolo ee ma kulodu ka debee.
62001006	Sin	Egeesee ma kulodu odoo susuga iyo takolone, iba Godee sabolo hedebe deliso doloso, see neliga ma kulodu silesiboga, iba wulo gamenee takooso. Esiga iba tei goo koo deedeeso.
44010011	Description	Eseme yayo egeino, kei mi yamagoloso molome egeiso. Eseme kei ma dokodooga dugo masi eyo pee mapoo tiso bagagisaloso o mudugiyopaga mi mapoo kukoosoo molome egeiso.
44002009	Description	Bei, iba mi opusomo opusomo di hamaga sibadee odoo: Patia abaga, osoloso Media, Elam, Mesopotamia, Yudiya, Kapadokia, Pontus, Asia,
56001015	Sin	Esiga Godeeyo howo woola subugo mauwe badeli odoo mapoo, bi susuga medee tekepo subugo mauwe moloso. Esino goo tokenee tolone Yesu mapoo tei tele pegeli odoo dimapoo bi susuga subugo mauwe koo moloso. Bei, goo goolee tekepo dimapoo melee ee olo tokenee paga. Esiga goo tekepo sabolo, osoloso goo tokenee dieso teli ee ogoloso koo gooleedeli.
44009021	Description	Esiga odoo susuga to hagee dulugaloso howoodolone egeesee takaso, “Odoo hagooso daga Yolusalem mapoo badolone, odoo susuga oso Yesu mapoo tei telagaga, yayo dimapoo dala teneloso piligiliso. Esiga tei moso wiligi odoo tebisa oso yo diye deme, tei telaga odoo susuga ee yayo iyadoloso Yolusalem mapoo dilame ka simidoo,” diso.
62005020	Faith	Osoloso see iba gooleedooso, Godeeyo owolo olo simiso. Osoloso yayo imapoo goo gweli medee tekepo olo teneeso, iyo tei Godee gooleedalame. Esiga iyo tei Godee sabolo, osoloso owolo Keliso sabolo hedebe doloso doso. Esiga Yesu tei Godeeso. Osoloso kookaiyo badoboso gie badeli yimaga imapoo ka teneli.
43014027	Grace	Esiga mesili goo ayo nimapoo ka tonowa. Mo mesili goo ayo nimapoo hagee tenee ee mi odooso mesili goo egeesinee. Esiga niba goo diya koudulone ebia sabolo na debee.
43012047	Grace	Esiga edebeeyo mo to duloso mesilega poogooga, ayo o goo midileime. Bei, ayo mipoo hamapoo simi hagee, odoo goo midilame ka sibile. Esino odoo dia gie badeli ee pidilame ka simi.
62003012	Sin	Esiga niba Keineeyo goo na peedee. Bei, yo Saiteneeyo odoo doloso badolone, omolo wooloomaso. Bei kasalame Keineeye omolo ka wooloomayo? Bei, Kein yo goo tokenee tomo sili, esino omoloye Godeeyo howo woola goo tekepo tomo sili.
44006001	Description	Beeame omapoo tei telaga odoo oso bei moodooso. Esino tei telaga odoo susuga ma kulodu, Guliki to kesali odoo oso Hibulu to kesali odoo sabolo toso agadigaso. Bei, diayo mooloogoodoo ma kulodu, Guliki to kesali dibada sobo bau mapoo wo toowa koo teneme.
53003010	Recommendation	Osoloso iyo nibolo hodobo silee beeame mapoo, iyo nimapoo eligi goo ee hagooso. Odoo hee tou talai wabada daga, yimapoo nei nali bi na tenee.
43003016	Grace	Godeeye mi odoo diya sooloo dolone Owolo hedebe a meiye diso, ayo mi odoo ee halo talame. Esiga edebeeyo amapoo tei toga, diba Godee maga pileime, esino diba badoboso kookaiyo gie badeli talaiso.
44019015	Description	Egeesee moodoogamo silesibi ma kulodu, beeame hee mapoo diayo bo holo peegoo hasisa molome, bo holo oso nei dimapoo egeesee takaso, “A Yesu gooleedooso, osoloso a Polo gooleedooso. Esino niba odoo ogumo?” diso.
44027002	Description	Eseme iba Adalamatia odoo dia du toowa ee Kasalia mi maga see Asia mi ma kulodu mi opusomo opusomo di mapoo dilame molome egeiso. Eseme Yuliyeseeye iba du omapoo dalaga peegeena. Osoloso Makedonia mi ma kulodu Tesalonika mapoo badeli odoo hee, Alistakus du omapoo ibolo hodobo bulumaloso, see Saidon mi mapoo dulone domopoo tiesaso.
44007005	Description	Eseme Godeeye mi hamapoo Eibalaham mapoo mi su pepooko tenele. Esino Godeeye Eibalahambolo osoloso amawe dibolo oso hamamee mi hagee talai maga to takoloso magooso. Beeame omapoo Eibalaham yo holo soomagelega badebeiso.
44007019	Description	Wiligi odoo taba hagooso ibada amawe dio dia gowolone, dimapoo kukulone dala tenelone badebeiso. Osoloso yayo to kitulugu sabolo pupulone, ibada amawe dia holope gie sooloogamagoo susuga ee wedilame, peegoo maloso peegee diso.
43020003	Description	Eseme Pita dio osoloso o hamamee dili odoo hee egee dio bi mapoo agalame diso.
44024016	Faith	Esiga goo hageesee maga, a Godeeyo howo woola osoloso odoo howo woola goo tekepo talai goomegeliso.
65001013	Description	Esiga abei mapoo howo ki toowa sibulone makawo sabolo sibili egeesi masi, diayo dia simili goo woola egeesee eligiliso. Osoloso diba kei ma dokodoo giwo boobadomo sili egeesi masi doso. Esiga Godeeye wulu goodomou olo mopoodoo dooso, diayo neliga omapoo kookaiyo doboso osee dabalame.
62003024	Faith	Edebeeyo Godeeye kokodo taka to mapoo mesilone dodomo siloga, diba yibolo hedebe doloso badoso. Osoloso nei Godee dibolo hedebe doloso ka badoso. Osoloso iba gooleedooso, Godee ibolo hedebe doloso badoso. Bei, yayo o Dio Tei imapoo teneloso badoso.
43006056	Faith	Egeesi ma kulodu mo hwei sabolo osoloso mo sawo sabolo nali odoo oso abolo hedebe doloso ka badoso. Osoloso anosee dibolo hodobo badoso.
43011027	Faith	Eseme Mataye nei yimapoo egeesee takaso, “O, Lodee, a goo hamapoo tei toso. Bei, no Keliso, Godeeyo Owolo, mipoo hamapoo sibileigo dee takemelee ee noso,” dee takaso.
44002042	Faith	Osoloso diba howomoo howo sauwidigaloso, beeame susuga eyo kulodu disono mooloogoodoloso, diye di odoo oso eligime, medee duluga meleeso. Osoloso diba Lodee gooleebugu wo nalagamo silesibulone, beeame susuga dokodoo takeliso.
44012002	Violence	Egeeseelone yayo diye di odoo hee Yoneeyo emei Yemes toloso odoo mapoo tenelone, kaiya sage oso wooloome diso. Eseme diayo Yemes wooloomaso.
55002016	Recommendation	Esino goo Godeeye goweli sabolo, osoloso goo mauwe oposusumo silesibili odoo omaga, no peegoo di. Bei, goo egeesi oso odoo Godee maga peegoo gilimado diliso.
62003015	Sin	Osoloso odoo agayo tei telaga odoo hegioga, yo odoo wooloomali odoo oso. Esiga niba olo gooleedooso, odoo wooloomali odoo ee dibada kulodu kookaiyo badoboso gie badeli mauwe.
43021015	Faith	Osoloso diba nei naloso koodobuloso, Yesuye Saimon-Pita mapoo egeesee takaso, “Saimon, Yoneeyo owolo, nayo a gweli oso odoo hagee biaso a gweli ee dagadusomo?” dee takaso. Eseme Pitaye nei egeesee takaso, “O, Lodee. Ayo no diya goolee sabolo hagee bado goo ee, no gooleedoo,” diso. Eseme Yesuye nei yimapoo egeesee takaso, “Mo sipi be ee nayo medee poopoomelee,” dee takaso.
44007013	Description	Nei diayo tosibadee mauwe poogoome, see Isipi mi mapoo nei abo talame diadeeso. Diba dileso nei talame doboome, Yosep yimapoo pelebada goo ee yayo emei dimapoo woola takaso. Eseme Isipi wiligi odoo taba oso Yosepeeyo soosoo eyo goo gooleedooso.
44004032	Description	Esiga tei telaga odoo mooloogoodoo oso dibada sooloo ma kulodu goo goolee hedebe doloso dobolone, odoo heeso bi koo goodegeli, diba diso biso nei pidi, nei pidi deliso.
44013048	Faith	Eseme Yu dele poogoo odoo oso Poloye to taka duloso goomogolone, Lodeeyo goo taka ee tekepo diso. Osoloso dima kulodu Godeeye gie badalame hesia odoo susuga oso tei tooso.
53003015	Recommendation	Esino ee ma kulodu yo ha teli odoo dee na see. Wulo yimapoo toso kokodo takee. Bei, yayo nibolo hodobo tei too ma kulodu badoso.
56002014	Faith	Yayo iba halo olo taso, iyo goo tokenee ma kulodu doboome, yayo iba neiso toloso peegoo gilimado dilame. Egeeseelone yayo olo taso, iyo o odoo doloso dobolone, o howo woola medee teedee dabalame. Osoloso iyo goo tekepo talai ee diya goolone dabalame.
43005024	Faith	Esiga ayo nimapoo ka taka. Mo to duloso a diye di odoo mapoo tei teli odoo ee badoboso kookaiyo gie badeli olo tooso. Odoo egeesee seli ee o goo tokenee eyo nei talaime. Yo teli maga dagadileso see gie badeli mapoo badoso.
65001003	Recommendation	Tei telaga odoo emegei, iyo Godee maga gie badeli pidili too goo ee ayo olo daga nimapoo hoguguloso tenelame diya goomogaso. Esino ayo goo hee maga to hogugu hagee ka tonowa. Godeeye opusomo dee koo seli tei goodee eligi ee o odoo imapoo teneeso. Esiga tei goodee eligi egee odoo aboso see opusomo diaga, niyo medee bamelee.
44004002	Description	
43004046	Description	Osoloso Yesu Gelili mi toowa omapoo badolone see Kana mi pepooko mapoo diso. Daga mi omapoo howodee ee see yayo wain i palame moodooso. Biame omapoo Kapeniyum mi mapoo gamalee odoo heeyo giso holo paiye badebeiso.
62004013	Grace	Esiga Godeeye o Dio Tei imapoo teneeso. Egeesee maga iba gooleedooso, iba Godee sabolo hedebe doloso badoso, osoloso Godee ibolo hedebe doloso ka badoso.
43019029	Description	Mi omapoo wain i koo hadali katolo mapoo keesoo ee magoo meleeso. Eseme odoo heeso homo sage toloso su mapoo dugo tialogoloso, wain i omapoo olugu doloso yayo nalame, Yesuwo maga mapoo heligiso.
43016023	Faith	Biame omapoo niyo goo hee talame amapoo woosalaime. Esino ayo nimapoo tei taka. Niyo ogoo goo talame mo hu maga Ma mapoo woosaga, yayo nimapoo tenelaiso.
59004017	Sin	Esiga edebeeyo tekepo goo talai ee o goo goolee mapoo meleeno, goo ee telega poogooga, yo goo tokenee toso.
43016002	Violence	Bei, odoo aboso nibada hu howo gisili moso ma kulodu egee molo taloso niba peegoo hasiso bigileiso. Osoloso odoo aboso tei too odoo ee piliguga, diayo goolee Godeeyo tou to dee goolai, biame ee sibileiso.
43018023	Description	Eseme Yesuye odoo yo kobugu mapoo nei egeesee takaso, “To ayo taka ee ma kulodu to tokenee hee taka daga, nayo goo egee woola odoo susuga hamapoo yebigi. Esino ayo tei goo takano, bei kasalame nayo a ka kobuguwo?” dee takaso.
44007041	Sin	Eseme beeame omapoo Isalael odoo oso gamenee godee be masi deeso moodooso. Osoloso diayo gamenee godee omapoo goomogolone, o hu dokodoo poudalame gala hu wologaso.
44002040	Recommendation	Eseme Pitaye to sage takolone kokodo takaso, “Goo tokenee teli odoo epedee hamapoo egee do dala talaiso. Esiga niba dala teyaga, goo tokenee ee pagalame Godeeye pidilame yimapoo takee.”
52001004	Faith	Tei telaga odoo, emegei, iba gooleedooso, Godeeye niba sooloo dolone, niba o odoo dalame hesigaso.
44027001	Description	Pestuseeye Polo Sisaye badebei mapoo ido dilame goomoga magoloso, yayo Loum ha teli gibadili odoo hee Yuliyes iso. Osoloso yimapoo egeesee takaso, “Polo sabolo, osoloso neliga moso ma kulodu debeli odoo abo sabolo, du maga Itali mi mapoo Sisaye badebei mapoo iyado di,” diso. Yuliyes hagee ha teli odoo mooloogoodoo hee, o hu Sisayo mooloogoodoo dee takeli eyo kulodu badeli.
59001027	Faith	Esino edebeeyo gilibo holo sabolo osoloso bauwe sabolo dala ma kulodu debei ee pidilone badolone, mi toowayo tokenee goo maga o su eyo gibadoga, Godeeye yayo tei too goo ee medee teedee dalaiso.
44007058	Violence	Osoloso diayo Sitiben mosobia oma kuloduga peegoo ido dileso badoboome, yoso enigilame bei mooloogooso. Osoloso Sitibeneeyo goo mapoo gamenee takeli odoo abo oso dibada kekeisu dugo tigadoloso, odoo giekauwa, Solowo homo beiyomoo tigamagooso.
43001029	Faith	Biame hee mapoo Yesu Yonee mapoo sibume ogoloso Yoneeye egeesee takaso, “Ege, hagee Godeeyo Lam beso. Yayo mipoo hamapoo debeli odoo dia goo tokenee susuga ee hapoloso boobado bigileiso.
43010010	Grace	Esiga heli teli odoo ee wulo heli talame, osoloso odoo wooloomalame, osoloso tokenee palame ka sibili. Esino ayo simi hagee, niyo gie badeli toloso, goo tekepo susuga ee tolone dabalame ka simi.”
44021024	Recommendation	Esino diayo Godeeyo tou tomo silee beeame oso koodobilei koola toobooso. Esiga no diayo tei moso mapoo wudu walame mopoodoo dalame duga, no dibolo diye. Osoloso diayo mopoododoo oso koodobuoga, niba susuga Moseseeye eligi goo ee dodolone, Godee mapoo emegeidi bi tenee. Esino nayo diayo emegeidi bi tenee ee eyo nei molee tenee. Osoloso goo susuga hagee koodobuoga, diayo wudu walai tekepo. Esiga nayo goo hagee medee deedeega, Yu odoo susuga oso ogoloso, diayo no Moseseeye eligi goo ee deedeemo silo dee gooleedalaiso. Osoloso diayo nee goo maga taka du ee tei goonee dee gooleedalaiso.
44001026	Description	Diba dokodoo taka koodobuloso, diye di odoo heeso yo bakadio toloso hee mapoo Matiyaseeyo hu magoo, osoloso hee mapoo Yosepeeyo hu magoo doloso toloso halabume, yo hedebe miyomoo homodobiaso, diayo odoo bakadio hesia ma kulodu Godeeye hesia odoo ee talame. Diayo egeesee moodooloso, odoo hedebe Matiyas tooso. Eseme yo diye di tou ee talame diye di odoo 11 sabolo hedebe diso.
59004009	Recommendation	Esiga niba goomoga goo poogoloso see nibada goo tokenee mapoo goohele sabolo pupusugulone debee.
64001011	Recommendation	Esiga ayo gooma odoo, tokenee odoo eyo goo ogoloso o goo ma malo na peedee. Esino goo tekepo hedebe ee temelee. Odoo agayo goo tekepo ee tomologa, yo Godee sabolo hedebe doloso badoso. Esino odoo agayo tokenee goo tomologa, yo Godee gooleedele.
43006039	Grace	Egeesi ma kulodu yayo goomoga goo ee hagoso. Odoo yayo amapoo tenee dima kulodu ayo hedebe osugobalai, yo koo goomogoso. Esino hamameedee biame mapoo ayo diba wedia maga see gie badeli talame hogogadileiso.
52003006	Description	Esino Timotiye epedee nibolo badoboso, see wedi sibileso, yayo nibada goo imapoo takeme du medee tekepo. Bei, yayo niyo tei too goo sabolo, emegei sooloo deli goo sabolo tolone egee do goo ee yayo sibileso imapoo takaso. Osoloso yayo imapoo niyo iba goolone dobolone, iba agala sibilame goomoga goo ee takaso. Egeesee ma kulodu nei iyo niba agala sibilame diya gooleeso.
43012006	Sin	Esino Yudaseeye to hageesee taka egee, yo bi mauwe odoo ee sooloo dolone to hagee ka takele. Esino yo heli teli odooga to hageesee ka taka. Bei, yayo Yesu o hamamee dili odoo dia molee ee gibadolone abo mada heli temeleeso.
62004016	Faith	Godeeye iba diya toowa sooloo dala goo ee olo gooleedooso. Esiga iyo Godeeye iba sooloo dala goo mapoo tei toloso kibiya ka doso. Godee yo sooloo deli. Esiga odoo agayo sooloo dolone badoga, yo Godee sabolo hedebe doloso badoso, osoloso nei Godee yibolo hedebe doloso badoso.
44011019	Description	Sitiben woolooma beeame omapoo tei tele poogoo odoo oso tei telaga odoo mapoo dala teneli goo oso toowa moodoome, tei telaga odoo susuga Yolusalem mi maga mi opusomo opusomo di mapoo kukulo diadeeso. Diayo kukulo dulone odoo abo oso mi eli sage Ponisia mi toowa mapoo kukulo diadeeso. Osoloso odoo abo Saiples mi te mapoo kukulo diadeeso. Osoloso odoo abo Antiyoka mi mapoo kukulo diadeeso. Osoloso diba mi omapoo kukulo dileso dobolone, to tekepo Yesu Kelisowo goo hedebe Yu odoo dimapoo takomo silesibiso.
44028018	Description	Osoloso nei diayo amapoo woosali to bei woosano, amapoo goo tokenee hee egele. Esiga diayo a teli mapoo magalai goomegele. Esino diayo a neliga moso maga peegoo tamagalame goomogaso.
59002014	Faith	Esiga tei telaga odoo emegei, edebeeyo eyo nediliyo yo tei too odoo doloso, yayo suso tou too me daga, yayo tei too ee goo mauwe. Odoo egeesee seli ee yayo tei too oso yimapoo gie badeli tenelaime.
43007025	Description	Osoloso Yesuye to taka hagee duloso, Yelusalem odoo aboso dieso nediliyo egeesee takaso, “Odoo hagee ibada wiligi odoo oso wooloomalaigo dee takemeni osobele?
43020022	Faith	Yesuye goo hagee takoloso see dimapoo magaso hologoo nilone egeesee takaso, “Niba Dio Tei te,” diso.
62005010	Faith	Esiga odoo agayo Godeeyo owolo mapoo tei toga, Godeeye owolowo goo maga tei goo taka to mapoo o sooloo ma kulodu tei too osee moloso. Esino odoo agayo Godeeye owolowo goo mapoo tei goo taka to mapoo tei telega poogoo odoo oso Godee gamenee takeli odoo, deliso.
43014012	Faith	Esiga ayo nimapoo taka. Edebeeyo amapoo tei toga, goo toowa opusomo di ayo moodeli egeesi masi yayo moodoolaiso. Osoloso goo toowa opusomo di abo yayo moodooga, oso ayo moodeli ee dagadileiso. Bei, a mo Ma mapoo duso.
56002009	Recommendation	Osoloso nayo see tei telaga odoo nei mauwe tou teli mapoo takee, diayo dia wiligi odoo eyo to mapoo mesiloso, diayo goomoga goo ee tolone, dibolo toso agadigelega pagalame.
43006040	Faith	Bei, mo Ma yo goomogoso, odoo agayo Owolo a ogoloso amapoo tei toga, diba badoboso kookaiyo gie badeli talaiso. Osoloso hamameedee biame mapoo ayo diba wedia maga see hogogadileiso.”
44012023	Violence	Esino goo hamaga Helodeeye Godeeyo hu dokodoo poudile. Hedebe o hu ee dokodoo poudooso. Eseme Godeeyo momaiye oso yimapoo paiye saga teneeso. Eseme seeso o su nadoloso taso.
52005016	Recommendation	Beeame susuga ma kulodu goomogolone debee.
52004014	Faith	Bei, iba Yesuye ta maga see hogadi goo mapoo tei teliso. Esiga iba see tei toso, Yesuye see wedi siboga, Godeeye tei telaga odoo wedia ee Yesubolo sibe dalaiso.
62004015	Faith	Esiga odoo agayo takolone, Yesu Godeeyo owolo dee takooga, Godee yibolo hedebe doloso badoso, osoloso yinosee Godee sabolo hedebe doloso badoso.
43010009	Grace	Osulu aso. Edebeeyo amaga gaduga, yo Godeeye wiligi doloso badeli goo mapoo gadileso, kookaiyo badoboso gie badeli talaiso. Osoloso yo siloga, Yesuye medee bamalaiso.
62002029	Faith	Godee yo goo tekepo moodeli niba gooleedooso. Osoloso niba gooleedooso, goo tekepo tomo sili odoo ee Godeeyo owolo dio doloso doso.
44013047	Grace	Bei, Godeeye o to tosili odoo hee maga Isalael odoo imapoo to kitulugu sabolo hageesee takaso, ‘Ayo niba Yu dele poogoo odoo dima kulodu gadeebugu masi badalame hesiaso. Esiga niyo gie badeli goo ee mipoo toowa hamapoo debeli odoo susuga mapoo takomo dilame.’ ”
44002033	Description	Osoloso Godeeye Yesu kei ma dokodoo ido peleso, o dee deedee dokolo badoso, yayo yimapoo hu toowa tenelame. Osoloso yayo to magoo ee dodolone, o Dio Tei Yesu mapoo teneme, see Yesuye imapoo teneeso. Goo hagee niyo epedee hamapoo ogolone dulone ka badoso.
43011004	Faith	Esino Yesu to hagee duloso egeesee takaso, “Paiye ogoso yo talaime. Esiga goo hagoso peledabalaiso, edebeeyo goo hagee ogoloso Godeeye kitulugu sabolo osoloso Owolo ayo kitulugu ee gooleedalame,” dee takaso.
43019017	Description	Ha teli odoo oso Yesu toloso ido dulone, o homo bulubo magoo ee eyo eimaloso mi hee eyo hu wiligi ki mi deli mapoo ido diso. Mi hagee Hibulu toso takolone Gologota deli.
52004006	Recommendation	Goo egeesee maga, nemegei tei too odoo eyo osobo heli toloso yimapoo hegi goo na tenee. Bei, Lodeeye goo tokenee hageesi teli odoo mapoo tokenee eyo nei dala tenelaiso. Iyo daga hoogoo nimapoo kitulugu takolone goo egeesi na te diso.
43005020	Faith	Maye Owolo a diya sooloo dalaga, goo yayo teli susuga ee Owolo amapoo eligiliso. Eseme niyo Owolo ayo goo moodoo ee ogoloso hoowoolame, Maye amapoo goo diya toowa moodoolai eligileiso.
57001022	Recommendation	Osoloso goo hee hagoso. Ayo neliga moso ma kuloduga peegoo peledabalame, niyo Godee mapoo takolone debeliso. Esiga Godeeye goomogoga, a peegoo peledoboloso see niyo egee do mapoo sibileiso. Esiga ayo omapoo sibileso badalai debi mopoodoo de.
52005012	Recommendation	Tei telaga odoo emegei, iyo nimapoo taka, nibada sosee wiligi odoo tebisa sabolo, osoloso Godeeyo to eligili odoo sabolo mapoo mesiloso dimapoo goomoga tenee. Bei, diayo nima kulodu tou toowa diya tolone doso.
43009022	Description	Diayo dia wiligi odoo tebisa ogoloso obulone wulo dimapoo to hageesee ka taka. Bei, Yu odoo dia wiligi odoo oso goomoga goo hageesee olo magooso, “Edebeeyo takolone Yesu ee Keliso dee takooga, yo Yu odoo dia howo gisili moso ma kuloduga hu taloso peegoo magoo damalaiso,” dee takaso.
62003023	Faith	Esiga yayo kokodo takolone egeesee takaso, “Niba Godeeyo owolo Yesu Keliso mapoo tei te. Osoloso yayo eligi ee dodolone, emegei nei sooloo dolo, nei sooloo dolo dolone debee,” diso.
59005013	Recommendation	Esiga niyo debei ma kulodu, edebeeyo hegi goo mologa, yayo Godee mapoo takalai tekepo. Osoloso edebeeyo goomoga goo sabolo badoga, yayo goomoga kosaiya sabolo Godeeyo hu dokodoo poudulone badalai tekepo.
44020010	Description	Osoloso Polo yo miyomoo meileso ebiso miyomoo tugusaloso, yo toloso badolone egeesee takaso, “Goo haga na koude. Yo see gie badeli toso,” diso.
55002010	Faith	Goo egeesi maga ayo Godeeye hesia odoo ee halo dala ma kulodu tou osee ka tomoloso, diayo Yesu Keliso mapoo tei toloso dia gie badeli pidilame, osoloso yibolo kookaiyo badoboso medee tekepo badalame.
65001020	Faith	Esino tei telaga odoo emegei, Godeeyo goo maga tei eligi goo mapoo niyo olo tei tooso. Esiga tei eligi goo ee ma dokodoo nibada gie badeli ee moso masi tege. Osoloso Dio Teiso kitulugu maga Godee mapoo takolone debee.
62002015	Recommendation	Esiga niba mi toowa hageeyo goo sabolo osoloso ee ma kulodu bi susuga egee molo mapoo haga na goomege. Edebeeyo mi toowa hageeyo goo mapoo diya goomogoga, o sooloo ma kulodu Ma Godee goolee goo ee mauwe.
43019023	Description	Ha teli odoo bakadio bakadio di oso Yesu homo bulubo magoo ma dokodoo yoguso enigaloso, o dugo diesono domo puloso tooso. Osoloso o sedi sage edebeeyo dusele poogoo sabolo diayo tooso.
44020035	Recommendation	Esiga a beeame susuga ma kulodu egeesi goo maga niba see eligimo sileeso. Egeesee maga niyo tou tolone dobolone, odoo kitulugu mauwe pidimo silesibilame. Bei, Lodee Yesuye to egeesee takaso, ‘Teneli beeame omapoo goomoga toowa oso moloso, esino teli beeame omapoo goomoga pepooko oso moloso,’ ” diso.
43020005	Description	Osoloso yo gauwuloso yo ou poogoo ma kulodu keesee egeino, hedebe dugo seme Yesuwo kou tiegisa ono molome egeiso. Esino yo yo ou poogoo ma kulodu gadile.
43014021	Faith	Esiga edebeeyo ayo kokodo taka to ee duloso mesimo siloga, odoo egee a diya goolee sabolo badoso. Osoloso odoo a diya goolee sabolo badeli mapoo mo Maye yo sooloo dolone ka badoso. Osoloso anosee odoo egee diya sooloo dolone ka badoso. Osoloso ayo mo goo ee yimapoo yilige bigileiso.”
64001006	Recommendation	Osoloso diayo sibileso nayo sooloo dala goo sabolo bado goo ee ibada sosee hamapoo sibileso takaso. Godeeyo to eligimo silesibili oso nee mi mapoo sibileso see dilame doboome, diayo eli domopoo nalai nei dimapoo tenelone, Godeeye goomoga goo sabolo tobuloso tenee.
55002023	Recommendation	Osoloso goo bei mauwe sabolo, osoloso to dooboo takeli goo maga toso agadigeli odoo omaga, no peegoo dooboobigi. Bei, no gooleedooso, goo egeesi oso biligeli goo ee tosibiliso.
44011017	Grace	Eseme iyo daga Yesu Keliso mapoo tei teme, Godeeye Dio Tei imapoo teneeso. Egeesi masi diayo Yesu Keliso mapoo tei teme, Godeeye dimapoo Dio Tei ka tenee. Esiga ayo Godeeyo goo ee hamaga takalaime,” diso.
62003007	Recommendation	Mawe dio ayo gooma, niba obeeyamo, odoo aboso eligi maga niba peegoo na gilimado di dee. Goo tekepo teli odoo ee Godeeyo howo woola tekepo badoso. Esiga yo Kelisoye Godeeyo howo woola tekepo egee bado yinosee egeesi badoso.
62004001	Recommendation	Tei telaga odoo emegei, niba obeeyamo. Bei, gamenee goo eligili odoo bei mipoo toowa hamapoo olo silesiboso. Esiga odoo heeso sibileso takolone, “Ayo eligi goo hagee eligimo silo Dio Tei maga siboso,” dee takooga, o to duloso yimapoo saga tei na te. Esino niyo yayo egee eligimo silo tei Godee maga sibabeleso, medee hoodo ege.
44013038	Grace	Esiga emegei, niba iyo to hagee taka medee dui! Bei, Yesuye ta maga nibada goo tokenee hapoloso boobado bigileiso. Esino Moseseeye eligi goo oso nibada goo tokenee susuga hapalaime. Esino edebeeyo Yesu mapoo tei toga, yo o goo tokenee susuga hapoloso, Godeeyo howo woola yo tekepo palaiso.
43018031	Description	Eseme Paileteeye dimapoo egeesee takaso, “Niso yo ido dileso nibada tei magoo sabolo tebilame o goo midi,” dee takaso. Eseme Yu odoo dia wiligi odoo oso nei egeesee takaso, “Iyo yo wooloomalai goomogo. Esino iyo odoo wooloomalai Loum gamalee odooso imapoo kitulugu tenele,”
52004003	Recommendation	Bei, Godee yo goomogoso, niyo o howo woola tokenee mauwe teedee dabalame. Esiga niba giso sabolo sobo sabolo heli telega tei doloso teedee debee.
44007029	Description	Eseme Moseseeye to ee duloso obulone, Isipi mi maga see Midian mi mapoo pulo diso. Osoloso Midian mi omapoo odoo soo masi badolone sobo huloso, giso holo bakadio sooloogamagooso.
59004001	Sin	Esiga ogoo goo oso biligeli goo sabolo toso agadigeli goo sabolo nimapoo ka tosibiliyo? Nibada goo goolee ma kulodu tokenee goo talame goomoga goo egee molo oso tosibiliso. Bei, nibada goo goolee ma kulodu tokenee goo talame goomoga goo oso tekepo gweli goo sabolo biligamoloso.
44020029	Violence	A gooleedooso, a di mapoo hamamee, gamenee eligili odoo oso nimapoo sibileso tei telaga odoo mapoo dala tenelaiso. Gamenee eligili odoo hagooso dobu so masi sibileso sipi be hu masi wooloomaloso nalaiso.
53001004	Faith	Esiga niba dala goo sabolo hegi goo sabolo ee ma kulodu tei tolone dobolone kibiloso osee egee do maga, iyo goomoga sabolo Godeeyo sosee abo mapoo debeli tei telaga odoo mapoo nibada goo takomo silesibiliso.
62004012	Faith	Edebeeyo Godee egele. Esino iyo emegei nei sooloo dolo, nei sooloo dolo dolone doga, Godee ibolo hedebe doloso badoso. Osoloso yayo sooloo dala oso ibada kulodu kauwuloso malaiso.
56003001	Recommendation	Esiga Taites, nayo tei telaga odoo mapoo goo hageesi see tobu eligimelee, diayo diba gibadeli gamalee odoo dia to mapoo, osoloso mosobia eyo wiligi odoo tebisa dia to mapoo mesilone dabalame. Egeeseelone diayo goo tekepo susuga ee talai olo mopoodoo doloso dabalame.
53003006	Recommendation	Tei telaga odoo emegei, iyo Yesu Kelisowo hu maga nimapoo diya ka taka. Tei telaga odoo aboso iyo eligi to ee dedelega pegeli sabolo osoloso tou talai wabedeli odoo dimaga peegoo dooboobigi.
59004004	Sin	Goo goolee bakadio gweli odoo niba medee Godee sabolo hedebe doloso koo debeli! Esiga niba goolee, mi goo mapoo goomegeli oso Godee mapoo ha toso. Esiga edebeeyo mi goo sabolo hedebe doloso siloga, yo Godee sabolo ha tomoloso.
44016006	Description	Poloye o odoo abo sabolo dileso Asia mi toowa mapoo Godeeyo to takalai, Dio Tei oso hamaga takaso. Esiga diayo dulone Piligia mi ogo, osoloso Galesia mi ogo doloso domo amaga diadaga meleeso.
62005001	Faith	Esiga edebeeyo tei tolone Yesu Godeeye hesia Keliso daga, yo Godeeyo owolo oso. Osoloso odoo agayo Ma Godee gooleega, yo Godeeyo owolo dio sooloo doloso.
43004052	Description	Eseme odoo ogoso nei dimapoo egeesee takaso, “Osoko howo domo kamapoo molome, yo kekebisa ka koododiala?” diso. Eseme diayo nei yimapoo egeesee takaso, “Eiyo osoko olo wudu magoo mapoo ka koododia,” diso.
43019031	Violence	Esiga biame egee Yu odooso hasali biame ee mopoodoo deli biame oso. Esino dia hasali biame egee goo diya toowa. Bei, Godeeye Gababia goo ee Yu odooso gooleebigil sadee ee ma kulodu hasali biame egee meleeso. Goo egeesi maga Yu odoo dia wiligi odoo tebisa oso dia hasali biame mapoo odoo ta eyo kou ee homo bulubo magoo ma dokodoo osee malai, diba goomegele. Esiga diayo Pailet mapoo egeesee takaso, “Odoo homo bulubo magoo ma dokodoo egee molo saga wedilame, dibada homo gebisa poogoloso, dia kou miyomoo tomeileso peegoo todi,” dee takaso.
43019012	Description	Paileteeye to hagee duloso, Yesu peegoo tamagalai yo goomogaso. Esino Yu odoo dia wiligi odoo tebisa oso to neligidi egeesee takaso, “Odoo agayo eyo nediliyo takolone yo wiligi odoo, dee takomo siloga, yo Loum wiligi odoo Sisa mapoo ha toso. Osoloso nayo odoo hagee peegoo tamagooga, no Sisayo odoonee,” dee takaga meleeso.
43014001	Faith	Eseme Yesuye egeesee takaso, “Niba goo haga koudulone na debee. Esino niba Godee mapoo tei tolone amapoosee tei te.
43015016	Grace	Egeesi ma kulodu niyo a ka hesile. Esino ayo niba ka hesiga, niyo homokoko okopolo palame. Homokoko egee kookaiyo moloso osee malaiso. Niyo egeesee solone, ogoo goo talame mo hu maga mo Ma mapoo woosaga, yayo nimapoo tenelaiso.
55002014	Recommendation	Esiga to ayo namapoo hoguguloso hagee tenee ee nayo tei telaga odoo mapoo medee eligimelee. Osoloso diayo goo pepooko maga toso egee agadigamolo, Godeeyo howo woola dimapoo takee. Bei, goo egeesi oso odoo hee koo pidili. Esino to ee dulone egee do ono wulo tokenee peliso.
59004008	Recommendation	Esiga niba Godee mapoo hegi sibadee. Egeeseega Godee yinosee nima hegi sibileiso. Esiga tokenee odoo niba edebeeyo o dee subugo hapili egeesi masi nibada tokenee maga Godee mapoo bidiga debee. Osoloso goo goolee bakadio gweli odoo nibada goo goolee tokenee peegoo poogoloso, hedebe Godeeyo goo ee goolee.
59002009	Sin	Esino niyo goolee ma kulodu odoo abo ee tekepo dolone, odoo abo tokenee daga, niba tokenee toso. Egeesee maga Godeeyo to oso takooso, niba tei magoo gababili odoo diso.
52004007	Grace	Bei, Godeeye ibolo osoloso nibolo hesiga ee iyo goo tokenee ma kulodu dabalame ka sele. Esino iyo Godeeyo howo woola mapoo goo tokenee mauwe doloso kibiya dabalame, yayo iba hesigaso.
62004007	Faith	Tei telaga odoo emegei, iyo emegei nei sooloo dolo, nei sooloo dolo dolone dabalai tekepo. Bei, sooloo deli goo ee Godee maga sibili. Esiga odoo agayo emegei sooloo dologa, yo Godeeyo owoloso, osoloso yo Godee gooleedooso.
62002009	Sin	Odoo agayo takolone, a gadeebugu mapoo badoso doloso, tei too odoo hee gowooga, odoo ee neliga ma kulodu osee badoso.
44021019	Grace	Osoloso Poloye diba ogoloso, dimapoo emegeidi to takoloso, Godeeye yimaga Yu dele poogoo odoo mapoo goo toowa moodoo susuga ee medee oposususo.
43008046	Sin	Esiga goo tokenee ayo moodoo ee niyo egeisomo? Haye, me. Ayo tei goo takomo silino, niyo kaseega mo to mapoo tei tele ka pagala?
43007020	Violence	Eseme odoo mooloogoodoo oso nei yimapoo egeesee takaso, “Bo holoso nama kulodu palaga, no to egeesee ka takoo. Iba no wooloomalame koo seeso,” diso.
43018018	Description	Biame omapoo tei moso wiligi odoo taba eyo tou teli odoo abo sabolo osoloso tei moso gidebeli odoo diba diya kekeisime, dou toloso dou halagameleeso. Eseme Pita yinosee dileso dibolo hodobo tobudulone dou hameleeso.
43013037	Faith	Eseme Pitaye see egeesee takaso, “Lodee, bei kaseega ayo epedee nobolo sibilei tebile ka molosomo? Ayo no halo talame olo mopoodoo doloso ka badoso,” dee takaso.
59003009	Faith	Esino i hedebe hagooso ibada wiligi taba Ma Godee mapoo goomoga poudiliso. Osoloso i hedebe hagooso see Godeeye yo egeesi masi moodoo odoo susuga mapoo dala tenelame to takeliso.
44026009	Sin	“Esiga a niyo egee gooloomolo egeesi masi goolone, ayo Yesu Nasalet odoo mapoo tei telaga odoo mapoo hegia toowa molone, ayo dimapoo dala tenelame goomogo meleeso.
43010012	Description	Esino nei talame tou teli odoo oso sipi be medee belega pegeliso. Bei, yo sipi be bali odoonee, osoloso sipi be hagee tei onee. Esiga dobu so simi ogoloso sipi be omapoo poogoloso yo pulo diliso. Eseega dobu soso sibileso sipi be abo wooloomaga, abo kukulo diliso.
59001019	Recommendation	Esiga tei telaga odoo ayo gooma, niba dui, odoo susuga oso saga duli odoo doloso dabalai tekepo. Egeeseelone niba saga to takeli goo sabolo osoloso saga kamana bigili goo sabolo ee ma kulodu na debee.
43012046	Grace	Esiga ayo mipoo hamapoo neliga ma kulodu keme masi poudo simiso. Egeesi ma kulodu edebeeyo amapoo tei toga, yo neliga ma kulodu osee badalaime.
43005014	Description	See hamamee Yesuye odoo egee tei moso tegei ma kulodu badebei ogoloso yimapoo egeesee takaso, “No, no medee goolee, no epedee olo tekepo paso. Esiga no see goo tokenee na te. Nayo goo tokenee see tobu tomo siloga, goo tokenee toowa see namapoo peledebeyaga,” dee takaso.
43014015	Recommendation	“Niyo a gooleega, niyo ayo kokodo taka goo mapoo mesimo silesibileiso.
44003026	Grace	Esiga Godeeye hesia tou teli odoo Yesu ee nimapoo di diso, niyo malalo to tekepo dulame. Esiga yayo niba pidi maga nibada goo goolee mudu opusomo doloso, nibada tokenee maga miligi pilame,” diso.
44010039	Violence	Esiga diye di odoo, iba Yesuye Yolusalem mapoo osoloso Yu odoowo mi abo mapoo goo susuga hagee tomo silee, iyo egeiso. Osoloso Yolusalem mapoo debeli odoo oso Yesu homo bulubo magoo ma dokodoo yoguso enigaloso woolooma, iyo egeiso.
55002022	Recommendation	Esiga holaiso gie kakauwa oso goo tokenee talai diya goomegeli goo maga no peegoo dileso badebee. Osoloso Godeeyo howo woola tekepo badolone, tei too goo sabolo, osoloso emegei sooloo deli goo sabolo, osoloso odoo abo sabolo mesie badalame kitulugi. Egeesi ma kulodu Godeeyo howo woola goo tokenee mauwe dobolone, Godeeyo hu dokodoo poudili odoo diba nosee egeesee dabalai tekepo.
43004010	Grace	Eseme Yesuye nei yimapoo egeesee takaso, “Nayo Godeeye wulo egee tenemolo goo ee gooleedoloso, odoo namapoo howo hoowa mo goo ee, no gooleedoloso badebei diepi, nayo amapoo kookaiyo gie badeli teneli howo ee hoowali. Osoloso nayo amapoo hoowa diepi, ayo nei namapoo howo egee teneli,” diso.
43020031	Faith	Esino to hagee hoguguso, niyo Yesu yo tei Kelisodoo doloso goo omapoo tei talame. Osoloso niyo yo tei Godeeyo Owolodoo doloso goo omapoo tei talame. Osoloso yimapoo tei too goo maga gie badeli ka talame.
62004006	Faith	Esino iba Godeeyo odoo doloso doso. Esiga tei Godeeyo odoo oso ibada to medee duliso. Esino Godeeyo owolonee oso ibada to ee medee koo duli. Goo egeesee maga Dio Tei sabolo gamenee takeli dio sabolo medee hoodo agalaiso.
65001012	Description	Esiga niyo emegei sooloo deli wo ne ee ma kulodu odoo hagee biaso dieso nediliyo diba ono diya goolone, similega wo nalagaliso. Goo egeesi maga diba bi subugobolo masi dobolone, niyo debei ee tokenee polone ka doso. Osoloso osoko biame mapoo howo hemiye mologa, howo sibilega pooso guobigili diba egeesi masi doso. Osoloso diba homo su oso ko peli biame mapoo ko pelega pegeli egeesi masi doso. Osoloso diba homo siliga peegoo alaga bigili egeesi masi doso.
44005015	Description	Diye di odoo oso goo mudu opusomo opusomo di moodoogamo silesimi ogoloso, odoo susuga oso odoo paigiga iyado sibileso, eli domopoo kida palagaloso, kida mapoo tiedigeliso. Bei, Pitaye osoko pa maga dulone, o dio taba oso gooloogooga, diba ka wedilame.
43018040	Sin	Eseme diayo toso neligidi nei egeesee takaso, “Haye, odoo egee peegoo tamagalai, iba koo goomogo. Esino nayo Balabas ono peegoo ka tamagee,” dee takaga meleeso. Esino Balabas hagoso Loum odoo dia wiligi odoo tebisa mapoo ha temeleeso.
55003004	Sin	Osoloso diayo emegei dala talame tiasalaiso. Osoloso diayo gooso hamamee peledabalai omapoo kibiya goolega, dieso goolee goo ono tomo sileiso. Osoloso dieso nediliyo goolee diba odoo toowa, dee goolaiso. Osoloso diayo dia su oso goomoga goo ono tomo silesibulone, diayo nei Godee goolega dabalaiso.
44014014	Description	Esino Polo dio Banabasi dio goo hagee duloso diayo gowe goo ee odoo mapoo eligilone dibada dugo tologobuguso. Osoloso odoo ma kulodu hoguo silesibulone to neligidi egeesee takomo silesibiso,
59001026	Sin	Egeesee ma kulodu edebeeyo eyo nediliyo yo Godeeyo goo diya gooleedooso doloso, tokenee goo takalame o maga kookoodelega poogooga, yayo Godeeyo goo gooleedoo ee goo mauwe moloso. Osoloso yo eyo nediliyo dooboo gooleeso.
43015020	Recommendation	Esiga to ayo nimapoo taka ee medee goolee. Bei, ayo egeesee takaso. Wulo tou teli odoo oso o wiligi odoo ee dagadileso koo badoso. Egeesi ma kulodu edebeeyo amapoo dala olo teneega, diayo niba nosee dala tenelaiso. Osoloso diayo ayo eligi goo mapoo mesiega, diba nosee niyo eligi goo mapoo mesileiso.
43008031	Faith	Eseme Yesuye Yu odoo yimapoo tei telaga odoo mapoo egeesee takaso, “Niyo ayo eligi goo hamapoo medee kibiya kookoodoloso dodomo silesiboga, niba tei mo hamamee dili odoo dalaiso.
44007011	Description	Osoloso hamamee Isipi mi sabolo, ibada amawe diayo debei Keinen mi sabolo, mapoo osoko pa toowa beeame oso nei mauwe poogooso. Eseme odoo omapoo debeli oso dala ma kulodu debeiso. Osoloso ibada amawe sabolo nei mauwe debeiso.
63001004	Faith	Esiga nee holaiso aboso Ma Godeeye kokodo taka to mapoo tei toloso dodomo di duloso a diya goomogaso.
44027034	Recommendation	Esiga niba wedilega pagalame, epedee hamapoo nei medee ne. Osoloso niba goolee, nima kulodu odoo hee dala talaime,” diso.
56002002	Recommendation	Egeeseelone nayo giso adaga medee eligi, diayo mesie sabolo dobolone, dieso nediliyo dibada su medee kookoodoloso dabalame. Osoloso odoo susuga eyo howo woola medee tekepo dabalame. Osoloso diayo tei too medee kibiloso dobolone, odoo susuga diya sooloo dolone ka dabalame. Osoloso diayo dala goo ma kulodu kibiya dabalame.
44017030	Recommendation	Godeeye daga hoogoo odoo ee egeesi goo ma kulodu osee doboome dimapoo takele. Bei kasee magayo, diba Godee gooleedelega debeiso. Esino epedee hamapoo Godeeye egeesee takooso, ‘Odoo susuga mi susuga ma kulodu nibada goo tokenee maga miligi pie!’ diso.
43019025	Description	Egeesee somolome, Yesuwo owee sabolo, osoloso oweeyo omolo sabolo, osoloso Kolopaseeyo osobo Meli sabolo, osoloso Meli-Magadalin oso Yesu homo bulubo magoo ma dokodoo molome, koola omaga tebisamolone balaga meleeso.
44013034	Grace	Osoloso Godeeye Yesu ta maga hogadiso. Esiga Godeeyo owolo Yesu see talaime. Goo hamaga Godeeye egeesee takaso, ‘Ayo daga Deibidi mapoo to magoo sabolo tei pidili goo ee nimapoo tenelaiso,’ diso.
43014020	Faith	Egeesi ma kulodu a ta maga see hogadiga, ayo mo Ma sabolo hedebe doloso egee bado goo ee, niba gooleedalaiso. Osoloso niyo abolo hedebe doloso egee do goo sabolo, osoloso ayo nibolo hedebe doloso egee bado goo ee gooleedalaiso.
62002003	Faith	Osoloso odoo susuga iyo Godeeye kokodo taka to mapoo mesimo silesiboga, iba yo gooleedooso doloso gooleedalaiso.
43008024	Sin	Goo egeesi maga ayo nimapoo takolone, nibada goo tokenee hapelega poogoloso wedileiso, dee ka taka. Bei, ayo mo goo maga taka mapoo niyo tei telega poogooga, niba nibada goo tokenee hapelega poogoloso wedileiso.”
43007012	Description	Eseme odoo mooloogoodoo toowa oso mada dima kulodu Yesuwo goo maga mada takomo silesibulone, odoo aboso egeesee takaso, “Yesu odoo tekepo,” dee takaso. Esino odoo aboso takolone, “Haye, yo wulo gamenee goo maga odoo peegoo ka gilimado du,” dee takaso.
44011021	Faith	Godeeyo kitulugu dimapoo molone, Yu dele poogoo odoo oso dibada to mapoo tei toloso, dibada goo tokenee maga miligi pialoso Lodee Yesu mapoo bidiga dabaso.
52002004	Faith	Esino iyo Godeeyo to tekepo ee eligimo silesiboso. Bei, Godeeye iba tebia doloso hesigaloso o to tekepo takomo silesibe, diso. Esiga iyo tou hagee tomo silo odoo goomogalame sile. Haye! Godee ibada sooloo ma kulodu egeli yo goomogalame ka siloso.
43016024	Grace	Esiga niyo daga goo abo talame mo hu maga woosalo egele. Esino epedee hamaga dulone niyo ogoo goo talame mo hu maga woosaga, niyo goo egee talaiso. Eseega goomoga goo nimapoo egee molo ee kauwuleiso.”
65001019	Sin	Esiga odoo hagee biaso tei too ma kulodu debeli odoo ee domo piliso. Osoloso diba nosee mipoo hageeyo goo goomegeli odoo oso. Osoloso dibada kulodu Dio Tei mauwe.
43021006	Description	Eseme Yesuye dimapoo egeesee takaso, “Nibada pei toloso see deedee dokolo mapoo olugi, egeeseega niba di giligileiso,” diso. Eseme diba Yesuwo to duloso goo egeesi moodooso. Eseme di bei dia pei ma kulodu galagadiso. Eseme diayo dia pei pouduloso du ma kulodu magalai tebile poogooso.
44019002	Faith	
53003014	Recommendation	Goo egeesee ma kulodu odoo heeso iyo to hoguguloso tenee hamapoo mesilega poogooga, niyo o goo odoo woola yiligebigi. Osoloso yibolo hedebe dee na see. Egeeseega yayo goo hagee ogoloso similone wabedelega badalame.
43006027	Recommendation	Esiga niba nei saga me pegeli egeesi haga na esiamo silesibe. Esino niba kookaiyo moloso osee meli nei ono ka esiamo silesibe. Odoo Holo ayo nei hagee nimapoo tenelaiso. Bei, Ma Godeeye Owolo ayo goo hagee talame amapoo kitulugu olo teneeso.”
59004003	Sin	Osoloso niyo Godee mapoo woosaga, nei tenelega pegeli goo ee bei hagooso. Niyo tokenee gweli goo sabolo woosaloso see bi ogoso niso goomoga goo talai daga ka seli.
44024014	Faith	Esino diayo taka eyo kulodu, goo heeno tei goo. Ee, ibada amawe dia Godeeyo hu poudalame, ayo Yesu mapoo tei teliso. Esino Yu odooso takeliso, Yesuwo goo eligi sabolo diayo eligi sabolo hedebenee. Esino a Moseseeye eligi goo sabolo, osoloso Godeeyo to tosili odoo oso to hogugu mapoo tei teliso.
44008009	Description	Esino Sebasete mi ma kulodu odoo googoo gooleedoo badebeiso, o hu Saimon. Esiga yayo beeame susuga o googoo oso goo toowa opusomo opusomo di moodoogamo siloga, Samalia mi toowa mapoo debeli odoo susuga oso ogoloso howoogadeliso. Egeeseelone yayo goolee, eyo nediliyo yo tekepo doloso, suwa peliso. Osoloso odoo susuga, hu toowa too odoo sabolo osoloso goo mauwe odoo sabolo oso, yayo goo opusomo opusomo di moodoo ogoloso, o to mapoo medee duloso tei tooso. Osoloso diayo egeesee takaso, “Odoo hagee Godee masi osoloso o hu Kitulugu Toowa,” diso.
56002003	Recommendation	Osoloso nayo sobo adaga medee eligi, diayo dia suso Godeeye goomoga goo ee tolone ka dabalame. Osoloso dimapoo takee, diayo emegei dia goo maga to tokenee takelega dabalame. Osoloso diayo yugune naloso halabagamo silesibiyaga, medee takee. Osoloso goo tekepo tolone dabalai goo ee diayo odoo mapoo eligilone dabalame, nayo dimapoo eligi.
59001022	Recommendation	Esiga niba Godeeyo to duloso yayo egee takoo goo ee tolone debee. Bei, niba Godeeyo to duloso yayo egee takoo goo ee telega doga, niba niso nediliyo dooboo gooleeso.
43007001	Violence	Esiga goo hagoso dileso koodobume, Yesu yo Yudiya mi mapoo silei gowoolone, see Gelili mi mapoo dileso siliso. Bei, Yudiya mi omapoo Yu odoo dia wiligi odoo oso Yesu wooloomalame eli esiamo siliso.
43013005	Description	Osoloso katolo mapoo howo salama soloso o hamamee dili odoo hedebe hedebe di eyo homo hapoloso, dugo howo i tali o bagi mapoo boo oso howo i ka ta domo dilame bei mooloogooso.
44022004	Violence	
43007043	Description	Egeeseelone Yesuwo goo maga odoo abo puloso debeiso.
59005004	Sin	Esiga niba ege, niyo nibada tou teli odoo oso, nibada nei howo segei mapoo tou telagamo silesibume nei tenele. Esiga diayo nimapoo gowolone, Godee mapoo pidilei goo maga pupusugulone doso. Esiga ibada Godee kitulugu toowa yayo diayo pupusugamelee goo ee olo duso.
55002018	Sin	Odoo hagee biaso tei eligi goo maga peegoo diyadeeso. Osoloso diayo takolone, odoo wedia maga see hogogabili goo ee olo peledabaso, doloso takomo silesibume, odoo aboso goo ee duloso dibada tei too olo tokenee paso.
43008012	Faith	Eseme Yesuye odoo mooloogoodoo mapoo see egeesee takaso, “Mipoo hageeyo gadeebugu ee aso. Esiga a dodomo sili odoo yo neliga ma kulodu sileime. Esino yo gie badeli talai eligili gadeebugu ee talaiso,” dee takaso.
65001017	Recommendation	Esiga emegei, niba ibada Lodee Yesu Kelisoye Diye di odoo oso malalo gooso peledabalai taka ee goolee.
44017025	Grace	Esiga Godee hagooso gie badeli sabolo, bi susuga sabolo, odoo mapoo teneliso. Esiga iyo yo pidilei eli mauwe. Bei, yimapoo bi susuga yibolo tobuloso badoso.
62005009	Faith	Esiga edebeeyo egei goo ee imapoo yiligebuguga duloso, iba tei teliso. Esino ee ma kulodu Godeeye imapoo egee takoo goo diya toowa. Esiga iyo duloso medee kibiya kookoodalai tekepo. Bei, yayo imapoo owolowo goo ee tei goo takaso.
44019011	Grace	Godeeye Polo maga goo toowa opusomo opusomo di moodoogaso.
43008034	Sin	Eseme Yesuye nei dimapoo egeesee takaso, “Ayo nimapoo taka. Edebeeyo goo tokenee tolone badoga, yo goo tokeneeso wiligi doloso ka badoso.
62004011	Faith	Tei telaga odoo emegei, Godeeye iba diya egeesee sooloo dalaso. Esiga iyo emegei nei sooloo dolo, nei sooloo dolo dolone dabalai tekepo.
44002028	Grace	Osoloso gie badeli eli nayo amapoo eligiso. Esiga ayo nobolo badolone, dia goomogalaiso,’ diso.
44002013	Description	Esino odoo abo Yolusalem mapoo sibadee oso tei telaga odoo dimapoo manolone diso nediliyo egeesee takaso, “Odoo hagee yugune naloso ka halapaga,” diso.
43017026	Grace	Ayo nee goo dimapoo olo yilige buguso, osoloso see yilige bigileiso, nayo a sooloo dolone egee bado goo egeesi masi oso dima kulodu ka malame. Osoloso anosee dibolo hodobo badalame.”
65001018	Sin	Bei, diayo nimapoo egeesee takaso, “Lodee mapoo osoloso o odoo mapoo manolone duwa takeli odoo oso biame hamameedee mapoo sibileiso. Osoloso diayo sibileso dia suso goomoga goo susuga ee tolone dabalaiso,” diso.
43011001	Description	Betani mi mapoo badeli odoo hee paiye badebeiso, o hu Lasales. Osoloso omoo Meli dio Mata dio onosee Betani mi omapoo debeli.
52004008	Sin	Esiga edebeeyo to hagee dadalai gowooga, yo odoo to mapoo gowolone koo seeso. Esino yayo Godeeye nimapoo Dio Tei egee tenemolo o to mapoo gowooso.
62004002	Faith	Esino niba diayo eligi eyo kulodu Godeeyo Dio Tei hageesee gooleedalaiso. Diayo eligi oso takolone Yesu Godee maga sibileso odoo poloso mi hamapoo badebeiso daga, oso diayo eligi goo ee tei Godee maga siboso.
65001008	Sin	Egeesi maga gamenee eligili odoo hagee bia onosee egeesee seliso. Diayo dia sapoo tieli ee Godee maga sibili dolone, ee dodolone, dia suso goo tokenee teliso. Osoloso diayo Godee mapoo mesilega dobolone, Godeeyo momaiye susuga eyo goo maga to tokenee takeliso.
43008059	Violence	Yesuye egeesee taka duloso diayo komonolone, yo toloso enigilame sino poogooso. Eseme Yesu mada wua moloso tei moso ma kuloduga peegoo diso.
44013030	Description	Esino Godeeye yo ta maga see hogadiso.
43010011	Description	“Esiga sipi be medee bali odoo ee aso. Egeesi ma kulodu sipi be medee bali odoo oso o sipi be ee gooloogalame o gie badeli teli mapoo mageliso.
56003010	Recommendation	Osoloso odoo agayo gamenee eligi goo ee toloso sosee ma kulodu eligimo silone odoo domo piga, nayo yo hamaga takee. Osoloso yayo nee to dulega poogooga, see tobu hamaga takee. Esino yayo nee to dulega poogoloso see osee eligimo siloga, yo peegoo wulo peegee.
43010019	Description	Eseme Yu odooso Yesuwo to duloso dieso dima kulodu toso agadigilone abo piso.
43003033	Faith	Esino odoo agayo o to duloso tei too goo oso Godee yo tei goo takeli dolone ka eligiso.
53003001	Faith	Tei telaga odoo emegei, Lodeeyo goo oso mi susuga mapoo saga dudobigilame, niyo iba dokodoo takee. Bei, iba goomogoso, Godeeyo to mapoo niyo tei toloso mesie egee do egeesi masi odoo mi susuga mapoo egee do diba nosee egeesee dabalame.
59005014	Recommendation	Osoloso nima kulodu edebeeyo paiye sabolo badoga, yayo sosee wiligi tebisa gilimadalai tekepo, diayo yimapoo sibileso, Lodeeyo hu sabolo olipi iso sooloso, yo howo gise goo oso dokodoo takalame.
44007023	Description	Osoloso Moses dugo 40 poogoloso badolone, yayo o odoo Isalael odoo ee agalame dilame gooleeso.
44023027	Violence	Yu odoo oso odoo hagee toloso wooloomalame seeso. Esino yo tei Loum odoogo di duloso, ayo mo odoo sabolo yo toloso mada peegoo ido diso.
44019029	Description	Goo hagooso Epeses mi toowa ma kulodu debeli odoo susuga oso dia kamanaso. Egeeseelone odoo susuga oso mi ee ma kulodu to neligidi agadilone, edebeeyo gooloogoo doloso debeli mi omapoo hoguga diadeeso. Diayo hoguga dulone, Polowo odoo Makedonia mi mapoo debeli Gaiyus dio Alistakus dio iyadoloso diadeeso.
44003014	Sin	Esino Yesu tekepo, tokenee mauwe odoo oso. Esino niyo yo gowolone, Balabas odoo wooloomali odoo ee Paileteeye neliga moso ma kuloduga peegoo di diso.
44015009	Faith	Esiga Godeeyo howo woola mapoo iba Yu odoo sabolo, osoloso Yu dele poogoo odoo sabolo opusomonee. Esiga diayo tei teme, Godeeye dibada goo tokenee hapoloso boobado buguso.
44002024	Description	Esino Godeeye Yesu dala teli goo maga peegoo tamagalame, Godeeye yo ta maga hogabidiso. Bei, teli oso yo talai tebile.
59002007	Sin	Osoloso diayo nibada Lodee Yesu Kelisowo hu tekepo maga to tokenee takeliso.
43004014	Grace	Esino odoo agayo howo ayo hagee keenee ee naga, yo see howo nala pagalaime. Esiga kookaiyo gie badeli teneli howo ayo yimapoo tenelai oso yima kulodu howo ou masi molone, yimapoo badoboso kookaiyo gie badeli ee tenelaiso.”
62002005	Faith	Esino edebeeyo Godeeye kokodo taka to mapoo mesimo siloga, odoo egeesi masi oso o sooloo ma kulodu Godee gweli goo ee kauwuloso moloso. Osoloso iba goo egeesee maga iyo tei Godee sabolo hedebe di goo ee gooleedeliso.
59002008	Recommendation	Godeeyo to booka ma kulodu kokodo taka to toowa egeesee moloso, “No nediliyo diya sooloo deli egeeseelone no nemegei odoo mapoo diya sooloo dele,” diso. Esiga niyo kokodo taka to hagee medee deedeega, niba eli mapoo doso.
55001006	Recommendation	Goo egeesi maga ayo namapoo ka taka. Bei, ayo daga nee wiligi mapoo deeso toloso Godee mapoo takeme, Dio Tei oso namapoo tou talame kitulugu teneeso. Esiga tou egee pailame dou masi tooee.
44023005	Recommendation	Poloye nei egeesee takaso, “Emegei, odoo hagee tei moso wiligi odoo tobagodi, a gooleedele. Godeeyo to booka mapoo hogugu hagooso, ‘Nibada odoowo wiligi odoo taba mapoo to tokenee na takee,’ diso.”
53001003	Faith	Tei telaga odoo emegei, niyo tei too goo sabolo nemegei sooloo deli goo sabolo oso nima kulodu egee kauwu maga, iyo Godee mapoo goomoga to takalai tekepo.
44014017	Grace	Esino niyo ee ma kulodu doboome, Godeeye yayo sooloo dala goo ee eligilone, kei ma dokodooga howo teneliso, osoloso nei nali bi segei oso tekepo palame pidiliso. Osoloso nimapoo nei nali bi toowa teneloso, see nimapoo goomoga teneliso. Esiga Godeeye eyo nediliyo o goo yiligebugulone goo susuga hagee nimapoo teneliso,” diso.
44012020	Description	Esino Helodee yayo Kasalia mi mapoo badolone, Taya mosobia odoo sabolo, osoloso Saidon mosobia odoo sabolo, mapoo dia komonolone badebeiso. Eseme Taya mosobia odoo sabolo, Saidon mosobia odoo sabolo, mesiloso badalame Helodee sabolo to meilame, Helodee mapoo diso. Bei, diba Helodeeyo mi toowa mapoo nei nali ka teli. Bei, Helodeeye dimapoo kamana sabolo osee badoga, diayo nei talai hamaga takeeyaga, Helodeebolo to meilame sibadeeso. Osoloso diayo sibileso Helodeeyo moso gibadili odoo, o hu Balasto, sabolo emegei diso. Yo dibolo toboloso dibada goo ee Helodee sabolo to tekepo ka moodoolame.
43008049	Sin	Eseme Yesuye nei dimapoo egeesee takaso, “Mo kulodu bo holo koo badoso. Esino ayo mo Mayo hu dokodoo poudiliso. Esino niyo abolo takolone mo hu dokodoo poudilega pegeliso.
43006018	Description	Diba sudaso olo sulugamo diyadaga molome, i toowa simi oso howo ki toowa simiso.
62002012	Grace	Esiga mawe dio ayo gooma, ayo to hogugu hagee nimapoo ka tonowa. Bei, nibada goo tokenee Yesu maga hapoloso boobado buguso.
55001009	Grace	Godeeye ibada gie badeli pidiso, osoloso yayo iba o odoo doloso gilimadooso. Iyo goo tekepo tolone doboome ka sele. Haye, Godeeye bi susuga moodelega badolone, eyo goomoga goo ee dodolone iba ka gilimadoo. Osoloso Yesu Kelisoye iba halo goo moodoolai goo maga, Godeeye iba sooloo dolone pidilame goomoga magooso.
43019006	Violence	Eseme epedee omapoo tei moso wiligi odoo tebisa sabolo, osoloso tei moso gidebeli odoo oso yo ogoloso toso neligidi egeesee takaso, “Yo homo bulubo magoo ma dokodoo yoguso enige. Yo homo bulubo magoo ma dokodoo yoguso enige,” dee takemeleeso. Eseme Paileteeye dimapoo egeesee takaso, “Niso yo homo bulubo magoo ma dokodoo yoguso enigilame ido di. Bei, ayo yimapoo goo hee koo ogo,” diso.
63001007	Sin	Esiga gamenee goo eligili odoo bei oso mipoo toowa hamapoo silesiboso. Odoo egee bia oso silesibulone, Yesu Kelisoye tei odoo poloso mi hamapoo silee goo ee koo eligili. Osoloso odoo agayo goo hageesee eligimo siloga, yo gamenee goo eligili odoo oso, osoloso yo Keliso mapoo ha teli odoo oso.
44024005	Sin	Osoloso Teletuluseeye egeesee takaso, “Odoo hagee tokenee goo eligimo sili. Bei, yayo mi toowa susuga mapoo goo eligimo sili maga Yu odoo oso kamanaliso. Osoloso yinosee Nasalet odoo Yesu deedeeli dia wiligi odoo taba.
52001002	Faith	Iyo beeame susuga niba halo dokodoo takolone, nibada goo maga Godee mapoo goomegeliso.
44013019	Description	Eseme Godeeye Keinen mi ma kulodu to opusomo opusomo di kesali 7 mosobia odoo susuga peegoo hasiso buguloso, dibada mi peedee buguloso, see o odoo Isalael odoo imapoo teneeso.
63001010	Recommendation	Esiga odoo agayo Kelisoye eligi goo ee eligimo sibilega, see eligi hee eligimo siboga, emegei doloso nibada mosopoo na ido di.
65001011	Sin	Esiga diba dala talaiso! Bei, diayo Keineeyo goo deedee maga. Bei, Keineeye omolo wooloomaso. Osoloso diayo Balameeyo goo ee dodolone, molee talame goolee maga tokenee tolone ka doso. Osoloso diayo Kolayo goo ee dodolone, Godeeyo to mapoo mesilega doso. Esiga Godeeye diba tokenee palaiso.
65001010	Sin	Esino gamenee goo eligili odoo hagee biaso goo diayo gooleedele poogoo maga to tokenee takeliso. Osoloso diba gala seebeeso dieso goomoga goo teli egeesi masi doso. Esiga dieso goomoga goo ee tolone egee do ogoso diba tokenee peliso.
44007051	Sin	Osoloso Sitibeneeye o to hamameedee see wiligi odoo tebisa mapoo egeesee takaso, “Niba koo mesili odoo. Osoloso nibada sooloo ma kulodu tei too goo mauwe. Esiga niba Godeeyo to mapoo koo duli. Osoloso namawe dio Dio Tei oso eligi goo ee gowolone poogooso. Esiga niyo see egeeseelone, Dio Tei oso eligi goo ee gowolone poogooso.
59005001	Recommendation	Bi bei odoo niba mo to dui! Niba goohele sabolo pupusugulone debee. Bei, nimapoo dala goo siboso.
59005005	Sin	Egeesee ma kulodu niyo mi toowa hamapoo dobolone, bi bei doloso, niso goomoga goo ee tolone debeiso. Esiga niba be hu poopooloso kauwuga wooloomaloso nali niba be egeesi masi doso. Bei, niba niso goomoga goo sabolo niso nediliyo poopooloso kauwuga, goo meedilei beeame omapoo, be masi piligilame doso.
59002012	Recommendation	Esiga niyo to kei susuga sabolo osoloso suso goo too susuga sabolo obeeyamo. Bei, niba tokenee goo maga peegoo gilimadoo dili tei omaga nibada goo meedileiso.
44010015	Recommendation	Eseme toso see nei egeesee takaso, “Godee, ayo bi susuga tekepo di, bi egee see nayo tokenee dee na takee,” diso.
43014023	Faith	Eseme Yesuye nei egeesee takaso, “Edebeeyo a diya gooleega, yayo goo ayo eligi mapoo mesimo sileiso. Osoloso mo Maye yo diya sooloo dalaiso. Osoloso mo Ma asalo sibileso yibolo hodobo badalaiso.
62004010	Grace	Esiga tei sooloo deli goo hagooso. Iyo Godee sooloo deli goo osonee. Esino Godeeye iba sooloo dolone owolo meiye diso, ibada goo tokenee maga talame, osoloso goo tokenee susuga peegoo togobigilame.
62001007	Faith	Esino Godeeye gadeebugu ma kulodu egee bado egeesee badolone, iba see gadeebugu ma kulodu doga, oso tei telaga odoo iba susuga hedebe doloso dobolone ka salai. Egeeseega owolo Yesuwo sawo oso ibada tokenee susuga hapoloso tabigileiso.
43010033	Sin	Eseme see Yu odoo dia wiligi odoo tebisa oso egeesee takaso, “Nayo goo tekepo moodoo maga iyo no wooloomalame koo seeso. Esino nayo Godeeyo goo maga to tokenee taka ee duloso no wooloomalame ka seeso. Bei, no wulo odoo wuluge, esino see nayo takolone, no Godee, dee takeliso.”
62003017	Sin	Odoo yimapoo bi tebia oso tei too odoo bi mauwe badoga ogoloso, yo pidilega poogooga, o sooloo ma kulodu Godee goolee goo mauwe.
44007025	Description	Osoloso Moseseeye egeesee gooleeso, ‘Isalael odoo oso goolee, ayo diba dala ma kuloduga peegoo gilimado dilame, Godeeye a dimapoo ka sibeye di doo,’ dee gooleeso. Esino Isalael odoo oso goo ee gooleedele.
56001016	Sin	Esiga diayo takolone, “Godee iba gooleedooso,” dee takeliso. Esino diayo goo tokenee teli oso Godee mapoo tei telega pegeli goo ee eligiliso. Diba diya tokenee odoo. Osoloso diba Godee mapoo koo mesili. Osoloso diba goo tekepo talai koo tebili.
55002015	Recommendation	Timoti, tou nayo too ee Godeeye ogoloso goomogalame, osoloso nee tou too oso namapoo simili goo tenelega pagalame, nee tou medee kitulugu sabolo te. Osoloso nayo Godeeyo to odoo mapoo eligilone, dooboo dagadilega medee tei goo ono ka eligimelee.
53002004	Description	Yayo o su eyo nediliyo si howolone, edebeeyo goomegeli godee susuga ee tokenee dolone, hedebe yo tekepo doloso si howolaiso. Egeeseelone, yayo dileso Godeeyo tei moso mapoo badolone anosee tei Godee dalaiso.
44026014	Violence	Osoloso iba susuga miyomoo misikedoobuloso tiesamolome, kei ma dokodooga ibada Hibulu toso amapoo egeesee takeme duso, ‘Solo, Solo, nayo bei kasee maga amapoo dala ka tenemalala? Esiga no medee goolee. Nayo egeeseemo siloga, no Godee sabolo ha taso. Esiga eyo nei no dala talaiso,’ diso.
59001021	Recommendation	Esiga nima kulodu Godeeyo howo woola goo tokenee susuga sabolo osoloso suso goo tokenee teli sabolo peegee. Osoloso niyo Godeeyo to duloso too goo ee mesie sabolo kibiya toloso debee. Bei, to omapoo kitulugu moloso, niyo gie badeli talai.
43015014	Recommendation	Esiga niyo ayo kokodo taka to mapoo mesimo siloga, niba tei mo odoo.
62005021	Recommendation	Esiga mawe dio emegei, niba medee badolone gamenee godee maga peegoo dooboobigi.
55003006	Sin	Bei, odoo hageesi oso silesibulone, emegei dia moso tagaga ma kulodu galaga peleso, sobo goo medee koo gweli ee kukulo egeliso, sobo ogoso goo diayo eligi ee dadalame. Sobo hageesi masi oso biame susuga goo dia eligi dulame goomegeliso. Esino diayo tei goodee gooleedalai ee koo tebili. Bei, dia goo tokenee sabolo, osoloso dia suso goomoga goo oso dimapoo kadadigamo palaga.
44009005	Description	Eseme Soloye woosaso, “Wiligi odoo, no ogumo?” diso. Eseme to oso Solo mapoo egeesee takaso, “A Yesu, nayo tei telaga odoo dimapoo dala egee tenemolo amapoo tenemoloso.
44007033	Recommendation	Esiga kitulugu Godeeye see yimapoo egeesee takaso, ‘Mi nayo taba egee molo tei mi. Esiga nee homo bi ka egee tiga magee.
62002024	Faith	Esiga to tekepo daga niyo du mapoo tei toloso ka debee. To oso nibada sooloo ma kulodu mologa, Ma Godee sabolo osoloso owolo Yesu sabolo hedebe doloso dabalaiso.
43008051	Faith	Esiga ayo nimapoo tei goo taka. Odoo agayo mo to mapoo mesimo siloga, yo talaime.”
62001005	Grace	Esiga iyo Keliso maga du goo ee see nimapoo hagee yiligebuguso. Goo ee, Godee yo gadeebugu. Yimapoo neliga hee mauwe.
43006037	Grace	Odoo mo Maye amapoo tenee oso amapoo sibileiso. Esiga dima kulodu odoo hee ayo peegoo habigileime.
43019015	Violence	Eseme diayo toso neligidi egeesee takaso, “Yo wooloome. Yo wooloome. Yo homo bulubo magoo ma dokodoo yoguso enige,” dee takemeleeso. Eseme Paileteeye dimapoo egeesee takaso, “Niba goomogosomo, ayo nibada wiligi odoo ee homo bulubo magoo ma dokodoo yoguso enigilei?” dee takaso. Eseme tei moso wiligi odoo tebisa oso nei yimapoo egeesee takaso, “Ibada wiligi odoo hedebe Sisaso, odoo hee me,” diso.
43015002	Grace	Osoloso homo dee amaga agaga oso ko pelega mologa, yayo kookooloso peegoo togobiseliso. Esino homo dee ko peli eyo dee abo ee kookeliso, oso see homokoko okopolo palame.
52004013	Recommendation	Emegei tei telaga odoo, niyo odoo wedia eyo goo gooleedelega badalai, iba koo goomogo. Peegoo debeli odoo oso odoo wedia halo gooholone diya pupusigeliso. Bei, diba odoo wedia oso see hogogadilei goo ee diba gooleedele. Esino peegoo debeli odoo diayo odoo wedia halo diya goohele sabolo debeli egeesi masi na debee.
44007020	Description	Egeeseelone debei beeame omapoo, Isalael sobo hedebe oso giso holo mudu medee tekepo soomagooso, o hu Moses. Osoloso a bakadio hedebe di ma kulodu ama dio owee dio oso dibada moso kulodu mada gibadebeiso.
44014019	Violence	Esino Yu bia odoo abo Pisidia mi Antiyoka maga, osoloso Ikoniyome maga sibadeeso. Diayo sibileso mosobia odoo oso kamanalame, Polowo goo maga gamenee takaso. Eseme odoo aboso kamanaloso, Polo yo yoso enigaloso, mosobia peegoo gisibado dileso magooso. Eseme diayo Polo yo olo woolooma gooleeso.
43013021	Description	Yesuye to hagee taka koodobuloso su hegi sabolo badolone, o hamamee dili odoo mapoo egeesee takaso, “Ayo nimapoo taka. Odoo heeso nima kuloduga a ha teli odoo mapoo tiasalaiso,” dee takaso.
44007052	Sin	Osoloso namawe diayo Dio Tei oso eligi gowolone, Godeeyo to tosili odoo susuga mapoo dala teneeso. Esiga Godeeyo to tosili odoo aboso egeesee takaso, ‘Odoo tekepo Keliso hamamee sibileiso,’ diso. Eseme namawe dio oso diba piluguso. Egeesee ma kulodu odoo tekepo Keliso simiso. Esino niyo gowolone yo tiasoloso wooloomaso.
43012036	Faith	Esiga gadeebugu nimapoo osee egee molo mapoo tei te. Niyo egeesee seega, niba gadeebugu eyo owolo dio dalaiso.” Yesu to hagee takoloso koodobuloso peegoo dileso dimaga mada wuaso.
56003006	Grace	Ibada gie badeli pidili Yesu Kelisoye ibada goo tokenee hapalame ta goo omaga, Godeeye o Dio Tei ima kulodu badalame su goodegelega wulayo teneeso.
44004036	Description	Osoloso tei too odoo hee Yosepeeye o mi odoo abo mapoo teneloso nei molee tooso. Osoloso yayo sibileso, molee ee diye di odoo dimapoo teneeso. (Yosep hagee Saiples mi te omapoo badeli, yo o bala Libai. Esino diye di odoo oso yimapoo hu hee teneeso, Banabasi, hu eyo bei emegei pidili odoo.)
43020021	Grace	Osoloso Yesuye see tobu dimapoo egeesee takaso, “Mesie goo oso nibolo osee mele dee. Esiga Maye a diye diga, ayo niba nosee diye deeso,” dee takaso.
65001016	Sin	Esiga diayo goweli goo ee yilige bugulone emegei dia goo takomo silesibiliso. Egeeseelone diayo suso goomoga goo mapoo dodomo silesibulone, dieso nediliyo diba teiba dolone si howeliso. Osoloso see diayo odoo abo maga bi diayo goomegeli ee talame to hadaliso.
44022016	Recommendation	Esiga no ogoo bamalala? No saga toboloso howomoo howo sauwidi. Osoloso Yesu mapoo takee, yayo nee tokenee hapoloso boobado bigilame,’ diso.
55002024	Recommendation	Esiga Lodeeyo tou teli odoo oso toso agadigilone na badebee. Esino yayo odoo susuga sabolo medee mesiloso badolone, saga kamanabugu dolone na badebee. Osoloso yo eligili odoo tekepo doloso badebee.
53002013	Faith	Tei telaga odoo emegei, Lodeeye sooloo dala oso nibolo hodobo moloso. Osoloso iyo niba halo Godee mapoo goomoga to takalai tekepo. Bei, Godeeye daga hoogoo niyo gie badeli talame niba olo hesigaso. Esiga niyo Dio Tei oso kitulugu maga goo tokenee mauwe dobolone, niyo tei goo mapoo tei too maga Godeeye nimapoo gie badeli olo teneeso.
44002038	Faith	Eseme Pitaye dimapoo nei egeesee takaso, “Niba susuga nibada goo tokenee maga miligi pialoso, Yesu Kelisowo hu maga howomoo howo sauwidige. Egeeseega nibada goo tokenee hapoloso boobado bigileiso. Egeeseega niba Godeeye Dio Tei wulayo egee tenemolo niyo talaiso.
52005015	Recommendation	Egeeseelone dobolone, edebeeyo nimapoo tokenee goo hee toga, nei na tenee. Esino niba nima kulodu osoloso odoo susuga ma kulodu mesie sabolo tekepo goo ono tolone ka debee.
44003019	Recommendation	Esiga nibada goo su wuduloso, goo tokenee maga miligi pialoso, Godee mapoo bidiga debee. Egeeseega Godeeye nibada tokenee hapoloso boobado bigileiso. Nibada goo su wuduloso, goo tokenee maga miligi pialoso, Godee mapoo bidiga dobooga, Godeeye nimapoo kitulugu dia tenelaiso.
43006054	Faith	Esiga mo hwei sabolo osoloso mo sawo sabolo nali odoo, diba badoboso kookaiyo gie badeli talaiso. Osoloso hamameedee biame mapoo ayo diba wedia maga see hogogadileiso.
43019011	Sin	Eseme Yesuye nei yimapoo egeesee takaso, “Kitulugu epedee namapoo egee molo ee no goolee tele. Esino kitulugu hagee Godeeye namapoo ka tenee. Esiga odoo a toloso namapoo tenee eyo goo tokenee oso nee goo tokenee ee dagadileso ka moloso,” diso.
59002017	Faith	Esino bei, tei too oso obusomo molone suso goo too mauwe mologa, tei too ee goo mauwe.
62002022	Sin	Osoloso gamenee takeli odoo ogumo? Edebeeyo Yesu yo Kelisonee dee takooga, odoo ee gamenee takeli odoo oso. Esiga yo Keliso mapoo ha teli odoo oso. Bei, odoo hagooso Yesu yo Kelisonee dee takooga, yo Ma Godee sabolo osoloso owolo Yesu mapoo gowolone miligi piaso.
59002020	Faith	Esiga no goo goolee mauwe odoo, tei too ee suso tou too me daga, tei too egee goo mauwe. Esiga no goo hagee ayo namapoo eligilame ka sala?
43018003	Description	Esiga Yudaseeye Loum ha teli odoo mooloogoodoo sabolo osoloso tei moso gidebeli odoo gilimado simiso. Tei moso gidebeli odoo hagee bia ee tei moso eyo wiligi odoo tebisa sabolo osoloso Pelisi odoo oso ka diye di. Diayo sibulone keme sabolo, egime sabolo, osoloso ha teli bi toloso sibileso peledabaso.
53003003	Grace	Esino Godee eyo to kitulugu magoo ee dadalai koo pegeli. Esiga yayo niba kitulugu teneloso niba medee balaiso, tokenee odoo Saiten yayo nimapoo dala teneeyaga.
44007021	Description	Osoloso a bakadio hedebe di poogoloso holope peegoo magooso. Eseme Isipi wiligi odoo taba eyo owolo sobo holo oso holope ogoloso, yayo maduloso, owolo doloso mosopoo madio dileso poopooso.
44026021	Violence	Esiga ayo goo hagee tomo silime, Yu odoo oso ayo dibada tei moso ma kulodu badoboome, diayo a wooloomalame keliso.
55004004	Sin	Egeeseelone, diayo tei eligi goo ee poogoloso see gesaboo oposusu mapoo medee dulone dabalaiso.
43006064	Faith	Yesu yo daga malalo olo gooleedooso, yimapoo tei telega pagalai odoo ee. Osoloso yo toloso ha teli odoo mapoo tiasalai odoo onosee yo olo gooleedooso. Esiga yayo dimapoo egeesee takaso, “Odoo abo nima kulodu egee do amapoo tei koo toso.
43013026	Description	Eseme Yesuye nei egeesee takaso, “Ayo wo i mapoo oluguloso teneega, odoo oso a ha teli odoo mapoo tiasalaiso.” Osoloso Yesuye wo toloso i mapoo oluguloso Saimon-Iskaliyoteeyo owolo Yudas mapoo teneeso.
44017005	Violence	Esino Yu odoo Polowo to mapoo tei tele poogoo odoo oso Polo dimapoo dia kooso. Egeeseelone diayo tokenee teli odoo mi domo silesibili, diba gilimadoloso mooloogoodoloso diba dia kamanalame toso dia pupuso. Eseme odoo susuga oso dia komonolone, Yosaneeyo mosopoo toso agadigamo hoguga dileso, Polo dio Sailesi dio toloso, odoo howo woola mapoo dibada goo meedilame esiamo diso.
62005016	Sin	Esiga edebeeyo emegei tei too odoo oso telega pagalai tokenee tomolo ogoga, yo dokodoo takalai tekepo, Godeeye o gie badeli pidilame. Esiga ayo hagee takoo goo ee, odoo teli mapoo koo ido dili goo ee taka. Esino teli mapoo ido dili goo tokenee moloso. Esiga ayo hagee takoo goo ee, teli mapoo ido dili goo tokenee teli odoo ee halo dokodoo takalame ayo koo takooso.
43013020	Faith	Esiga ayo nimapoo taka. Edebeeyo odoo ayo diye di ee idoga, yayo a idoso. Osoloso edebeeyo a idoga, mo Ma a diye di ee idoso.”
44019013	Description	Esino Yu odoo abo wulo domo silesibili odoo oso bo holo odoo ma kuloduga peegoo hasiso bigiliso. Diayo Poloye Yesuwo goo taka duloso, see Lodee Yesuwo hu sabolo bo holo peegoo hasiso bugulone silesibilame bei mooloogooso. Egeeseelone diayo bo holo mapoo egeesee takeliso, “Iba Poloye egee eligimo silo Yesuwo hu maga nimapoo ka taka, niba peegoo gasibe!” deliso.
44015040	Grace	Eseme tei telaga odoo oso Poloye Sailesi ido dilame hesime egeesee takaso, “Diye, Lodeeye mesilone wulayo pidi nibolo malaiso!” diso.
63001008	Recommendation	Esiga niba medee debee, gamenee goo eligili eyo to mapoo tei tolone, Godee maga nei telega peegeeyaga. Esiga niyo tou toowa too eyo nei talame, medee kibiloso ka debee.
44008021	Sin	Osoloso no ibolo Godeeyo tou hodobo talai koo tobuo. Bei, Godeeyo howo woola nee goo goolee egee dia tokenee.
43017010	Faith	Egeesi ma kulodu odoo hagee bia ee ibada odoo. Diba mo odoo osoloso diba nosee nee odoo oso. Osoloso ayo toowa doloso badeli goo ee dimaga woola yilige bigiliso.
44014026	Grace	Osoloso Atalia mi maga du toloso see Silia mi Antiyoka mapoo soowaso. Osoloso mi hamapoo daga tei telaga odoo oso Polo dio Banabasi dio diba toloso, mi abo mapoo Godeeyo to takomo diye dolone egeesee takaso, “Godeeye niba mesilone wulayo pidi,” diso. Eseme diayo Godeeyo to olo toloso mi abo mapoo dileso siloso tou hosudoome, see wedi sibileso dibada mi Antiyoka mapoo peledabaso.
59001005	Recommendation	Esiga odoo hee niyo goo goolee tekepo tebile daga, yayo Godee mapoo takalai tekepo. Bei, Godeeye yimapoo simili goo tenelaime. Esino Godeeye o odoo pidilei goomoga toowa mologa, yayo yo pidileiso.
52005019	Recommendation	Esiga niba Dio Tei oso nimapoo tou talai na hamaga takee.
62005013	Faith	Esiga ayo Godeeyo owolo mapoo tei telaga odoo nimapoo to hogugu susuga hagee ka tonowa, niyo badoboso kookaiyo gie badeli too goo ee gooleedalame.
43007018	Faith	Edebeeyo eyo goolee eligimo siloga, yo o hu eyo nediliyo doko topoloso. Esino edebeeyo yo diye di odoo oso goolee ee eligimo siloga, yo diye di odoo eyo hu ee doko topoloso. Esiga yo tei goo takeli, osoloso yo gamenee koo takeli.
43008054	Faith	Eseme Yesuye nei dimapoo egeesee takaso, “Ayo goo tomo sili hagee mo hu dokodoo poudalame ka tomo sili diepi, goo hagee bei mauwe meliyo. Esino mo Maye mo hu dokodoo ka poudomoloso. Yo niyo takolone nibada Godee deliso.
43019040	Description	Osoloso odoo bakadio oso Yesuwo kou toloso, Yu odooso odoo toga mi dooseli goo ee dodolone, sisigageli bi medee tekepo oso Yesuwo kou mapoo hediloso dugo semeso tiegisaso.
44013023	Grace	Esiga Godeeye daga hoogoo to takoloso magolone egeesee takaso, ‘Deibidiyo amawe dima kuloduga Isalael odoo dibada gie badeli pidili odoo sibileiso.’ Esiga odoo ee olo simiso. Yo Yesu.
59005007	Recommendation	Esiga tei telaga odoo emegei, niba Lodeeye sibilei mapoo dulone bolone ka debee. Goo ee egeesi masi moloso, edebeeyo nei howo sogoloso howo sibabeleso baliso. Howo simi oso o nei howo segei pologa kakauwuloso ko pa oso telegabeleso baliso.
55001016	Grace	Osoloso Onesipoloseeye Loum mi mapoo sibileso a agalame diya esiamo sileeso. Osoloso a neliga moso ma kulodu ki tiso tialogoloso badebei ogoloso, yayo similega a pidimeleeso. Esiga ayo Godee mapoo ka taka, Lodeeye Onesipolos sabolo osoloso o moso kulodu debeli odoo ee sooloo dalame.
62002028	Faith	Esiga mawe dio ayo gooma, niba Keliso sabolo hedebe doloso osee debee. Egeesee seega yayo simi mapoo o mudugiyopaga kitulugu sabolo ebilega tebisileiso.
43010031	Violence	Eseme Yu odooso Yesu enigilame yo see tobu misigaso.
59004011	Recommendation	Esiga tei telaga odoo emegei, nima kulodu nee odoowo goo maga to tokenee na takee. Niyo nee odoowo goo maga to tokenee takolone yo tokenee to daga, Godeeye tei magolone emegei sooloo dele dee taka goo ee tokenee deeso. Egeeseega Godeeye tei magoo mapoo medee kibiya koo deedeeso. Osoloso niso nediliyo tei magoo maga goo meedili wiligi tebisa deeso.
43019010	Description	Eseme Paileteeye yimapoo egeesee takaso, “Nayo amapoo to nei takele poogoosoba? Bei, no gooleedeleyo, ayo no peegoo tamagee dee takalai, osoloso no homo bulubo magoo ma dokodoo yoguso enige dee takalai, amapoo kitulugu moloso?” dee takaso.
44008032	Description	Esiga odoo yayo badolone Godeeyo to hogugu hesigamelee hagooso: “Yo sipi be hu wooloomalame ido dili egeesi masi ido diso. Yo sipi be hu masi o too edebeeyo kooga, to mauwe tabameli egeesi masi, edebeeyo yimapoo dala teneme, dimapoo hamaga takele.
44013021	Description	
56001010	Sin	Ayo namapoo egeesee ka taka. Bei, sosee ma kulodu Godeeyo to mapoo koo mesili odoo abo doso. Diba goo eyo bei mauwe wulo to boweliso. Osoloso diayo gamenee goo odoo mapoo eligilone, tei goo maga diba peegoo gilimado diliso. Goo hageesi egee tomo silesibo ee tei telaga Yu odoo aboso ka seeso.
44010012	Description	Dugo ee ma kulodu gala opusomo opusomo di susuga, homo bakadio bakadio di oso dili sabolo, osoloso beliyeso kolo dili sabolo, osoloso só egeiso.
43017022	Grace	Esiga toowa doloso badeli goo nayo amapoo tenee ee, see ayo dimapoo teneeso, diba dieso hedebe doloso dabalame. Egeesi ma kulodu iba nosee hedebe doloso egeesee ka doso.
55001013	Faith	Esiga tei goo ayo namapoo eligime nayo du ee odoo mapoo eligi. Osoloso no Yesu Keliso sabolo hedebe doloso badeliga, tei too ma kulodu osee badebee, osoloso emegei sooloo dolone ka badebee.
43002006	Description	Egeesi ma kulodu sesepeni yugoso moodoo 6 omapoo bediga meleeso. Sesepeni 6 hedebe hedebe di egee howo 100 lita egeesi keeseli. Yu odooso dia adaga dia goo ee dodolone, sesepeni howo keesoo hamapoo dee sabolo, homo sabolo, osoloso bi abo hapeliso.
65001023	Recommendation	Osoloso odoo aboso Dou mi mapoo diyadeega, niyo ogoloso see saga gilimado sibe. Osoloso nee odoo oso goo tokenee toga, diba medee sooloo dala sabolo pidilone dobolone, niso nediliyo medee bamelee, niba nosee dibada goo tokenee hedebe omapoo dedeyaga.
43014010	Faith	Ayo mo Ma sabolo hedebe doloso egee bado sabolo, osoloso mo Maye abolo hedebe doloso egee bado goo mapoo no tei telega ka badosoba? Esiga to ayo nimapoo hagee takomo silo mawo goolee koo takomo siloso. Esino Maye abolo badolone yayo amaga o goo ee ka tomoloso.
44016022	Violence	Egeeseelone mosobia odoo susuga oso Polo dio Sailesi dio dia goweso. Eseme gamalee odoo oso dibada odoo mapoo Polo dio Sailesi dio dia dugo ee tologo buguloso, tigamagoloso homoso weeye, diso.
43013034	Recommendation	Esiga kokodo takeli to dia hagee ayo nimapoo ka taka. Niyo nee odoo nei sooloo dolo, nei sooloo dolo dolone ka dabalame. Ayo niba goolee sabolo egee bado egeesee masi, nee odoo nei sooloo dolo, nei sooloo dolo dolone ka debee.
43012044	Faith	Eseme Yesuye to neligidi egeesee takaso, “Edebeeyo amapoo tei toga, yo hedebe amapoo tei koo toso. Esino a diye di odoo omapoo nosee tei toso.
44009013	Description	Eseme Ananayaseeye egeesee takaso, “Esino Lodee, odoo susuga oso odoo hagee eyo o goo amapoo oposususo. Osoloso a gooleedooso, yayo Yolusalem mapoo Godeeyo odoo mapoo dala teneli.
55003002	Sin	Bei, biame omapoo edebeeyo o odoo goolega, wulo dia su ono diya goolone dabalaiso. Osoloso diayo molee diya goomogalaiso. Osoloso diayo odoo abo pepooko dolone, diba dieso nediliyo si howalaiso. Osoloso diayo odoo abo dia goo maga to tokenee takalaiso. Osoloso diayo dibada ama dio sabolo, osoloso owee dio dia to mapoo mesilone dabalaime. Osoloso diayo emegei dimaga bi toloso eyo nei dimapoo goomoga to takalaime. Osoloso diayo Godee mapoo mesilega dabalaiso.
