62003016	Faith	主為我舍生、我於此而知愛、亦宜為兄弟舍生也、
43013001	Grace	逾越節前、耶穌知離世歸父時至、既愛在世之屬己者、終亦愛之、
58003017	Sin	又四十年彼所不悅者誰耶、非干罰而屍仆於野者乎、
60001014	Recommendation	如順命之子、不狥昔時無知之慾、
45011032	Grace	蓋上帝藩萬人於不順之中、乃為矜恤萬人耳、○
66006006	Description	我聞四生物中、若有聲曰、金一錢得麥一升、又金一錢得麰三升、油與酒爾勿壞之、○
59004010	Recommendation	自卑於主前、主則升爾、○
44017031	Grace	蓋上帝已定一日、將以所立之人、義鞫天下、乃自死復起之、俾眾徵信焉、○
43019002	Description	士卒編棘冕、冠其首、衣以紫袍、
54005014	Recommendation	故我欲其適人、生子宜家、不予敵以訾議之資、
43014011	Faith	我在父中、父在我中、爾宜信之、否則以所行者信我、
66020014	Violence	死與陰府亦見投於火湖、即二次之死也、
58009026	Description	若然、則自創世以來必屢受苦矣、但今值季世、乃一顯著、獻己為祭、以除人罪、
44013018	Description	在曠野包容之、約四十年、
46011033	Recommendation	兄弟乎、聚食時、宜彼此相待、
66006012	Violence	我又見啟六印時、地大震、日黑如褐、月變為血、
58011035	Violence	有婦得其死者復生、亦有遭酷刑而不受贖、欲得尤善之復起、
44016037	Violence	保羅曰、我儕羅馬人也、未定罪、而於眾前扑之、且下獄、今欲私出我乎、必不可、宜自來、引我出也、
45013009	Recommendation	如曰勿淫、勿殺、勿竊、勿貪、抑或他誡、皆以一言蔽之、曰愛鄰如己、
62003003	Faith	且凡於彼有此望者、則潔己如彼之潔然、
45007022	Faith	蓋依內心、則悅上帝之律、
50004004	Recommendation	宜恆樂於主、我復言之、爾其樂哉、
66001012	Description	我回顧之、欲知與我言之聲、則見金檠七、
58003018	Sin	又誓之不得入其安息者誰耶、非不順從者乎、
43010008	Sin	凡先我來者、竊也、盜也、羊弗之聽、
60002018	Recommendation	為僕者宜以敬畏服爾主、不惟於溫良者、即於邪僻者亦然、
44006013	Description	設偽證者、曰、此人出悖逆聖所、及律法之言不已、
47005018	Faith	萬事本乎上帝、藉基督使我與之復和、且以復和之職授我儕、
59005010	Recommendation	兄弟乎、取奉主名而言之諸先知、為受苦恆忍之模範、
44002021	Faith	凡籲主名者、必得救也、
66007012	Faith	阿們、頌也、榮也、智也、謝也、尊也、能也、力也、咸歸我上帝、爰及世世、阿們、
60003003	Recommendation	爾之飾、毋在外、如辮髮、佩金、衣美衣、
55001008	Faith	故勿以證主與我因之被囚為恥、惟依上帝之能、與福音共患難、
43017019	Description	我為彼而聖、使彼亦以真理而聖、
66003002	Recommendation	爾宜儆醒、堅定餘事、即將及於死者、蓋我未見爾之諸行、有所完全於我上帝前也、
66016004	Description	其三傾盂於江河、及諸水源、遂皆變血、
45005002	Faith	亦由之以信而進於今所止之恩、且以望上帝之榮為樂、
49005005	Sin	蓋爾誠知淫者、污者、及貪婪即拜像者、皆不得嗣業於基督與上帝之國、
58011008	Faith	亞伯拉罕有信、蒙召承順、往於將受為業之地、既出、不知所往、
49005018	Recommendation	勿酗酒而蕩檢、惟充以聖神、
61002002	Sin	將有多人從其淫妄、真道因之而受謗、
49002018	Faith	蓋我二者由彼以一神而謁父、
44021025	Recommendation	至於異邦之信者、我儕已遺書、擬定宜戒祭像之物、及血、並勒死之牲、與淫而已、
44005003	Sin	彼得曰、亞拿尼亞乎、胡為撒但充爾心、以欺聖神、私留田值耶、
49004014	Recommendation	致不復為童稚、蕩漾於諸教之風、受人詭譎欺惑之術、
46006009	Sin	豈不知不義者不得承上帝國乎、毋受惑、凡淫亂、拜像、行姦、為孌童、比頑童、
58010025	Recommendation	勿輟會集、如彼輟之者、惟相勸勉、見乃日愈近而愈切、○
51003005	Sin	故當滅爾在地之肢體、即淫亂、污穢、邪情、惡慾、及貪婪、貪婪與拜像一也、
52005008	Faith	但我儕既屬晝、則宜節制、以信與愛為胸鏡、以得救之望為兜鍪、
55001007	Grace	蓋上帝非賜我儕以畏葸之心、乃以能與愛及自守者也、
62002004	Sin	人自謂識之、而不守其誡則為誑、真理不在彼衷矣、
50002002	Faith	則宜同意同愛、心合志一、以充我樂、
43007030	Description	是以眾欲執之、但無著手者、以其時未至也、
54006018	Recommendation	又諭之為善、富於善行、喜於施濟、樂與眾共、
43018030	Description	對曰、彼若非行惡者、我儕則不付於爾矣、
45014006	Faith	守日者為主而守、食者為主而食、以其謝上帝也、不食者為主不食、亦謝上帝也、
45012012	Recommendation	喜於望、忍於難、恆於禱、
44024023	Description	遂命百夫長守保羅而寬之、其友供之者、概勿禁、○
46013007	Description	悉容、悉信、悉望、悉忍、
47004013	Faith	如經云、我信故言、我儕既有此信、亦因信而言也、
52005014	Recommendation	我勸兄弟、妄者警之、怯者勵之、弱者扶之、寬以待眾、
66016010	Description	其五傾盂於獸之座、其國遂暗、人因痛而齕舌、
48006016	Grace	凡依此準繩而行者、願平康矜恤臨之、暨上帝之以色列民焉、○
44018025	Faith	其人博學、諳於諸經、嘗受訓於主道、且銳志以耶穌之事、詳言誨人、惟知約翰之洗而已、
46010031	Recommendation	如是、爾或食或飲、凡所為者、皆以榮上帝而為之、
62002027	Recommendation	惟爾自主所受之膏、恆在爾衷、則不須人訓爾、彼之膏、即以諸事訓爾、是乃真而無誑、爾曹當依其所訓、恆在彼中矣、
59002026	Faith	蓋身外乎靈則死、信外乎行亦死也、
44027035	Description	言畢取餅、當眾前謝上帝、擘而先食、
44015020	Sin	惟書諭之、戒偶像之污與淫、並勒死之牲及血、
44023003	Sin	保羅曰、粉飾之牆乎、上帝將擊爾、爾坐其位、依律鞫我、乃違律命繫我乎、
45008001	Description	是以凡在基督耶穌中者、無所定罪、
52005009	Grace	上帝預定我儕、非致於怒、乃由我主耶穌基督而得救、
66020008	Violence	出惑在地四極之邦、即歌革與瑪各也、且集之以戰、其數如海沙焉、
46006011	Grace	爾中素有如是者、惟以主耶穌基督名、及我上帝之神、已洗滌成聖而見義焉、○
55001012	Faith	職是之故、我受諸苦而不恥、蓋識我所信者、且深信其能守我所託、以至乃日、
49006018	Faith	以諸祈禱籲懇、感於聖神而恆求、於此儆醒不倦、為諸聖徒祈、
52001001	Grace	保羅 西拉 提摩太書達帖撒羅尼迦之會、在父上帝及主耶穌基督中者、願恩惠平康歸爾、○
50004005	Faith	爾之溫良、宜表於眾、主伊邇矣、
46011026	Faith	蓋爾每食此餅、飲此杯、乃表主死至其臨焉、
59005015	Faith	夫由信之祈禱、可救病者、主將起之、或干罪、亦將赦之、
55001003	Faith	我謝自我祖以清潔之良、崇事之上帝、於祈禱間、念爾不輟、
66006016	Description	謂山與巖曰、傾而匿我、以避居於座者之面及羔之怒、
66002017	Description	有耳者宜聽聖神所語諸會者、獲勝者我則賜以所藏之瑪那、且賜之白石、上書新名、受者之外無識之者、○
61002003	Sin	彼由貪婪、將以飾言漁爾之利、自昔其鞫不遲、淪亡不寢、
53002011	Sin	故上帝施以乖謬、致信誑言、
45002024	Sin	上帝之名、緣爾受謗於異邦、如經所載矣、
55003008	Sin	猶雅尼佯庇之拒摩西、若輩亦拒真理、其人心壞、見棄於道、
66003019	Recommendation	凡我所愛者、我責而懲之、故宜奮然改悔、
45005001	Faith	是以我儕既因信見義、則由我主耶穌基督和於上帝、
54004016	Recommendation	慎乃身與乃訓、宜恆於斯、如是、則將救己及聽爾者矣、
44026011	Violence	又屢刑之於會堂、強使褻瀆、攻之益狂、窘逐之至於外邑、
48005019	Sin	夫形軀之行顯著、即淫亂、污穢、邪侈、
46003007	Grace	是以樹者灌者無足數、惟長之之上帝而已、
46001007	Faith	使爾曹恩賜罔缺、以待我主耶穌基督之顯著、
66014002	Description	我聞自天有聲如眾水聲、如大雷聲、又如鼓琴者鼓其琴、
44010043	Faith	諸先知亦為之證、凡信之者、將由其名而罪得赦、○
45002007	Faith	凡恆於為善、求尊榮不朽者、以永生報之、
66001004	Grace	約翰書達亞西亞之七會、願恩惠平康、自昔在今在而將來者、及其座前之七神、歸於爾曹、
44019004	Faith	保羅曰、約翰施改悔之洗、謂民當信後己而來者、即耶穌也、
61002009	Violence	主知拯虔者於試中、而留不義者於刑下、以待鞫日、
58011016	Grace	惟其所慕者尤善、即在天者、故上帝不恥稱為彼之上帝、蓋曾為之備邑焉、○
54004007	Recommendation	當棄老媼妄誕不經之談、而自練敬虔、
66020009	Violence	遂遊行地上、圍聖徒之營、與蒙愛之邑、有火降自天而滅之、
44010048	Description	遂命以耶穌基督名洗之、眾請彼得居數日焉、
45002019	Grace	自信為瞽者之相、暗者之光、
62002025	Grace	此其所許我者即永生也、
59003017	Description	惟自上之智、則首貞潔、次和平、溫良、柔順、充以矜恤與善果、無貳無偽、
43003035	Faith	父愛子、以萬有付其手、
61003009	Grace	主不延緩其所許、若有視為延緩者、乃寬忍爾曹、不欲一人沉淪、惟欲人皆改悔、
46007007	Grace	我願眾皆如我、但各得其賜於上帝、一如此、一如彼、○
46014001	Recommendation	宜趨愛、切慕神貺、其要者能預言也、
47004006	Grace	蓋命光由暗而照之上帝、已照我心、俾知上帝榮之光、即顯於耶穌基督之面者也、○
44018024	Description	有猶太人、亞波羅者、生於亞力山太、至以弗所、
58013012	Grace	如是耶穌欲以己血聖民、亦受苦於邑門之外、
56002015	Recommendation	凡此爾宜以諸權言之勸之責之、勿為人輕視焉、
62004009	Grace	上帝遣獨生子入世、使我儕賴之而生、其愛由是而顯、
43017024	Grace	父歟、爾所予我者、願於我所在、彼亦偕在、見爾賜我之榮、蓋創世之先、爾已愛我矣、
45003016	Sin	其途翦滅殘傷、
58004014	Faith	我儕既有大祭司上帝子耶穌、經行諸天、則宜固守所承奉者、
61001017	Grace	蓋彼由父上帝得尊榮時、有聲自大榮臨之、曰、此我愛子、我所欣悅者、
46012011	Description	此皆一神所行、隨其所欲而頒予之、○
66008012	Description	第四使者吹之、日月星三分之一被擊、致變暗、晝三分之一無光、夜亦如是、○
44018017	Violence	眾執司會堂者所提尼、於公座前扑之、而迦流概不置意、○
43010039	Violence	眾又欲執之、乃脫其手而去、○
47004016	Faith	故我不餒、外體雖壞、而內心日新、
43012003	Description	馬利亞以至純至貴哪噠膏一斤、膏耶穌足、以髮拭之、膏香滿室、
58011009	Faith	以信而旅於所許之地、如在異地、偕共承上帝所許之以撒 雅各居於幕、
50003017	Recommendation	兄弟乎、爾宜效我、且視依我模楷而行者、
48006002	Recommendation	宜互相任勞、以盡基督之律、
59002024	Faith	由是觀之、人見義乃由行、非獨由信也、
45009014	Faith	然則將何言耶、上帝有不義乎、非也、
45014001	Recommendation	信未篤者宜納之、非為辯疑也、
66012007	Violence	在天有戰、米迦勒偕其使與龍戰、龍亦偕其使以戰、
49004026	Recommendation	怒勿干罪、勿銜怒至日落、
60003009	Recommendation	毋以惡報惡、詬報詬、反為祝嘏、蓋爾為此見召、致可得福、
43008029	Grace	遣我者偕我、不遣我獨在、以我常行其所悅也、
49006014	Recommendation	故宜屹立、腰束以誠、胸護以義、
66001020	Description	爾所見我右手七星、與金檠七之奧、夫七星即七會之使、七檠即七會也、
58002009	Grace	惟見少遜於天使之耶穌、緣死之苦、冠以尊榮、致由上帝之恩、為萬人死也、
50002013	Grace	蓋志也行也、皆上帝循其善意、施於爾衷也、
43015011	Grace	我以是語爾、俾我之喜在爾中、俾爾之喜得盈也、
54001001	Description	依救我之上帝、及我所望之基督耶穌命、為耶穌基督使徒保羅、
54002009	Recommendation	亦欲婦女衣雅素之衣、以廉恥貞正自飾、勿以編髮金珠並重值之衣、
43002015	Violence	遂以繩為鞭、悉逐牛羊出殿、傾兌錢者之金、倒其几、
49002010	Grace	蓋我儕乃上帝之工、受造於基督耶穌中、致行善行、乃上帝所預定、使我儕行之者也、○
60004012	Recommendation	愛友乎、若遇火煉之試、勿以為不測而奇之、
66019007	Recommendation	我儕當欣喜歡樂、以榮歸之、蓋羔之婚期已至、其婦已自備矣、
49006017	Recommendation	且取濟救之冑、及聖神之劍、即上帝道也、
44007024	Violence	見一人受枉、則護之、為屈抑者復仇、而擊埃及人、
53003013	Recommendation	兄弟乎、宜行善無怠、
46016013	Faith	宜儆醒立於信、剛毅如丈夫、
44007043	Sin	爾舁摩洛之幕、與理番神之星、即爾所造以拜者之像、吾將徙爾於巴比倫外矣、
53002015	Recommendation	故兄弟宜堅立、我所授之遺傳、或於言、或於書、宜持守之、○
47005005	Grace	備我得此者上帝也、且賜聖神為質、
54002011	Recommendation	宜靜默學道、諸凡順服、
54005019	Recommendation	有訟長老無二三證者、勿聽、
45016016	Recommendation	爾當互相問安、接吻惟聖、基督諸會問安於爾曹、○
66018019	Description	又以塵蒙首哭而哀、呼曰、禍哉、禍哉、大邑乎、凡有舟於海者、自其豐厚而致富、半時間成為荒墟矣、
62003001	Grace	試觀父以如何之愛賜我儕、俾得稱為上帝子、我儕誠是也、斯世不識我、因其不識彼也、
60005005	Recommendation	幼宜服長、爾曹謙以自束、互相服役、蓋上帝拒驕泰者、賜恩卑遜者、
45003004	Faith	曰、非也、惟上帝誠、而人皆偽、如經云、俾爾於言見義、於鞫獲勝、
44009014	Violence	且在此有由祭司諸長所得之權、以繫凡籲爾名者、
61002001	Sin	昔有偽先知起於民間、爾中亦將有偽師、私傳左道以陷人、拒贖之之主、自取速亡、
43005018	Violence	故猶太人益欲殺耶穌、因其不僅犯安息日、且稱上帝為父、以己匹上帝也、○
46011002	Faith	我譽爾、以爾凡事念我、持守所傳、如我所授於爾者、
44002025	Faith	蓋大衛指之曰、吾見主常在我前、在我右、俾吾不移、
60001023	Grace	以爾重生、非由可壞之種、乃於不可壞者、即上帝之道、生而恆存者也、
59005016	Recommendation	宜彼此認罪、互相祈禱、致可得愈、蓋義者之懇求、大有成效也、
43006047	Faith	我誠語汝、信者有永生、
43014018	Grace	我不遺爾為孤子、我必就爾、
45003002	Grace	曰、凡事多益、首則上帝之詔託之、
49006005	Recommendation	僕當畏懼戰慄、以忠心順爾形軀之主、如於基督然、
45002004	Grace	抑輕褻其宏大之慈惠寬容恆忍、不知上帝之慈惠導爾改悔乎、
62005014	Faith	我儕若依其旨而求、彼必聽我、此我儕毅然於其前也、
45015013	Faith	願施望之上帝、因信以樂與安充於爾曹、俾爾賴聖神之能、獲豐溢之望、○
43019041	Description	釘十架之處有園、中有新墓、從無葬者、
66019020	Violence	獸被執、偽先知亦然、即昔行異蹟於獸前、以惑受獸印誌而拜其像者、二者生投於火湖、以硫焚之、
45012020	Recommendation	敵飢則食之、渴則飲之、如是而行、猶以爇炭集厥首、
51003016	Recommendation	當以基督之道充實爾衷、智慧俱備、以詩、以歌、以靈賦、相教相戒、中心感恩、以頌上帝、
51003019	Recommendation	夫宜愛婦、勿苛遇之、
54005016	Recommendation	若信婦家有嫠、當自濟之、勿累乎會、俾得濟真為嫠者、○
62005011	Grace	其證即上帝以永生賜我儕、而此生在其子也、
62005012	Faith	有子者則有生、未有上帝子者、未有生也、○
43008036	Grace	若子釋爾、則誠釋矣、
49003013	Faith	故我求爾、勿以我為爾受難而疲憊、斯乃爾榮、○
45016018	Sin	蓋如是者、不事我主基督、惟事口腹、以巧言媚語、誘惑誠樸者之心、
45001029	Sin	充諸不義、惡慝、貪婪、暴很、媢嫉、兇殺、爭鬥、詭譎、陰險、
55001014	Recommendation	昔託爾之善事、宜以居於我儕之聖神守之、○
48006008	Faith	播於形軀者、將由形軀而穫敗壞、播於聖神者、將由聖神而穫永生、
46010009	Recommendation	勿試主、如彼有試之者、而亡於蛇、
46013005	Recommendation	不妄行、不為己、不暴怒、不念惡、
66009009	Description	又有胸甲如鐵甲、其翼之聲、如車馬紛紜、疾趨以戰、
43015022	Sin	若我未來誨之、彼則無罪、今其罪無可諉矣、
51004005	Recommendation	爾於外人、當以智而行、光陰是惜、
45006006	Faith	乃知舊日之我、與之同釘、俾罪之體泯、不復為罪所役、
62003010	Sin	上帝子與魔之子、於此而顯、凡不行義者、非由上帝也、不愛兄弟者亦然、
45008007	Sin	蓋形軀之志、敵乎上帝、以其不服上帝律、且不能服也、
44002026	Faith	故我心喜、而舌悅、形軀恆於望中、
46010020	Sin	乃謂異邦所祭者祭鬼耳、非上帝也、我不欲爾與於鬼也、
44013001	Description	安提阿會中、有先知與教師數人、即巴拿巴、稱尼結之西面、古利奈人路求、分封君希律之幼侶馬念、及掃羅、
49005006	Recommendation	勿為人之虛言所欺、緣此、上帝之怒、臨於悖逆之人、
56001011	Sin	宜杜其口、彼為非義之利、教所不當教、傾覆人之家室、
43013011	Sin	蓋耶穌知將賣己者為誰、故曰、不盡潔也、○
43010001	Sin	我誠語汝、入羊牢不由其門、而踰自他處者、竊也、盜也、
61002015	Sin	棄正道而迷罔、從比珥子巴蘭之道、即愛不義之值者也、
44014005	Violence	異邦人、猶太人、與其有司蜂擁而前、欲辱之、且石擊之、
43021017	Description	三謂之曰、約翰子西門、爾愛我乎、彼得因耶穌三言爾愛我乎、則憂、曰、主、爾無不知、爾知我愛爾矣、耶穌曰、飼我羊、
66021027	Sin	凡不潔可憎及誑者、決不得入、惟錄於羔之維生書者入焉、
66017004	Sin	婦衣紫絳、飾以金玉珠璣、手執金杯、滿貯穢惡、即其淫污也、
51003014	Recommendation	此外尚以仁愛、乃完全之維繫也、
43012023	Description	耶穌曰、人子榮時至矣、
45002022	Sin	爾言勿淫、而自淫乎、爾惡偶像、而自刧殿乎、
45007008	Sin	然罪乘機、由誡而動諸欲於我中、蓋無律罪乃死、
44026017	Grace	我將拯爾於斯民、及異邦中、
56003003	Sin	蓋我儕素亦無知、悖逆、迷惑、役於情慾佚樂、以狠毒媢嫉度生、見惡於人、亦彼此相惡、
54005021	Recommendation	我於上帝與基督耶穌、及蒙選之天使前、諭爾守此、勿執成見、勿行偏僻、
58010035	Recommendation	故勿去爾果毅、蓋有大賞焉、
46004002	Faith	夫所求於宰者忠也、
44009043	Description	彼得在約帕日久、與皮工西門同居、
46003016	Grace	豈不知爾乃上帝殿、上帝之神居爾衷乎、
58010019	Faith	兄弟乎、我儕既賴耶穌之血、毅然而入聖所、
43008021	Sin	耶穌又曰、我往矣、爾將尋我、而必死於爾罪、我往之所、爾不能至、
51003012	Recommendation	爾乃上帝所選、聖而見愛者、故宜存矜憫、仁慈、謙遜、溫柔、恆忍之心、
43012026	Faith	人役於我、則當從我、我所在、我役亦在焉、役於我者、我父將貴之、
54003004	Description	善齊其家、使子女莊重順服、
52005011	Recommendation	故宜相勸慰、相建立、如爾所行、○
62003011	Recommendation	爾自初所聞之諭、即我儕宜相愛也、
46007026	Recommendation	我意因今時之艱、守其素者為善、
43003001	Description	有法利賽人尼哥底母者、猶太宰也、
59002025	Description	如妓喇合納使者、使出他途、非亦由行見義乎、
54002015	Faith	然若恆於信愛貞潔、則將由產育而得救、
44013017	Grace	此以色列民之上帝、選我列祖、且當民旅埃及時拔之、舉手引之出、
44015008	Grace	且知人心之上帝、為之證、
59002011	Sin	蓋言毋淫者、亦言毋殺、爾若不淫而殺、則為干律者、
43010028	Grace	我亦予之永生、終弗淪亡、無能奪之於我手、
45016020	Grace	賜平康之上帝、將速踐撒但於爾足下、願我主耶穌基督之恩偕爾曹焉、○
55003005	Sin	有敬虔之貌、而無其實、若此者宜遠之、
45012005	Description	我眾在基督為一身、互相為體亦若是、
56003008	Faith	誠哉是言、我欲爾於斯事力言之、使信上帝者慎務善工、斯為美、有益於人也、
59002023	Faith	乃應經所云、亞伯拉罕信上帝、義遂歸之、且稱為上帝友、
59002001	Faith	我兄弟乎、爾守有榮之主耶穌基督之道、則勿以貌取人、
45003013	Sin	厥喉如未封之墓、舌施詭詐、脣藏蝮毒、
49005028	Recommendation	如是、夫宜愛婦如己身、愛婦即愛己也、
45009030	Faith	然則將何言耶、異邦人未趨義而得義、即由信之義也、
54003009	Faith	以懿美之良、存道之奧、
54006002	Recommendation	其主為信徒、勿因其為兄弟而輕視之、宜服事維勤、緣得其善工者、乃信而蒙愛者也、爾當以此訓之勸之、○
45003003	Faith	設有無信者何如耶、彼之無信、豈廢上帝信乎、
43019034	Violence	惟一卒以戈刺其脇、血與水即出、
43015012	Recommendation	爾宜相愛、如我愛爾、此我誡也、
45006013	Recommendation	亦毋獻肢體於罪、為不義之器、惟如自死而生者、獻己於上帝、俾肢體為義之器、以奉上帝、
58010039	Faith	然我儕非屬退縮而致淪亡者、乃屬信而致靈之得救者也、
45011026	Grace	如是以色列全族悉得救也、如經云、將有救者自錫安而出、革雅各之不虔、
52002015	Violence	猶太人殺主耶穌及諸先知、又窘逐我儕、不悅於上帝、且敵眾人、
58010026	Sin	我儕既識真理、而故干罪、則無復有贖罪之祭、
49002006	Grace	且於基督耶穌、使我儕與之同起、亦同坐於天、
49004025	Recommendation	故當去誑、與人言皆以其誠、蓋我儕互相為肢也、
48002005	Faith	我未嘗一時服而讓之、為使福音之真、恆存爾中、
46014013	Recommendation	故言方言者、宜求能譯、
44009001	Violence	掃羅向主之門徒、仍出威嚇殺戮之言、詣大祭司、
43017013	Description	今我歸爾、而言此於世、致我之樂盈於彼焉、
60004013	Recommendation	爾既與基督之苦、當以為樂、俾於其榮顯著時、亦可歡欣踴躍、
44011006	Description	我注目視之、內有地上四足之畜、及野獸、昆蟲、飛鳥、
51003008	Recommendation	今則宜去一切忿怒、暴戾、狠毒、謗讟、穢言、
44018003	Description	以同藝故、遂偕居工作、其藝蓋製幕也、
45006012	Sin	故毋容罪乘權於爾將死之身、致徇其慾、
53003012	Recommendation	如此者、我緣我主耶穌基督命之勸之、宜恬靜操作、自食其力、
44007009	Sin	諸祖妒約瑟、鬻於埃及、而上帝偕之、
44011028	Description	中有亞迦布者、感於聖神而起、示天下將有大饑、至革老丟時、果應之、
44020036	Description	言畢跪而偕眾祈禱、
48005024	Faith	且屬基督耶穌者、已以形軀及其情慾、釘於十架矣、○
59001002	Recommendation	我兄弟乎、爾罹諸試、當悉以為樂、
62001006	Sin	若言心交於彼、而行於暗昧、則誑而不循真理、
44010011	Description	見天開、有器下降、如大布、繫四角縋地、
44002009	Description	有帕提亞人、瑪代人、以攔人、居米所波大米、猶太、加帕多家、本都、亞西亞、
51001010	Faith	致所行合乎主、盡悅其意、於諸善工結實、於識上帝增益、
54001018	Recommendation	我子提摩太乎、依昔指爾之預言、以此警戒託爾、致爾以之而戰善戰、
66019001	Faith	此後我聞在天若羣眾之大聲、曰、哈利路亞、救與榮與能、皆歸我之上帝、
49002001	Grace	且爾素以罪愆而死、
46010021	Sin	爾不能飲主杯、兼飲鬼杯、不能與主席、兼與鬼席、
49005003	Recommendation	惟淫亂及污穢貪婪、爾中言之亦不可、乃聖徒所宜也、
56001015	Sin	於潔者則物皆潔、惟於污而不信者、一無所潔、即其志趣天良亦污矣、
44009021	Description	聞者皆驚異之、曰、此人非在耶路撒冷、殘害籲斯名者、且來此、欲繫之、解於祭司諸長乎、
58008006	Description	今耶穌得更美之執事、以其為中保於愈善之約、乃於愈善之許而立者、
50001021	Faith	蓋我之生即基督、死亦有益、
50001006	Faith	我深信肇善工於爾者、必成之、以迄耶穌基督之日、
62005020	Faith	又知上帝子已至、賜我頴悟、使知真者、我儕在真者中、即其子耶穌基督中也、此乃真上帝、亦永生也、
45012018	Recommendation	若或能之、則盡己以和眾、
58010023	Faith	持守所承之望而不移、蓋許之者誠信也、
43014027	Grace	我遺爾以安、以我之安予爾、我所予、非如世所予、爾心勿憂勿懼、
47005006	Faith	故我常坦然、知居於身、則離乎主、
43012047	Grace	聞我言而不守者、我不之鞫、蓋我來非以鞫世、乃以救世耳、
62003012	Sin	非若該隱由夫惡者而殺其弟、其殺之也何故、因其行惡而弟義也、○
66016020	Description	各島皆遁、諸山不見、
58011012	Description	故自一人猶已死者、生育如天星之繁多、海沙之無數、○
54001017	Faith	願尊榮歸於永世、無敝無形之王、獨一之上帝、爰及世世、阿們、○
66014007	Faith	乃大聲曰、宜畏上帝而榮歸之、蓋其鞫時至矣、亦宜拜造天地海及水源者、○
44006001	Description	當時、門徒增多、有操希利尼音之猶太人、訾議希伯來人、因每日供給、而忽其嫠也、
60002021	Grace	爾之見召、因基督為爾受苦、遺法於爾、使踐其迹、
53003010	Recommendation	昔偕爾時、即以此命爾云、不願操作者、則食之、
43003016	Grace	蓋上帝愛世、至賜其獨生子、俾凡信之者、免沉淪而有永生、
44019015	Description	邪鬼應之曰、我知耶穌、亦識保羅、爾曹誰也、
66019019	Violence	我又見獸及世上諸王、並其軍咸集、欲與乘馬者及其軍戰、
44027002	Description	遂登亞大米田舟、將往亞西亞海濱諸處、揚帆而行、有馬其頓之帖撒羅尼迦人亞里達古、偕焉、
58013003	Recommendation	宜念囚者如與同囚、念被虐者、因己亦具此身、
51003017	Recommendation	凡所言所行、悉宜以主耶穌名為之、且由之謝父上帝焉、○
48006006	Recommendation	學道者、宜以財物供教者、
44007005	Description	然未嘗以業賜之、即立足之地、亦無之、維時彼尚無子、而上帝許以斯地賜之為業、爰及其裔、
44007019	Description	乃陰謀我族、虐待我祖、命棄其嬰、致不得生、
43020003	Description	彼得與斯徒遂出適墓、
44024016	Faith	我於此自勵、對上帝及世人、常存無虧之良、
65001013	Description	為海之狂波、沫噴其辱、為流蕩之星、而幽暗冥冥、永留以待、
48001012	Description	蓋我非受之於人、亦未學之、乃由耶穌基督之啟示、
45007005	Sin	蓋我儕徇形軀時、其由律之惡慾動於肢體、厥果維死、
54002007	Faith	我為此見立為使徒、為宣告者、以信以誠、為列邦之師、我言真而不誑也、○
62003024	Faith	守其誡者、恆在彼中、彼亦恆在其中、由彼所賜我之聖神、知彼恆在我中也、
46010024	Recommendation	勿求益己、惟求益人、
45012016	Recommendation	心相同、志毋高、惟謙是從、勿自為智、
49004031	Recommendation	凡荼毒、忿怒、怨恨、諠譁、訕謗、並諸暴很、宜悉去之、
51001025	Faith	我已立為教會之役、依上帝為爾所授之職、徧宣其道、
66001014	Description	首與髮白如羊毛如雪、目如火焰、
47004015	Grace	萬事皆為爾曹、致恩因眾而增、祝謝彌盛、以榮上帝、○
43006056	Faith	食我肉、飲我血者、居我中、我亦居彼中焉、
43011027	Faith	馬大曰、主、然也、我已信爾為基督、即上帝子、當入世者、
44002042	Faith	恆於使徒之訓、互相交接、擘餅、祈禱焉、○
58001009	Grace	爾好義惡惡、故上帝即爾之上帝、以喜樂之膏膏爾、超越爾侶、
44012002	Violence	斬約翰之兄弟雅各、
55002016	Recommendation	惟遠不經之虛談、因若人將益進於不虔、
62003015	Sin	凡惡兄弟、乃殺人者也、爾知殺人者、永生不寓其衷、
43021015	Faith	食畢、耶穌謂西門彼得曰、約翰子西門、爾較斯眾尤愛我乎、對曰、主、然、爾知我愛爾矣、曰、飼我羔、
46012008	Grace	或由聖神賦以睿智之言、或由聖神賦以知識之言、
44007013	Description	繼而約瑟見認於兄弟、其族乃顯於法老、
60003010	Recommendation	故曰、凡欲愛生而見佳日者、宜禁其舌於惡、其口於譎、
44004032	Description	信者之眾、一心一志、無言所有者屬己、諸物與共、
46015003	Grace	我以所受授爾、首焉者、即基督依經所載、為我罪而死、
66018024	Violence	在彼見有諸先知聖徒、及凡世上見殺者之血、
44013048	Faith	異邦人聞之則喜、榮上帝道、凡預定得永生者信焉、
66022020	Description	證此書者曰、然、我速至、阿們、主耶穌其至哉、
50004009	Recommendation	爾所學所受、所聞所見於我者、皆宜行之、則平康之上帝將偕爾、○
53003015	Recommendation	然忽視之若仇、惟警之如兄弟、○
51002008	Recommendation	慎之哉、勿為人之理學虛誣所虜、即依人之遺傳、世之小學、不依基督也、
50003014	Faith	趨向標準、致得上帝自上而召之賞、在基督耶穌中者、
56002014	Faith	彼為我儕捐己、贖我出諸不法、且潔其民以為己業、乃熱衷於善行者也、
43005024	Faith	我誠語汝、聽我言而信遣我者、有永生、不至見鞫、乃已出死入生矣、
66021015	Description	與我言者執金葦為度、以度其邑與門與垣、
50003019	Sin	彼以口腹為神、以辱為榮、以世情為念、終必淪亡、
54003006	Sin	甫入教者未可也、恐其自衒、罹魔之刑、
65001003	Recommendation	愛友乎、我方以我儕共得之拯救、殷勤書於爾、遂不得已以書勸爾、為道力爭、即授於諸聖一次而已者、
44004002	Description	不悅其訓民、且依耶穌、宣自死之復起、
66018005	Sin	蓋厥罪滔天、上帝憶其不義、
43004046	Description	耶穌復至加利利之迦拿、即其以水變酒之處、有王臣某、其子病於迦百農、
45012011	Recommendation	勤而毋怠、熱衷事主、
60001008	Faith	夫爾未見而愛之、今雖不見而信之、則喜甚、其樂也、乃言不能罄、榮莫與京者也、
62004013	Grace	由是知我儕恆在彼中、彼恆在我中、因已賜其神於我也、
43019029	Description	在彼有器、滿盛以醯、或以海絨浸之、束於牛膝莖、遞至其口、
51001013	Grace	彼已拯我脫夫幽暗之權、遷於愛子之國、
45016017	Recommendation	兄弟乎、我求爾凡啟分爭、置機檻、異乎爾所學之道者、宜慎而避之、
45012007	Recommendation	或役事、則役事、或教誨、則教誨、
43016023	Faith	其時、爾無所問於我、我誠語汝、爾若有求於父者、父將以我名賜爾、
66021019	Description	邑垣之基、飾以各種寶石、一碧玉、二藍玉、三蒼玉、四青玉、
59004017	Sin	蓋知善而不行者罪也、
66019005	Faith	有聲自座出、曰、凡為其僕而畏之者、卑與尊皆宜頌我上帝、
47005002	Faith	我處此則歎息、深慕自天之室以被體、
48006004	Recommendation	宜各驗己行、則所誇者在己不在人、
46007036	Recommendation	或慮待其處女非宜、妙齡已過、事有當行、隨所欲亦無罪、婚嫁可也、
43016002	Violence	人將逐爾出會、且時將至、殺爾者、自以為事上帝也、
66015001	Description	我又見他兆於天、大而且奇、即七使掌末次之七災、蓋上帝之恚怒盡於此也、
43018023	Description	耶穌曰、我言若非、可證其非、若是、何批我耶、
50004003	Recommendation	又求我真侶、助此二婦、以其昔與我及革利免、並其餘之同勞、協力於福音、名錄於維生之書者、○
66016006	Sin	以彼流聖徒及先知之血、今爾以血飲之宜也、
45006002	Sin	曰、非也、我儕於罪既死、詎尚於罪中生乎、
66017011	Violence	昔有今無之獸、乃為其八、亦出乎其七、而歸淪亡、
48004030	Recommendation	然經云何、曰、逐婢及其子、蓋婢之子、不得與自由者之子共嗣業也、
54006009	Sin	圖富有者、乃陷於誘惑機檻、及無知有害之諸慾、溺人於滅亡者也、
66017016	Violence	又爾所見之獸、與其十角、將惡此妓、使之荒墟裸體、食其肉、且盡焚之、
46008003	Faith	人愛上帝、則為上帝所知矣、
45003009	Sin	然則何歟、我儕愈於彼乎、曰、否、不然、我曾證猶太人、希利尼人、咸在罪下、
44007041	Sin	維時乃造犢像獻祭焉、而喜己手之工、
66009020	Sin	其餘未死於此災者、不悔其手之所為、仍拜諸鬼與金銀銅木石之偶、乃不能見不能聞不能行者也、
47005011	Faith	我知主之可畏而勸人、我已顯於上帝、亦望顯於爾心、
49002003	Sin	我儕亦嘗出入其中、徇形軀之情、行身心之欲、本為服怒之輩、如他人然、
44002040	Recommendation	復以多言證而勸之曰、爾宜自救、脫此邪曲之世也、
45008013	Faith	爾若依形軀而生、則必死、惟以神而泯身之所行者、則必生、
45010011	Faith	經云、凡信之者不啟羞、
45001008	Faith	首焉者、我賴耶穌基督、為爾眾謝我上帝、因爾之信舉世宣揚、
52001004	Faith	上帝所愛之兄弟、我知爾蒙選矣、
60004008	Recommendation	首要者、宜切心相愛、蓋愛蔽多罪、
44027001	Description	既擬後、使我儕航海、往義大利、則以保羅及他囚數人、付御營之百夫長猶流、
66015003	Faith	唱上帝僕摩西之歌及羔之歌云、主上帝全能者乎、爾之所為大且奇哉、歷世之王乎、爾之程途義且真哉、
60002002	Faith	宜如甫生之嬰、戀純而合宜之乳、使爾由之漸長、以至蒙救、
66014013	Faith	我聞自天有聲曰、書之、今而後宗主而死者福矣、聖神曰、然、彼息諸勞、而諸行隨之、○
59001027	Faith	夫眷顧孤寡於患難間、且自守不為斯世所染者、此則於我父上帝前、為純潔無玷之虔敬也、
51002004	Recommendation	我言此、免人以巧言誘爾、
66005013	Description	又聞在天與地暨地下海中受造之物、及其中所有者、僉云、頌與尊與榮與權、歸居於座者與羔、至於世世、
66008008	Description	第二使者吹之、遂有如火焚之大山投於海、海三分之一變為血、
44007058	Violence	逐之出城、以石擊之、證者置衣於少者掃羅足前、
45015011	Faith	又云、凡爾異邦宜頌主、萬民亦宜頌主、
45011036	Faith	蓋萬有本之、由之、歸之、宜尊榮之、永世靡暨、阿們、
43001029	Faith	翌日、約翰見耶穌來、則曰、觀上帝之羔、乃負世之罪者、
58011031	Description	娼妓喇合以信、而和平接納偵者、故不與不順者偕亡、
43010010	Grace	竊者至、無非以竊、以殺、以滅、我至俾之有生、且有餘裕焉、
50003020	Faith	夫我籍在天、由此我亦俟乎救者、即主耶穌基督也、
45015007	Recommendation	故爾宜相納、猶基督納爾、以為上帝榮、
44021024	Recommendation	爾攜之、與之同潔、代為捐費、俾得薙髮、如此、則眾知前所聞者皆虛、而爾自守律而行也、
45004012	Faith	亦為受割者之父、即不第自乎割、亦踐我父亞伯拉罕未割時而信之迹者也、
44001026	Description	於是鬮之、得馬提亞、遂與十一使徒同列焉、
45004007	Grace	曰、其過得宥、其罪得掩者、福矣、
66011004	Description	此乃二橄欖樹二檠、立於全地之主前者也、
59004009	Recommendation	宜負苦悲泣、易笑為哀、易樂為憂、
64001011	Recommendation	愛友乎、勿效惡、當效善、行善者由上帝、行惡者未見上帝也、
45004011	Faith	且亞伯拉罕受割之號、即其未受割、因信為義之印證、使為凡未割而信者之父、致彼稱義、
45006007	Grace	因死者釋於罪也、
47004010	Faith	身常任耶穌之死、致耶穌之生、亦顯於我身、
50002021	Sin	因眾惟己是謀、非耶穌基督之事也、
58011011	Faith	撒拉有信、雖逾生育之年、尚能懷妊、以許之者誠信也、
43006039	Grace	其予我者、我弗失、而末日復起之、此遣我者之旨也、
46008006	Faith	而我儕有一上帝、天父是也、萬物本之、我儕歸之、且有一主、耶穌基督是也、萬物由之、我儕亦由之、
52003006	Description	今提摩太自爾返、報我嘉音、言爾之信與愛、且常緬懷我、切願見我、如我於爾然、
60005004	Grace	於牧長顯著時、必得不敝之榮冕、
47003012	Faith	我有此望、故侃侃而言、
61002012	Sin	但此輩乃無知之物、生性如畜、為人所執而屠者、謗讟其所不知、將於所敗者而見敗、
43012006	Sin	此言非顧貧、乃因其為竊、且職橐而取所貯耳、
62004016	Faith	上帝於我之愛、我既知而信之矣、夫上帝乃愛也、恆於愛者、則恆在上帝中、而上帝亦恆在彼中、
44011019	Description	因司提反遭難四散者、行至腓尼基、居比路、安提阿、第傳道於猶太人而已、
54006006	Faith	然敬虔而知足、其利大矣、
66013007	Violence	又予之權、戰諸聖徒而勝之、且治諸族諸民諸方諸邦、
60002020	Faith	爾干罪見撻而忍、何譽之有、若行善受苦而忍、此乃上帝所嘉也、
58009015	Grace	是以彼為新約之中保、以死而贖前約下之罪愆、俾蒙召者得永業之許、
45006001	Sin	然則我將何言、得毋恆於罪、俾恩益洪乎、
49005004	Recommendation	淫詞、浮言、戲謔、皆非所宜、寧祝謝耳、
66006008	Violence	遂見有灰馬、乘之者名曰死、陰府隨之、予之以權、於地上四分之一、以劍、以饑、以疫、以地之野獸而殺之、○
45004016	Faith	故由乎信、而依乎恩、致堅所許於諸裔、不第於宗律者、亦於宗亞伯拉罕之信者、亞伯拉罕於所信之上帝前、為我眾之父、
44028018	Description	羅馬人訊我、見無死罪、欲釋之、
45009016	Grace	是則非由志意、非由馳驅、乃由矜恤之上帝也、
46010008	Sin	勿行淫、如彼有行之者、一日殞二萬三千人、
45007023	Sin	然覺肢體中別有一律、與我心志之律戰、擄我服於肢體中之罪律、
58006001	Faith	故於基督道之始、我姑舍之、惟完全是務、不復置基、有若改悔死行、信奉上帝、
46016011	Recommendation	毋輕忽之、惟安然送之前行以就我、我俟彼與諸兄弟偕來、
59002014	Faith	我兄弟乎、人若自謂有信而無行、何益之有、信能救之乎、
43007025	Description	耶路撒冷人有云、此非眾欲殺者乎、
43020022	Faith	遂噓於眾曰、受聖神、
45010003	Sin	蓋不識上帝之義、而求立己之義、故不服上帝之義也、
62005010	Faith	信上帝子者、在己有證、不信上帝者、則以之為誑、因不信上帝為其子之證也、
43014012	Faith	我誠語汝、信我者、將行我之行、且行大於斯者、以我歸父也、
56002009	Recommendation	勸僕服其主、凡事悅之、無違言、
58012015	Recommendation	慎之哉、恐有失上帝恩者、恐有苦根發萌以擾爾、致眾玷污、
54003007	Recommendation	又當有善證於外人、免遭誹謗、及魔之機檻、
49004007	Grace	然我儕蒙恩、各依基督所賜之量、
66016003	Description	其二傾盂於海、海即變如死人之血、其中之生物盡死、○
49006006	Recommendation	勿第以目前服役、若取悅於人者、惟如基督之僕、由心而行上帝之旨、
60003016	Recommendation	既懷無虧之良、及受謗言、使讒爾宗基督之善行者、自覺羞愧、
43006040	Faith	凡見子而信之者、有永生、末日我將復起之、此我父之旨也、○
44012023	Violence	希律不歸榮上帝、主之使即擊之、為蟲所蝕而氣絕、○
47001003	Grace	祝頌上帝、我主耶穌基督之父、即憐憫之父、賜諸慰之上帝、
54001006	Sin	乃有失此而向虛誕、
45001016	Faith	我不以福音為恥、是乃上帝之能、以救凡信者、先猶太人、次希利尼人、
46003011	Description	蓋所置之基、耶穌基督也、此外無能置他基者、
49005033	Recommendation	然爾曹各宜愛婦如己、婦亦宜敬畏其夫、
51002013	Grace	爾曹素以愆尤與情欲之未割而死、上帝亦使爾與彼同甦、悉赦我之愆尤、
54004014	Recommendation	勿忽爾衷之恩賜、乃由預言及長老按手而予者、
66021001	Description	我又見天地一新、蓋前之天地已逝、海亦不復有矣、
52005016	Recommendation	喜樂靡暨、
66009006	Description	斯時也、人將求死弗得、欲死而死避之、
52004014	Faith	若信耶穌死而復起、則宗耶穌而寢者、上帝亦將引與俱來、
62004015	Faith	凡認耶穌為上帝子者、上帝恆在彼中、而彼恆在上帝中、
49004022	Recommendation	爾於夙習之行、宜脫舊人、即以欺罔之慾、而自敗者、
43010009	Grace	我即門也、由我入者、將得救、且出入而得芻、
58011037	Violence	受石擊、鋸解、磨練、死於鋒刃、衣綿羊山羊之皮而流離、受窮乏、患難、暴虐、
62002029	Faith	爾若知彼為義、則知凡行義者、由之而生也、
44013047	Grace	蓋主如是命我儕云、我已立爾為異邦之光、俾爾為濟救、至於地極、
47004002	Faith	棄愧恥之隱事、不行詭譎、不混上帝道、惟表彰真理、在上帝前質己於眾衷、
44002033	Description	既為上帝右手所舉、且受父所許之聖神、遂以注此、即爾所見所聞者也、
51003010	Recommendation	而衣新人、日新以致知、依造之者之像、
43011004	Faith	耶穌聞之、曰、此病不至死、乃為上帝之榮、俾上帝子以是而榮也、
45001017	Faith	蓋上帝之義、於斯而著、由信致信、如經云、義者將因信而生、○
43019017	Description	眾曳之、耶穌自負十架而出、至一地、名髑髏處、希伯來音、曰各各他、
45012006	Faith	既依所賦之恩、受賜有別、或預言、則依信量、
66004007	Description	一若獅、二若犢、三貌如人、四若飛鷹、
49005015	Recommendation	慎顧爾行、勿若無智、乃若有智、
45010012	Grace	夫猶太人、希利尼人、無所區別、咸共一主、其豐恩及於凡籲之者、
45010004	Faith	夫律盡於基督、致義夫諸信者、
50004006	Recommendation	概勿憂慮、惟於萬事、以祈禱、籲懇、稱謝、陳述所求於上帝、
46010006	Faith	此為我鑑、使勿嗜惡如彼焉、
66009002	Description	乃啟淵窟、有煙自窟而上、如洪爐之煙、日與穹蒼因之而暗、
52004006	Recommendation	勿踰閑、欺乃兄弟、凡如此者、主必報之、如我昔告爾而證之也、
47005017	Faith	是以在基督中者、乃為新造之人、舊事已逝、諸事更新矣、
43005020	Faith	蓋父愛子、悉以己所行者示之、且將以大於此者示之、令爾奇異焉、
49004028	Recommendation	竊者勿復竊、寧服勞、手作善工、得以濟乏、
57001022	Recommendation	爾亦當為我備館舍、蓋我望由爾祈禱、得就爾也、○
58013009	Recommendation	勿為異端諸教所蕩、蓋心堅以恩乃善、非以食耳、行乎此者未獲益也、
52005012	Recommendation	兄弟乎、我求爾、凡在爾中勤勞、且為主治爾警爾者、爾其識之、
43009022	Description	父母言此、懼猶太人也、因猶太人約定、有認耶穌為基督者、必逐之於會堂、
50003003	Faith	蓋我儕以上帝之神而崇拜、於基督耶穌而誇、不恃乎形軀、是乃受割者也、
62003023	Faith	其誡也、即我儕宜信其子耶穌基督之名、而相愛依其所命也、
66013011	Description	我又見一獸由地而上、兩角如羔、其言如龍、
46014020	Recommendation	兄弟乎、於心志勿為孩提、於惡慝當為赤子、於心志則為成人、
59005013	Recommendation	爾中有憂苦者、則祈禱、有喜樂者、則歌頌、
58012012	Recommendation	故手垂膝庳者、宜起之、
60001017	Recommendation	爾若籲不以貌視人、依行而鞫之父、則旅居斯世、自當儆惕、
58010036	Recommendation	爾須忍、致爾既行上帝旨、則得其所許、
58011001	Faith	夫信為所望者之基、未見者之據、
49004017	Recommendation	故我言之、且緣主勸之、爾之所行、毋復志意虛妄、如異邦人然、
51002016	Recommendation	是以勿因飲食、節期、月朔、安息日、被人擬議、
66007015	Faith	故於上帝座前、晝夜事之殿中、居於座者、將庇之以幕、
44020010	Description	保羅下、伏其上而抱之、謂眾勿擾、其生猶存、
55002010	Faith	故我因選民而忍諸難、使於基督耶穌而得拯救、並得永榮、
60005014	Recommendation	宜接吻以愛、互相問安、願爾宗基督者獲平康焉、
49005021	Recommendation	當敬畏基督、而相順服、○
61003017	Recommendation	愛友乎、既預知之、則宜謹慎、免為惡者之謬所誘、失爾堅也、
51003018	Recommendation	婦宜服夫、是乃宗主所宜也、
54005020	Recommendation	有獲罪者、當於眾前責之、以警其餘、
45014013	Recommendation	故勿復相擬議、寧定志不設絆檻於兄弟前、
45002010	Grace	尊榮、平康、賚諸作善者、先猶太人、次希利尼人、
58011034	Violence	滅火勢、避鋒刃、弱而強、戰而勇、破異邦軍、
48006017	Faith	今而後人毋擾我、蓋我身佩耶穌之印記、○
66018021	Violence	有大力之使者、舉石如大磨、投之於海、曰、巴比倫大邑、將如此猛然被投、不復見矣、
65001020	Faith	愛友乎、宜於爾至聖之道而自建、於聖神而祈禱、
45012002	Recommendation	勿同世態、惟以心之更新而變化、致驗上帝旨、乃善而可悅、且純全者也、○
46015009	Sin	我乃使徒之微者、曾窘逐上帝會、不堪稱為使徒也、
62002015	Recommendation	勿愛斯世與在世之物、人若愛世、則父之愛不在其衷、
45002001	Sin	是以凡爾擬人者、無可推諉、蓋爾擬人、適以罪己、因爾所擬者、躬自蹈之也、
48002009	Description	且雅各 磯法 約翰、人視為柱石者、因知賜我之恩、則施相交之右手於我及巴拿巴、俾往異邦、而彼往受割者、
43019023	Description	士卒既釘耶穌於十架、取其衣四分之、各得其一、又取其裏衣、此衣無縫、乃自上渾織而成者、
45002021	Sin	夫爾誨人、而不自誨乎、爾言勿竊、而自竊乎、
46006019	Faith	豈不知上帝賜聖神於爾衷、而爾身乃聖神之殿乎、且爾非己有也、
47005014	Grace	蓋基督之愛策我矣、竊思一人為眾死、則眾已死、
58003001	Faith	是以清潔之兄弟、與天之召、宜思我儕所信奉之使者大祭司耶穌、
44020035	Recommendation	我凡事垂範示爾、當如是勤勞、以扶助柔弱者、且憶主耶穌之言、予者較受者、更有福也、○
58013004	Recommendation	爾眾宜重婚姻、勿玷牀笫、蓋苟合行淫者、上帝必鞫之、
43020005	Description	俯視墓中、見枲布在焉、但未入、
66016018	Description	又有電與聲與雷、地亦大震、自生民以來、其震未有若是之大也、
66019010	Faith	我遂伏其足前拜之、彼謂我曰、毋以為也、我與爾及爾諸兄弟、有耶穌之證者、同為僕、爾當拜上帝也、蓋耶穌之證、乃預言之大旨也、○
46002010	Grace	惟上帝以聖神示我儕、蓋聖神窮萬有、以及乎上帝之深邃、
50002029	Recommendation	爾宜緣主欣然納之、且尊重如是之人、
51003020	Recommendation	子女宜凡事順爾父母、是乃宗主見悅者也、
47001012	Faith	夫我所以誇者、乃良心作證、非恃形軀之智、惟恃上帝之恩、以上帝所賦之聖與誠、為人於世、於爾曹為尤甚、
43014021	Faith	有我誡而守之者、即愛我、愛我者、必見愛於我父、我亦愛之、且以己顯示之、
51002023	Sin	似有智慧之名、實以私意崇拜、故作謙卑、刻苦其身、究無所益、以克形軀之饜也、
64001006	Recommendation	彼於會中證爾之愛、若宜乎上帝而送之行、斯為善矣、
55002023	Recommendation	惟愚魯弗學之辯論、則拒之、蓋知此乃生爭競也、
47003018	Faith	我儕去帕於面、如於鑑反照主榮、皆化為主像、自榮致榮、如出乎主、即聖神也、
58009014	Grace	況基督由永生之神、獻己於上帝、無有瑕疵、其血不尤能潔爾良去死行以事維生之上帝乎、
44011017	Grace	夫上帝既以恩賜予之、一如我儕在信主耶穌基督之時、我何人斯、能阻上帝耶、
49004030	Faith	勿貽上帝之聖神憂、乃爾由之受印、以至贖日者、
66003003	Recommendation	故宜憶所受所聞如何、且守之而改悔、倘不儆醒、我將至如盜然、爾不知我何時而至也、
62003007	Recommendation	小子乎、勿為人所惑、行義者乃義、如彼之義然、
62004001	Recommendation	愛友乎、勿凡靈是信、當驗其靈由上帝否、蓋偽先知多出於世也、
44013038	Grace	是以兄弟宜知罪之赦、由斯人宣於爾、
50003001	Recommendation	兄弟乎、我猶有言、宜緣主而樂、書此遺爾、我不憚煩、爾則安固、
46011034	Recommendation	若有飢者、食於家可也、免爾以會集干鞫、其餘我至時整飭之、
43018031	Description	彼拉多曰、爾自取之、依爾律鞫之、猶太人曰、我儕殺人、不合於律、
46012031	Faith	爾曹宜慕恩賜之大者、我且示爾以尤妙之道焉、
58007026	Description	夫如是之大祭司、宜乎我儕、乃至聖無惡無污、遠乎罪人、高出諸天、
50004013	Faith	我賴增我力者事事克為、
52004003	Recommendation	夫爾成聖戒淫、乃上帝之旨、
51004002	Recommendation	祈禱惟恆、於此儆醒而感謝、
44007029	Description	摩西因此而逃、旅於米甸之地、生二子焉、
46011007	Description	男固不宜蒙首、以其為上帝之像與榮、而女則為男之榮、
51003015	Faith	俾基督之和、主於爾心、爾為此蒙召為一體、亦宜感謝、
58002010	Grace	蓋萬物所本所歸者、欲引眾子得榮、使救之之君、以苦難而完全、宜也、
59004001	Sin	爾中之戰鬥爭競、奚自哉、非自戰於爾百體中之慾乎、
46005001	Sin	聞爾中淫亂、有烝其父之繼室者、雖異邦亦未之有也、
46010013	Faith	爾所遇之試、無非人之可忍者、上帝誠信、不忍爾遇試過爾所能、必於其中闢途、使能勝之、○
44020029	Violence	我知我去後、將有兇狼入爾中、不惜其羣、
53001004	Faith	致我儕於上帝諸會、以爾為誇、緣爾在窘逐苦難中之忍與信也、
62004012	Faith	從未有見上帝者、若相愛、則上帝恆在我中、而其愛亦成全於我中矣、
48001001	Description	保羅為使徒、非本諸人、亦非由人、乃由耶穌基督、及自死而起之之父上帝也、
58012003	Recommendation	其忍受惡人如此之橫逆、爾宜念之、免至疲倦喪志、
45006005	Faith	蓋我儕若於其死狀與之聯合、則將於其復起也亦然、
45015010	Recommendation	又云、爾異邦人宜與其民同樂、
54004001	Sin	夫聖神特言季世將有叛道者、務於惑世之神、鬼魔之教、
56003001	Recommendation	爾提撕彼眾、當服有位有權者而順從之、以備諸善、
61003005	Sin	彼甘忘太古以上帝命而有諸天及地自水而出、以水而結、
60003018	Grace	蓋基督亦一次為罪受苦、義者代不義者、以導我儕歸上帝、其身雖受死、其靈則見甦、
61002021	Sin	蓋未識義路、較識之而背所受之聖誡猶愈也、
53003006	Recommendation	兄弟乎、我以我主耶穌基督之名命爾、凡兄弟妄行、不依所受我儕之傳者、則遠之、
45005012	Sin	是以罪由一人入世、因罪而有死、於是死延於眾、以皆獲罪也、
58011033	Faith	其人以信而服諸國、行公義、得應許、箝獅口、
47004009	Faith	窘逐而不遺、傾仆而不斃、
59004004	Sin	淫亂者乎、爾豈不知友於世、乃敵上帝乎、凡欲為世之友者、自為上帝敵也、
44016006	Description	經行弗呂家 加拉太地、蓋聖神禁其宣道於亞西亞也、
45010006	Faith	但由信之義則曰、爾勿意謂誰升於天、即言攜基督而下也、
66016002	Violence	其一遂往、傾盂於地、即成惡毒之瘍、生於受獸印誌、及拜其像者、○
66005008	Description	既取之、則四生物與二十四長老、伏於羔前、各執琴與金盂滿以香、即諸聖徒之祈禱、
62005001	Faith	凡信耶穌為基督者、由上帝而生也、凡愛生之者、亦愛其所生者也、
48005026	Recommendation	勿尚虛榮、相激相嫉、
54005001	Recommendation	毋斥耆老、惟勸之如父、幼者如弟、
60002012	Recommendation	於異邦宜正爾行、使素謗爾為惡者見之、則榮上帝於眷顧之日、
50003006	Sin	依熱衷則窘逐教會、依律中之義、則無間然、
43004052	Description	問其病瘳於何時、對曰、日昨未刻熱退、
43019031	Violence	時乃備節之日、猶太人不欲安息日留屍於十架、蓋此安息日、乃大日也、遂求彼拉多令折其脛、而去之、
43019012	Description	由是彼拉多思何以釋之、猶太人呼曰、爾釋斯人、非忠於該撒、凡擅謂為王者、叛該撒也、
43014001	Faith	爾心勿憂、既信上帝、亦宜信我、
50001028	Faith	概毋為敵所驚、其表彰也、於彼則為敗亡、於爾則為濟救、乃由上帝也、
43015016	Grace	非爾選我、乃我選爾立爾、俾爾往而實、且俾爾實恆存、致爾以我名求父者、父則賜爾、
58011004	Faith	亞伯以信而獻祭於上帝、較該隱尤善、由是得證為義、即上帝因其禮而證之、且由此信雖死猶言、
46004001	Recommendation	人當以我儕為基督之役、上帝奧秘之宰、
66006013	Description	天星隕地、如無花果樹為大風所撼、而落未熟之果、
46010014	Recommendation	我所愛者乎、宜避拜像、
45012021	Recommendation	毋為惡所勝、宜以善勝惡、
55002014	Recommendation	爾當使眾憶此、於主前諭之、勿為言詞爭競、不第無益、且傾覆聽者、
59004008	Recommendation	近上帝、上帝則近爾、干罪者淨乃手、二心者潔乃心、
59002009	Sin	若以貌取人則為罪、乃律所擬為干犯者、
52004007	Grace	蓋上帝召我、非致污、乃成聖、
45001018	Sin	夫上帝之怒、自天而顯、加諸人之不虔不義者、即以不義而抑真理者也、
62004007	Faith	愛友乎、我儕宜相愛、蓋愛由於上帝也、凡愛者由上帝而生、且識上帝、
62002009	Sin	人自謂在光中、而惡兄弟、乃尚在暗中也、
60004014	Grace	若為基督名見詬、則福矣、蓋上帝有榮之神止於爾、
44021019	Grace	保羅既問眾安、即以上帝由己行於異邦之役事、一一述之、
43008046	Sin	爾中誰以罪擬我乎、我言真理、爾何不信我耶、
58010017	Grace	又曰、我不復憶其罪、及其不法、
46001005	Grace	俾爾於基督中萬事富有、才辯知識俱優、
45015030	Recommendation	兄弟乎、我以主耶穌基督、亦以聖神之愛、求爾同我竭力、為我祈於上帝、
43007020	Violence	眾曰、爾患鬼矣、誰欲殺爾、
45003025	Grace	上帝立耶穌為挽回之祭、俾信之者藉其血而獲宥、以彰上帝義、因其寬容不究既往之罪、
43018018	Description	眾僕與隸、因寒熾炭、立而向火、彼得亦偕之向火、○
49006011	Recommendation	衣上帝全備鎧甲、克禦魔之詭譎、
43013037	Faith	彼得曰、主、今何不能從爾乎、我欲為爾捐生、
50004007	Faith	上帝之和平超乎人意、將於基督耶穌中、守衛爾心爾志、○
59003009	Faith	我儕以之祝主即父、亦以詛依上帝形而造之人、
46005010	Sin	然非概謂斯世之淫者、與貪婪、殘酷、拜像者、若然、則爾必離乎世矣、
44026009	Sin	昔我意謂拿撒勒 耶穌之名、當多方攻之、
61002014	Sin	其目充淫色、不已於罪、煽惑不堅之人、心習貪婪、是為受詛之子、
43010012	Description	傭者、非牧也、羊非己羊、見狼至、則棄而逃、狼攫而散之、
59001019	Recommendation	親愛之兄弟其知之、各宜疾於聽、徐於言、緩於怒、
46009014	Recommendation	主命宣福音者、以福音而生亦然、
43012046	Grace	我乃光臨於世、俾信者弗居於暗、
43005014	Description	後、耶穌遇之於殿、曰、爾愈矣、勿復干罪、恐所遭者尤甚、
46016014	Recommendation	凡事以愛而行、○
43014015	Recommendation	爾若愛我、必守我誡、
58012025	Recommendation	語爾者慎勿拒之、蓋拒在地之傳命者、尚不得逭、況違夫自天者乎、
48004008	Sin	昔爾不識上帝、役於本非神者、
44003026	Grace	上帝既挺生其僕、先遣之祝爾、俾爾轉移、各去其惡焉、
44010039	Violence	其在猶太地、及耶路撒冷所行者、我儕為證、人乃懸於木而殺之、
46001010	Recommendation	兄弟乎、我以我主耶穌基督之名勸爾、言宜同、毋樹黨、惟一心一志、翕然契合、
51001021	Sin	夫爾素以惡行、為異為敵於心、
55002022	Recommendation	宜絕幼年之慾、趨於義、信、愛、和、同乎清心籲主者、
51003001	Faith	爾既與基督同起、宜求上焉者、即基督所在、坐上帝右、
66008007	Violence	第一使者吹之、遂有雹與火、雜以血擲於地、地焚三分之一、樹焚三分之一、百草盡焚、○
66011017	Faith	曰、主上帝全能者乎、今在昔在者、我儕謝爾、因爾既握大權而王也、
43004010	Grace	耶穌曰、爾若知上帝之賜、及語爾飲我者為誰、爾必求之、則以活水予爾、
51003004	Grace	基督為我之生、及其顯著、爾亦將共顯於榮中、○
43020031	Faith	第錄此、俾爾信耶穌為基督上帝子、信之、則以其名得生也、
62004006	Faith	我儕乃由上帝、識上帝者聽我、非由上帝者則否、真理之神、與謬妄之神、於此可識矣、○
65001012	Description	彼與爾同餐、則於爾之愛筵、有如暗礁、為無懼之牧者、惟己是飼、為無雨之雲、因風飄蕩、為無果之秋樹、再死根拔、
44005015	Description	至有舁病者出於衢、置之牀榻、冀彼得過、或有受其影之庇者、眾亦攜病者、及邪鬼所難者、
49006016	Faith	又取信以為盾、能悉滅惡者之火箭、
51003023	Recommendation	凡所為者、宜由心而行、如向主、非向人、
58012016	Recommendation	恐有淫亂者、或輕侮如以掃者、為一餔啜、而鬻長子之分、
43018040	Sin	眾復呼曰、非斯人、巴拉巴耳、巴拉巴者、盜也、
55003004	Sin	奸詐、躁妄、自衒、好佚樂、不好上帝、
50002009	Grace	故上帝躋之至高、錫之名以超乎萬名、
61001016	Description	我儕以我主耶穌基督之能、與其降臨示爾、非從巧飾虛詞、乃曾目擊其大威、
61003016	Sin	彼之諸書亦論及此、中有難明者、而不學不固之輩強解之、於他經亦然、乃自取淪亡也、○
44014014	Description	使徒巴拿巴 保羅聞之、裂衣、躍入眾中、呼曰、
45015008	Faith	蓋我謂基督因上帝之真誠、曾為受割者之役、以應所許列祖之言、
59001026	Sin	人若自以為虔敬、而不捫其舌、自欺其心、其虔敬虛矣、
43015020	Recommendation	宜憶我言云、僕不大於主、人若窘逐我、亦將窘逐爾、若守我言、亦將守爾言矣、
43008031	Faith	遂謂信己之猶太人曰、爾若恆於我道、則誠我徒也、
44007011	Description	適埃及 迦南徧地饑荒、苦甚、我祖絕糧、
63001004	Faith	我見爾子有行於真理者、一如我儕自父所受之誡、則喜甚、
54005008	Faith	人不為戚族謀、甚而不為其家人、乃背乎道、較不信者尤惡也、
58010022	Faith	則宜以誠心篤信而進、心被灑以除是非之謬誤、身亦為清水所滌、
48001023	Description	第聞素窘逐我儕者、今宣昔所殘賊之道、
44027034	Recommendation	故勸爾食、與爾得救有關也、蓋爾眾一髮不隕於首、
66002003	Faith	爾有忍耐、嘗因我名、容忍而不倦、
56002002	Recommendation	使耆老節制、莊重、貞正、於信愛忍而無疚焉、
44017030	Recommendation	是以往時無知、上帝容之、今乃隨在命眾改悔、
43019025	Description	耶穌之母、與其母之姊妹、及革羅罷之妻馬利亞、並抹大拉之馬利亞、近耶穌十架而立、
66019013	Description	衣以灑血之衣、其名稱為上帝道、
46008009	Recommendation	惟宜慎之、恐爾之自由、為弱者之躓礙也、
44013034	Grace	論其自死起之、不復朽壞、有云、我將以大衛聖而且實之恩賜爾、
43014020	Faith	是時也、爾將知我在父中、爾在我中、我在爾中、
62002003	Faith	我若守其誡、則自知識之也、
43008024	Sin	故曰、爾必死於爾罪、若不信我之為彼、則死於爾罪必矣、
66017006	Sin	又見此婦醉於聖徒及證耶穌者之血、我見之則奇甚、
58012017	Description	爾知其後欲承祝、雖哭泣以求、終亦見棄、蓋不得改悔之地也、○
43007012	Description	眾多竊議之、或曰、善人也、或曰否、乃惑眾耳、
44011021	Faith	主之手偕之、信而歸主者甚眾、
52002004	Faith	惟上帝既鑒我、福音是託、遂如是而言、非若悅人、乃悅鑒我心之上帝也、
46015057	Grace	感謝上帝賜我儕由主耶穌基督得勝焉、
54005005	Faith	無依之真嫠、上帝是望、晝夜恆於籲懇祈禱、
43016024	Grace	爾未嘗以我名而求、求則必得、致爾之樂盈焉、○
46007021	Recommendation	爾為奴而見召、勿以為慮、若能得釋、寧安之、
65001019	Sin	若輩乃樹黨者、血氣是從、無有聖神也、
48001006	Sin	上帝以基督恩召爾、我怪爾離之若此之速、而別從福音、
58012014	Recommendation	宜務和平及清潔於眾、蓋非清潔未有見主者、
43021006	Description	曰、施網舟右則得之、遂施網而不克舉、魚多故也、
46007019	Recommendation	割與不割、皆無足重、惟守上帝誡而已、
45012008	Recommendation	或勸慰、則勸慰、濟者以誠、治者以勤、矜者以樂、
44019002	Faith	爾信時曾受聖神否、對曰、聖神之臨、我未之聞也、
53003014	Recommendation	若有不從我此書之言者、則誌之、勿與交、使自愧、
46015050	Sin	兄弟乎、我謂血氣不能承上帝國、必朽不能承不朽、
43006027	Recommendation	勿為將壞之糧而勞、宜為存至永生之糧而勞、即人子將予爾者、蓋父上帝已印之矣、
59004003	Sin	爾求而不得、以爾妄求、欲用之於爾慾也、
49005020	Faith	凡事以我主耶穌基督之名、恆謝父上帝、
48003006	Faith	如亞伯拉罕信上帝、遂以義歸之、
66021023	Grace	邑不需日月之照、蓋上帝之榮燭之、其燈乃羔也、
45008009	Faith	設上帝之神居爾衷、則爾不從形軀、而從神矣、不有基督之神者、非其徒也、
45011023	Faith	彼若不終於不信、亦必見接、蓋上帝能復接之也、
66014005	Description	其口無誑、亦無瑕疵也、○
44024014	Faith	惟此一事、我於爾承之、即彼所謂旁門之道、我依之、奉事我列祖之上帝、悉信合於律法、及先知書所載者、
45013008	Recommendation	勿歉於人、惟以相愛為歉、蓋愛人者盡律也、
66016009	Sin	人為酷熱所曝、遂謗讟掌此諸災上帝之名、又弗改悔、而以榮歸之、○
66021012	Description	有垣大而且高、十有二門、門有十二使者、上書以色列十二支之名、
48003013	Grace	基督已贖我儕脫律之詛、以其為我儕服詛、記有之、凡懸於木者見詛也、
48001013	Sin	爾聞我昔在猶太教所行者、窘逐上帝會實甚、而殘賊之、
66020002	Description	遂執龍、即老蛇、亦為魔為撒但者、縛之以至千年、
44008009	Description	有西門者、素於邑行巫、每自誇大、使撒瑪利亞民驚異、
50003010	Faith	俾知基督與其復起之能、並與其苦而效其死、
54005022	Recommendation	勿遽按手於人、勿與人罪、惟潔是務、
56002003	Recommendation	使老婦之舉止端肅、毋讒毀、毋役於酒、以善訓人、
46007038	Recommendation	如是嫁之者善、不嫁之者尤善、
59001022	Recommendation	惟宜行道、不第聞之而自欺也、
43007001	Violence	厥後、耶穌遊行加利利、不欲行於猶太、以猶太人欲殺之、
46001030	Grace	惟爾本乎上帝、在基督耶穌中、彼由於上帝、而為智為義為聖為贖於我儕者也、
43013005	Description	注水於盤、濯門徒足、以所束之巾拭之、
44022004	Violence	我曾窘逐斯道之人、以至於死、無論男女、繫付於獄、
43007043	Description	眾遂因之紛爭、
60005002	Recommendation	宜牧爾中上帝羣而督之、非由強、乃由願、非趨利、乃樂為、
46015056	Sin	死之鋒罪也、罪之權律也、
59005004	Sin	刈爾田之工值、爾以詭譎不給、有聲籲呼、且刈者之呼號、已入萬軍之主之耳矣、
60002001	Recommendation	爾既霑主之仁澤、去諸惡慝、詭譎、偽善、媢嫉、毀謗、
46007039	Recommendation	夫在婦繫、夫死婦脫、任所欲嫁、惟宗主者乃可、
55002018	Sin	彼失真理、言復起之事既往、致傾覆數人之信、
48005006	Faith	於基督耶穌中、或割或否、皆無益、惟信之以愛而行者有益、
58005009	Grace	及其完全、則為凡順服之者永救之原、
46016001	Recommendation	論為聖徒捐金、如我命加拉太諸會者、爾亦宜行之、
49005022	Recommendation	婦當服夫、如服主然、
43008012	Faith	耶穌復語眾曰、我乃世之光、從我者、不行於暗、必有維生之光、
65001017	Recommendation	愛友乎、當憶我主耶穌基督使徒之預言、
44017025	Grace	非若有所需者、受人手之供事、自以生命氣息、及萬物賜眾、
62005009	Faith	夫人之證、我若受之、則上帝之證為尤大、此上帝之證、即證其子也、
45013014	Faith	惟主耶穌基督是服、毋為形軀是圖、以縱其慾、
58011030	Description	且以信而環巡耶利哥城、歷七日而傾圮、
44019011	Grace	上帝假保羅之手、行非常之能事、
43008034	Sin	我誠語汝、凡干罪者、即罪之奴、
62004011	Faith	愛友乎、上帝既如是愛我儕、則我亦當相愛、
44002028	Grace	爾嘗示我以維生之路、將使我於爾前而樂甚、
54004013	Recommendation	專務誦讀、勸勉訓誨、以待我至、
47004008	Description	我隨在遇難而不阨窮、顚連而不失望、
44002013	Description	或戲之曰、彼酣於新酒耳、○
66021018	Description	垣築以碧玉、邑為澄金、其澄若玻璃焉、
66015006	Description	有掌災之七使、自殿而出、身佩寶石、清潔光明、胸束金帶、
45012014	Recommendation	窘逐爾者祝之、祝而毋詛、
66001015	Description	足似明銅、如煉於冶者、聲如眾水之聲、
43017026	Grace	我既以爾名示之、又將示之、致爾愛我之愛在彼中、我亦在彼中矣、
45008032	Grace	彼不惜己子、為我眾舍之、豈不並以萬物賜我歟、
65001018	Sin	語爾曰、末時將有戲謔之徒、依己不虔之慾而行、
45011018	Recommendation	則勿對枝自詡、若然、當思非爾承根、乃根承爾、
47001024	Faith	此非主爾信、乃助爾樂、蓋爾以信而立矣、
43011001	Description	有病者拉撒路、居伯大尼、即馬利亞與其姊妹馬大之村、
52004008	Sin	故拒之者非拒人、乃拒賜聖神之上帝也、○
62004002	Faith	凡靈之認耶穌基督成人身而臨者、乃由上帝、於此可知上帝之神矣、
65001008	Sin	但斯人於夢幻中、亦如是污衊形軀、藐忽執政、謗讟尊榮、
60003011	Recommendation	避惡行善、求和平而追隨之、
51001023	Faith	惟在爾恆於信、植基而固之、不移乎爾所聞福音之望、即宣於天下萬人、我保羅為其役者也、○
43008059	Violence	眾取石欲擊之、耶穌潛而出殿、
49004024	Recommendation	且衣以新人、乃肖上帝、由真理之聖與義而造者也、○
66014012	Faith	諸聖徒之忍在此矣、是乃守上帝之誡、及耶穌之道者也、○
44013030	Description	而上帝自死起之、
43010011	Description	我乃善牧、善牧者為羊舍生、
49003002	Grace	若爾聞上帝為爾之故、賜我頒恩之職、
56003010	Recommendation	彼樹黨者、既警之一而再、則擯之、
43010019	Description	猶太人緣此、復分黨、
43003033	Faith	受其證者、如已鈐印、證上帝為真矣、
61003014	Recommendation	愛友乎、爾既望此、則宜殷勤、俾獲平康、無玷無疵於其前、
53003001	Faith	兄弟乎、我猶有言、宜為我儕祈禱、俾主道迅行而受榮、
47004014	Faith	蓋知起耶穌者、亦必偕耶穌起我儕、引爾我謁見之、
59005014	Recommendation	有病者、則請會中長老奉主名膏之以膏、為之祈禱、
44007023	Description	眷念其兄弟以色列眾子而往視之、
44023027	Violence	此人為猶太人所執、將殺之、我聞其為羅馬人、率軍士往拯之、
44019029	Description	舉邑擾攘、執保羅之同行者、馬其頓人、該猶、亞里達古、同心擁入劇場、
44003014	Sin	爾棄聖且義者、求以兇人予爾、
44015009	Faith	賜以聖神、亦如賜我然、無分彼此、以信潔其心、
46011028	Recommendation	人當自省、然後食斯餅、飲斯杯、
46015058	Faith	故我所愛之兄弟、當貞固不搖、恆務主工、蓋知爾之勞於主者、非徒然也、
46004016	Recommendation	故勸爾效我、
46001021	Faith	蓋世既依上帝之智、而自恃己智不識上帝、故上帝喜以若愚之道救諸信者、
60003001	Recommendation	為婦者、宜服爾夫、或夫不從道、致外乎道、由婦所行、亦可得之、
47005020	Recommendation	是以我為基督使、猶上帝託我勸爾、我代基督求爾與上帝復和、
44002024	Description	上帝釋其死之苦而起之、以其不能拘於死也、
59002007	Sin	非謗爾見稱之美名乎、
54003003	Description	不酗酒、不毆擊、惟溫和無競、不好貨財、
43004014	Grace	惟飲我所予之水者、永不渴、蓋我所予之水、將於其中為泉、湧至永生、
62002005	Faith	惟守其道者、則上帝之愛、誠成全於彼矣、以是知我儕在主中也、
66016013	Description	我又見邪鬼若蛙者三、出自龍口與獸口、及偽先知之口、
59002008	Recommendation	然依經所載、愛鄰如己之尊律、爾若盡之、則善矣、
47004005	Faith	我儕所宣非己、乃基督耶穌為主、己則緣耶穌為爾僕耳、
46015033	Recommendation	勿受欺、濫交敗善行、
58013020	Grace	願平康之上帝、曾以永約之血、使羣羊之大牧、我主耶穌、自死復生、
50001027	Recommendation	惟爾處世、須合乎基督之福音、使我或就爾、或離爾、得聞爾事、即爾堅立於一心一志、為福音之道而戰、
46006014	Grace	上帝曾起主、亦將以其能起我儕、
55001006	Recommendation	故我令爾記憶、俾於上主之恩賜復熾、即由我按手而在爾衷者、
60004006	Grace	是以福音曾宣於死者、使其身如人而受鞫、其靈依上帝而得生、○
46007023	Recommendation	爾以值見購、勿為人奴、
46010010	Recommendation	勿怨尤、如彼有怨尤者、而為滅者所滅、
47002017	Faith	我非似多人混上帝道、乃誠意由上帝、在上帝前基督中而言也、
45015001	Recommendation	我儕之健者、宜肩不健者之弱、非悅己也、
50002024	Faith	且我賴主冀亦速往、
66007001	Description	此後我見使者四、立於地之四隅、握地之四風、使勿吹於地於海於樹、
60004003	Sin	爾往時從異邦人之欲、而行邪侈、縱恣、沉湎、荒宴、盤樂、及違理拜像之事亦足矣、
66011005	Violence	若有欲害之者、則有火出其口而吞其敵、凡欲害之者、必如是見殺也、
44023005	Recommendation	保羅曰、兄弟乎、我不識其為大祭司也、記有之、勿誹爾民之有司、
66022015	Sin	其外則有犬類、巫術、淫亂、兇殺、拜像、及好誑而行之者、○
66002014	Sin	然我有數端責爾、因爾處有持巴蘭之訓者、昔巴蘭訓巴勒投躓石於以色列民前、使食祭像之物並行淫、
53001003	Faith	兄弟乎、我為爾恆謝上帝、宜也、因爾之信彌長、彼此之愛益增、
46012002	Sin	爾為異邦人時、惑於瘖偶、隨所牽引、爾所知也、
49005025	Recommendation	夫當愛婦、如基督愛教會、為之舍己、
45012017	Recommendation	勿以惡報惡、眾所善者則求之、
60005006	Recommendation	故於上帝大能之下、爾當自卑、俾得屆期擢爾、
44014017	Grace	然未嘗無證、乃施慈仁、雨降自天、果生以時、俾爾足食、喜溢於心、
54003011	Recommendation	婦女亦須莊重、勿讒謗、當有節制、凡事忠信、
66002021	Sin	我予以改悔之機、然彼終不改其淫行、
44012020	Description	希律素怒推羅西頓人、但二邑之人賴王土得養、故同心詣之、結納王之近臣伯拉斯都、而乞和焉、
43008049	Sin	耶穌曰、我非患鬼、乃尊我父、而爾侮我耳、
43006018	Description	風烈波揚、
45008018	Faith	我意今時之苦、不足比將顯於我儕之榮、
62002012	Grace	小子乎、我書予爾、以爾諸罪、因其名見赦矣、
55001009	Grace	彼救我儕、召以聖召、非依我行、乃依己旨與恩、即永世之先、由基督耶穌而賜我者、
43019006	Violence	祭司諸長、及眾隸見之、呼曰、釘之十架、釘之十架、彼拉多曰、爾自釘之、我不見其何辜也、
60001010	Grace	斯救也、諸先知預言將臨於爾之恩者、且探索而研究之、
63001007	Sin	蓋多有惑人者出世、不認耶穌基督成人身而臨、此乃惑人、且敵基督者也、
44024005	Sin	蓋我儕見此人如癘疫、於天下猶太人中滋亂、為拿撒勒黨之首、
54003016	Grace	大哉敬虔之奧、無不以為然也、彼顯於形軀、徵於心靈、見於天使、宣於列邦、信於天下、躋於光榮焉、
66016021	Violence	且有大雹、自天而降、各重一鈞、人因雹災、謗讟上帝、蓋其災甚大也、
61003013	Faith	我儕依其所許、希望新天新地、義寓其中焉、○
66006014	Description	天遂見徙、如卷被捲、山島見移、皆離其所、
58010010	Grace	我儕由此旨、賴耶穌基督一獻其身、而得成聖矣、
52001002	Faith	我儕為爾眾恆謝上帝、祈禱間念及爾、
66006004	Violence	又有赤馬出、使乘之者奪和平於地、致人相殺、且予之巨刃、○
54006001	Recommendation	凡服軛之奴、當視其主為可尊、免上帝之名與教受謗也、
51003009	Recommendation	彼此勿誑、以爾已脫舊人與其行、
66002020	Sin	然我有所責爾者、以爾容自稱先知之婦耶洗別、彼誨我諸僕、誘之行淫、且食祭像之物、
48003008	Grace	且經預知上帝將由信而義異邦、遂預宣福音於亞伯拉罕云、諸邦將由爾受福、
58012005	Recommendation	又忘勸爾之言、如諭子曰、吾子乎、主懲爾、勿輕視、受其譴、勿喪志、
58013017	Recommendation	導爾者宜順服之、因彼為爾靈儆醒、如將陳訴者、使彼於此樂而不憂、否則於爾無益也、○
44013019	Description	既滅迦南七族、則分其地、與之為業、約四百五十年、
54006003	Faith	若有傳異教、不從我主耶穌基督之正言、不依敬虔之教者、
63001010	Recommendation	人若就爾、不持此訓、勿接之於家、亦勿問其安、
47001005	Grace	蓋如基督之苦、曾溢於我、我之慰亦由基督而溢也、
65001011	Sin	禍哉斯人也、以其行該隱之途、且為利而趨巴蘭之謬、淪亡於可拉之違言、
65001010	Sin	惟斯人謗讟其所不知、且其本性之所悟、一如無理之禽獸、於此則見滅矣、○
58011007	Faith	挪亞以信而得示以未見之事、寅畏而備方舟、以救其家、由此而罪世、且得依信之義也、
58009006	Description	凡此既備、諸祭司恆入前幕行崇奉之事、
44007051	Sin	爾曹強項、心與耳未受割者、恆逆聖神、爾祖所行、爾亦行之、
54001009	Sin	蓋知律之設、非為義者、乃為不法、妄行、不虔、干罪、不潔、妄誕、弒父、弒母、殺人、
46005009	Recommendation	昔我以書遺爾、勿與淫者交、
48001015	Grace	然自母胎甄別我、以恩召我之上帝、
45007015	Description	蓋我所為者、不自知也、以我所願者不行之、所惡者斯行之、
61003018	Faith	惟宜增益於恩、及識夫我主救者耶穌基督、願榮歸之、自今以至永世、阿們、
46004010	Description	我儕緣基督而愚、爾在基督而智、我弱爾強、爾榮我辱、
60005009	Faith	宜堅於信以禦之、知爾兄弟在世亦經此苦、
51003022	Recommendation	僕宜凡事順爾形軀之主、非以目前之服役、如取悅於人者、乃專誠畏主也、
66017012	Description	爾所見之十角、乃十王未嘗受國者、但偕獸受權如王僅半時耳、
46002012	Grace	我儕所受、非斯世之靈、乃上帝之神、俾我知上帝所樂賜我者、
59005001	Recommendation	噫、富者歟、宜悲泣號咷、因苦難將臨於爾也、
66002010	Recommendation	勿懼爾將受之苦、魔將投爾中數人於獄以試之、爾將受難十日、宜忠信至死、我則賜爾以維生之冕、
54006011	Recommendation	惟爾屬上帝者、宜遠此而趨於義、虔、信、愛、忍、謙、
59005005	Sin	爾在世奢侈宴樂、饜爾心於宰割之日、
66004004	Description	座之四周、有二十四座、居其上者、二十四長老、身衣白衣、首戴金冕、
66018007	Description	彼昔自榮與奢華若何、使之痛苦悲哀亦若何、蓋彼自謂我位后矣、非嫠也、決不至悲哀也、
60003007	Recommendation	為夫者亦宜循理、與婦同居、視猶弱器、共承維生之恩、爾其尊之、免爾之祈禱有所阻也、○
54002012	Recommendation	我不許婦女施教、擅權於夫、惟宜靜默、
46001009	Faith	誠信者上帝也、爾由彼見召、與其子我主耶穌基督相通也、○
48005013	Recommendation	兄弟乎、爾蒙召得自由、然勿以自由為形軀之機、惟以愛相供役、
59002012	Recommendation	或言或行、宜如將受鞫於自由之律者、
46012005	Faith	職事有殊、而主惟一、
45009005	Description	列祖、其祖也、依形軀言、基督由之而出、即在萬有之上、永世當頌之上帝、阿們、
47001006	Description	我或受難、乃為爾之慰與救、我或受慰、亦為爾之慰、致能恆忍爾我同受之苦、
47001021	Faith	今堅立爾我於基督中、且以膏膏我者上帝也、
44010015	Recommendation	又有聲曰、上帝所潔者、勿以為俗也、
66018009	Sin	世上諸王、素與行淫而奢華者、見所焚之煙、則為之哭而擗、
43014023	Faith	耶穌曰、人若愛我、必守我道、我父必愛之、我儕就而偕居焉、
62004010	Grace	非我嘗愛上帝、乃上帝愛我、遣其子為我罪作挽回之祭、愛即在於此也、
62001007	Faith	若行於光、猶彼在光、則互有心交、而其子耶穌之血、潔我諸罪矣、
48004007	Grace	如是爾不復為僕、乃為子也、既為子、則由上帝而為嗣矣、○
58001008	Faith	惟言及其子、則曰上帝歟、爾之位爰及世世、爾之國柄、正直之柄也、
43010033	Sin	猶太人曰、擊爾者、非為善行、乃為僭妄、以爾人也、而自以為上帝也、
66014011	Description	其痛苦之煙上騰、以至世世、凡拜獸與其像、及受其名之印誌者、晝夜無憩息也、
47004001	Faith	故我儕既蒙矜恤、而受此役、則不餒、
58013006	Faith	如是我儕毅然曰、主乃我助、我無所畏、人其如我何、○
45014003	Recommendation	食者毋輕視不食者、不食者毋擬議食者、蓋上帝已納之矣、
45015005	Grace	願施忍與慰之上帝、賜爾曹同志、依基督耶穌、
58007027	Description	非若彼大祭司每日獻祭、先為己罪、後為民罪、蓋一獻己而已足矣、
62003017	Sin	凡有斯世之財產者、視兄弟匱乏、自塞其矜恤之心、則上帝之愛烏得寓其衷哉、
47005008	Faith	是以坦然、寧願離身偕主而居、
60002011	Recommendation	愛友乎、爾若客旅、若寄居、我勸爾戒形軀之慾、即攻爾心者也、
60002017	Recommendation	宜敬眾人、愛兄弟、畏上帝、尊君王、○
44007025	Description	意兄弟必悟上帝藉其手救之、而彼不悟也、
50003002	Violence	務慎犬類、及行惡者、損割者、
56001016	Sin	自謂識上帝、行則背之、是為可憎、違逆、自絕於諸善工者、
45010002	Faith	我為之證、彼為上帝熱衷、但不依真知焉、
47001004	Grace	彼慰我於諸難中、致我能以其慰我者、慰難中之人、
55002015	Recommendation	宜殷勤獻己於上帝、蒙其嘉納、為無愧之傭、善佈真道、
53002004	Description	此乃背逆自尊者、以抗乎凡稱為上帝、及受崇拜者、甚至坐於上帝殿、自命為上帝、
49006004	Recommendation	父勿激子女之怒、惟以主之懲勸而鞠育之、○
45008037	Grace	然我儕於此諸事、賴愛我者勝而有餘、
44026014	Violence	眾皆仆地、我聞有聲、以希伯來音語我曰、掃羅、掃羅、何窘逐我、爾以足觸莿、難矣、
66002009	Sin	我知爾患難貧乏、而實富有、且知自謂猶太人者之謗讟、然非猶太人、乃撒但之黨、
46013006	Faith	不喜非義、而喜真理、
59001021	Recommendation	故宜去諸污穢惡慝、以謙和承所種之道、即能救爾靈者、
46003006	Grace	我樹之、亞波羅灌之、惟上帝長之、
66014008	Sin	又有第二使者從之曰、傾矣乎、傾矣乎、大巴比倫、使萬國飲其淫亂干怒之酒者也、○
43015014	Recommendation	爾若行我所命、即我友也、
62005021	Recommendation	小子乎、宜自守、而遠偶像、
55003006	Sin	蓋若輩潛入人家、籠絡愚女、即負重罪、誘於多慾、
49004015	Faith	惟居愛崇真、萬事漸長於彼、彼乃元首、即基督也、
49004003	Faith	以和平相維繫、務守聖神之合一、
44009005	Description	曰、主、爾為誰、曰、我乃爾所窘迫之耶穌也、
60003015	Recommendation	中心尊主基督為聖、素備應對、以答凡詰爾衷所望之故者、惟宜溫柔敬懼耳、
44007033	Recommendation	主謂之曰、解爾履、蓋爾所立之處、聖地也、
62002024	Faith	爾曹自始所聞者、當恆在爾衷、若然、則爾亦恆在子及父中矣、
43008051	Faith	我誠語汝、人守我道、永不見死、
66020011	Description	我又見一座大而且白、及居其上者、地與天自其前而遁、不得其所、
46006013	Recommendation	食為腹、腹為食、而上帝將悉敗之、惟身非為淫、乃為主、主為身、
45006011	Faith	如是、爾曹於基督耶穌中、宜自視為罪而死、為上帝而生也、○
47002014	Faith	謝上帝常於基督中導我凱旋、且由我隨在顯揚、識彼之臭味、
62001005	Grace	夫上帝乃光、無少暗昧、此我聞於彼、而報於爾之示諭也、
43006037	Grace	凡父予我者、將就我、就我者、我必不棄之、
58013001	Recommendation	兄弟之愛、宜恆存之、
58007025	Grace	故凡賴之以近上帝者、悉能救之、以其恆生為之籲求也、○
43019015	Violence	眾呼曰、去之、去之、釘之十架、彼拉多曰、我以爾王釘十架乎、祭司諸長對曰、該撒外、我無王也、
45011005	Grace	於今亦然、猶有遺餘、依恩而選者、
66017002	Sin	世上諸王與之行淫、宅地之人、由其淫亂之酒而醉、
45012010	Recommendation	兄弟相愛宜親厚、相敬則先施、
45008014	Faith	凡為上帝之神所導者、乃上帝子也、
66012003	Description	又有兆見於天、一大赤龍、七首十角、首戴七冕、
45008017	Faith	既為子、則為嗣、即上帝嗣、與基督同為嗣、若與之同苦、亦必與之同榮、○
54005017	Recommendation	善治之長老、當倍敬之、勞於言與訓者、更宜如是、
46008007	Sin	然人不皆有此知識、至今有習於偶像者、而食若為祭物然、其良心尚弱、故見浼焉、
43015002	Grace	凡在我之枝、而不實者、則去之、實則潔之、使實尤繁也、
60005003	Recommendation	勿主持所託、乃模範於眾、
52004013	Recommendation	兄弟乎、至於已寢者、我不欲爾不知、免爾憂傷如無望者然、
58011029	Description	民眾以信而涉紅海、如履陸地、埃及人試行之而沉溺、
44007020	Description	時、摩西生而俊秀、育於父家三月、
58005002	Grace	己既囿於荏弱、故亦容忍愚昧迷罔之人、
45013012	Recommendation	夜既央、晝伊邇、我儕宜脫昏暗之行、而服光明之甲、
49006009	Recommendation	主之待僕、亦當如是、勿恐嚇之、蓋知彼與爾之主在天、不以貌視人也、○
45012015	Recommendation	與樂者同樂、哭者同哭、
45002005	Sin	乃任爾剛愎、罔有悛心、積怒厥躬、以至上帝震怒、顯其義鞫之日、
44014019	Violence	有猶太人來自安提阿、以哥念、唆眾、以石擊保羅、意其已死、曳出邑外、
43013021	Description	耶穌言此、心則憂忡、證曰、我誠語汝、爾中一人將賣我矣、
48003022	Faith	但經囿萬有於罪中、俾所許由信耶穌基督而賜諸信者、○
66011007	Violence	其證既畢、自淵而上之獸、將與之戰、勝而殺之、
58003014	Faith	蓋我儕若持守初信、鞏固至終、則可與於基督矣、
45008010	Faith	若基督在爾衷、身則因罪而死、神則因義而生、
44007052	Sin	先知中、不為爾祖窘逐者誰乎、且殺預言義者將至之人、此義者爾今賣而殺之矣、
48005021	Sin	媢嫉、沉湎、荒宴等類、今我告爾、如昔所言、凡行此者、必不承上帝國、
43012036	Faith	爾尚有光、宜信之、致成為光之子也、○
58003002	Faith	彼忠於立己者、如摩西於上帝之家然、
56003006	Grace	即上帝由我救者耶穌基督厚注我儕者、
44004036	Description	有約瑟者、利未族人也、生於居比路、使徒稱為巴拿巴、譯即勸慰子也、
48006009	Recommendation	宜行善勿倦、若不頹憊、屆期將穫矣、
48002019	Faith	蓋我由律已死於律、致得生於上帝、
66011001	Recommendation	有予我以葦似杖、曰、起量上帝殿與壇、及其中崇拜者、
66014004	Description	彼猶處子、不浼於色、羔之所往、則皆從之、此乃於眾中蒙贖、為初實之果、獻於上帝及羔者、
66009007	Description	蝗之狀似備戰之馬、其首若戴金冕、面如人面、
60002016	Recommendation	爾得自由、勿以自由而掩惡、惟如上帝之僕、
54004010	Faith	我儕為此服勞勉力、以有望於維生之上帝、即萬人之救者、於信者為尤然、
58010029	Sin	況踐踏上帝子、以所由成聖之約血為俗、且狎侮施恩之神、爾意若人受刑、其重為何如乎、
43020021	Grace	耶穌又曰、願爾曹安、我遣爾、如父遣我、
65001016	Sin	斯人依慾而行、訾議怨尤、口出誇張、為利判人、○
66006015	Description	世之諸王、大夫、將帥、富人、力士、為奴者、自由者、皆自匿於山洞山巖、
66021008	Sin	但畏怯、不信、可憎、兇殺、淫亂、巫術、拜像、及凡言誑之人、其分乃在焚火與硫之湖、此即二次之死也、○
44022016	Recommendation	今何待乎、起、籲其名而受洗、滌爾罪焉、
66009008	Description	髮如女髮、其牙如獅、
55002024	Recommendation	主之僕不宜爭競、乃以溫和處眾、善施教、忍受侮、
51002005	Faith	蓋我身雖暌違、心則偕爾、喜見爾篤信基督、秩然有序、○
60003012	Sin	蓋主目顧義人、耳聽其祈、惟主之面、鑒彼惡人、
53002013	Faith	主所愛之兄弟、我當為爾恆謝上帝、以其自始選爾得救、聖之以神、真理是信也、
66022011	Recommendation	不義者仍為不義、污穢者仍為污穢、義者仍為義、聖者仍為聖、
44002038	Faith	彼得曰、爾宜改悔、各以耶穌基督之名受洗、俾罪得赦、且將受聖神之賜焉、
52005015	Recommendation	慎勿以惡報惡、惟彼此恆趨於善、且及於眾、
45001027	Sin	男子亦然、棄婦女順性之用、嗜慾互爍、男與男行邪僻、自受謬妄當得之報、○
50002018	Recommendation	爾亦當樂之、且與我同樂焉、○
44003019	Recommendation	故爾當改悔而轉移、令罪塗抹、俾安舒之日自主而來、
66021025	Description	其門白晝不閉、於彼蓋無夜也、
43006054	Faith	食我肉、飲我血者、有永生、我於末日復起之、
43019011	Sin	耶穌曰、非自上賜爾、爾則無權於我、故以我付爾者、罪尤大也、
59002017	Faith	如是信而無行、乃死耳、
45008003	Sin	蓋律因形軀而弱、致有所不能為、上帝為罪故遣其子、身具罪狀、於形軀而定罪、
60003014	Recommendation	若因義受苦、則福矣、勿畏其威、勿為所撼、
51003021	Recommendation	父勿激子、恐其氣餒、
66018002	Sin	大聲呼曰、傾矣乎、傾矣乎、大巴比倫也、成為羣魔之居所、及凡邪鬼與污鳥可憎者之囹圄、
62002022	Sin	誑者誰耶、非不認耶穌為基督者乎、其不認父與子者、即敵基督者也、
46011027	Sin	凡食主餅、飲主杯、而不合宜者、即干主身與血也、
59002020	Faith	虛誕之人歟、豈不知行外之信乃死乎、
43018003	Description	猶大率卒一隊、與祭司諸長、法利賽人之隸、以炬、以燈、以械、而至、
53003003	Grace	惟主誠信、將堅定爾、衛爾脫於惡者、
44007021	Description	棄時、法老之女、取而育為己子、
66008005	Description	使者取爐、滿以壇上之火、傾於地、遂有雷與聲與電及地震、○
66018003	Sin	蓋萬邦因其淫亂干怒之酒而傾、世上諸王、與之行淫、諸商因其奢華之甚而致富、○
44026021	Violence	猶太人因此執我於殿、欲殺我、
55004004	Sin	厭聞真理、轉向虛談、
43006064	Faith	然爾中有弗信者矣、蓋耶穌自始即知弗信者為誰、賣己者為誰也、
43013026	Description	耶穌曰、我濡片食而予之者是也、遂濡片食予西門子加畧人猶大、
54006020	Recommendation	提摩太乎、宜守所託、遠不經之空談、及偽智之抵禦、
44017005	Violence	但猶太人妒之、招納市井匪類、聚集羣眾、使闔邑鼓噪、突至耶孫室、欲取二人以予民、
62005016	Sin	人見兄弟干罪不至於死、則祈求之、上帝必予之以生、即予干罪不至於死者、有至於死之罪者、我言祈求、非指此也、
43013020	Faith	我誠語汝、接我所遣者、即接我、接我者、即接遣我者也、○
58012028	Faith	故我儕既受不震之國、宜感恩而以虔恭寅畏、崇事上帝、為其所悅、
44019013	Description	有猶太術士數人、於邪鬼所附者擅呼主耶穌名、曰、我藉保羅所宣之耶穌、命爾出、
44015040	Grace	保羅選西拉偕往、諸兄弟為之託於主恩、
63001008	Recommendation	爾宜慎之、勿失我儕所勞者、則得全賞焉、
66011006	Violence	彼有權閉天、使於其預言之日不雨、亦有權治諸水、變之為血、且隨其所欲、以各災擊地、
44008021	Sin	爾於此道、無分無與、因在上帝前、爾心不正也、
43017010	Faith	凡屬我者屬爾、屬爾者屬我、我於彼而榮矣、
45003012	Sin	皆棄正路、同為無益、無行善者、其一亦無也、
50002003	Recommendation	概勿樹黨、勿尚虛榮、惟自卑、視人愈己、
66001013	Description	其間有似人子者、身衣長衣及足、胸束金帶、
66022003	Faith	咒詛不復有、上帝及羔之座在焉、其僕將事之、
60004007	Recommendation	夫萬物之終伊邇、故宜端正節制而祈禱、
44014026	Grace	航海至安提阿、昔二人見託於上帝之恩、以行今所盡之職、即在此也、
46007028	Recommendation	爾娶非罪、處女嫁亦非罪、但若輩身必遭難、願爾免之、
49006012	Sin	蓋我儕所與戰者、非血氣之人、乃執政者、掌權者、及此暗世諸君、並天際惡靈、
59001005	Recommendation	爾中若有缺於智者、當求上帝、彼博施於眾、不責乎人、必賜之焉、
52005019	Recommendation	毋熄聖神、
58009002	Description	蓋設有一幕、其前者稱聖所、內有燈几與案、及陳設之餅、
66003018	Recommendation	我為爾謀、宜向我市火煉之金、致得富、市白衣自衣、致爾裸體之羞不露、市目膏以膏爾目、致得見、
62005013	Faith	我書此遺爾信上帝子之名者、俾知有永生、
43007018	Faith	由己言者、求己之榮、惟求遣之者之榮、斯人乃誠、其衷無不義也、
47004007	Grace	我儕有此寶、置於土器、致莫大之能、非由我、乃由上帝、
45012019	Recommendation	愛友乎、勿自伸冤、寧待主怒、記有之、主曰、伸冤在我、我將報之、
43008054	Faith	耶穌曰、我若自榮、我榮則無矣、榮我者乃我父、即爾所言爾之上帝也、
45014020	Recommendation	勿因食毀上帝之工、凡物固潔、然於因食而躓者、則惡矣、
43019040	Description	二人遂取耶穌屍、以枲布加香品裹之、循猶太人葬例也、
58010034	Faith	蓋人在縲絏、爾體恤之、人奪爾業、爾喜聽之、因知有愈美恆存之業也、
44013023	Grace	上帝依所許者、由此人之裔、為以色列民、立一救主、即耶穌也、
46002009	Faith	如經云、目未見、耳未聞、亦未入人之心者、即上帝為愛之者所備也、
45008011	Grace	若自死而起耶穌者之神居爾衷、則自死而起基督耶穌者、亦必以其居爾衷之神、甦爾將死之身、○
45008016	Faith	聖神與我神共證我儕為上帝子、
48006007	Recommendation	勿受惑、上帝不受侮也、蓋所播者為何、所穫者亦為何、
45011022	Grace	試觀上帝之慈與嚴、於傾者則嚴、於爾則慈、惟宜恆於其慈、否則亦必見斫矣、
59005007	Recommendation	兄弟乎、宜恆忍以待主臨、試觀農人冀地之嘉產、恆忍以待、至得前後之雨、
55001016	Grace	願主矜恤阿尼色弗家、彼屢慰我、不以我縲絏為恥、
62002028	Faith	小子乎、今宜恆在彼中、迨彼顯著、我儕於其降臨時、可毅然而無愧、
48005016	Recommendation	我故謂爾當依聖神而行、則不縱形軀之慾、
54001015	Grace	基督耶穌臨世以救罪人、誠哉是言、宜盡納之、其中我為元惡、
49006010	Faith	此外當賴主及其權能而剛健、
46010012	Recommendation	故自以為立者、慎勿傾也、
58010014	Grace	蓋以一獻使成聖者永為完全、聖神亦為我證之、
43010031	Violence	猶太人復取石欲擊之、
46011003	Description	我欲爾知、男之首、基督也、女之首、男也、基督之首、上帝也、
58011036	Violence	又有受戲玩、鞭扑、縲絏、囹圄之試、
58006019	Faith	我有此望、如魂有錨、入於幔內、鞏固不移、
49005011	Recommendation	毋與無實之暗行、寧責之、
59004011	Recommendation	兄弟乎、毋相詆、詆兄弟擬兄弟者、是詆律擬律也、爾若擬律、則非守律者、乃擬之者矣、
66021021	Description	十二門乃十二珠、門各一珠、邑衢為澄金、明澈如玻璃、
58003006	Faith	但基督如子、以治其家、我儕若持守果毅、及所誇之望、鞏固至終、則為其家人矣、
45012009	Recommendation	愛毋偽、惡惡而親善、
66011013	Violence	是時也、地大震、邑圮十分之一、死者七千人、餘皆恐懼、歸榮於在天之上帝、○
48003020	Description	夫中保非一人之中保、惟上帝乃一也、
43019010	Description	彼拉多曰、爾弗與我言乎、豈不知我有權釋爾、亦有權釘爾於十架乎、
44008032	Description	所讀之經云、其被牽也、如羊就屠、其不啟口也、似羔對翦者而無聲、
44013021	Description	民求王、上帝賜之便雅憫支基士之子掃羅、歷四十年、
56001010	Sin	蓋多有不順之人、言虛誕、行欺詐、奉割禮者尤甚、
44010012	Description	內有各類地上四足之獸、及昆蟲、飛鳥、
43017022	Grace	爾予我之榮、我已予彼、使之為一、如爾我為一然、
55001013	Faith	爾當以基督耶穌中之信與愛、守正言之模範、即爾所聞於我者、
43002006	Description	依猶太人之潔禮、設石甕六、各容水二三桶、
46015034	Recommendation	宜儆醒以行義、勿干罪、蓋有不知上帝者、我言此以愧爾、○
49004002	Recommendation	悉以謙遜溫柔恆忍、以愛相恕、
65001023	Recommendation	有當奪於火而救之者、亦有當以儆懼而恤之者、即其衣為形軀所污、爾亦惡之、○
45008028	Grace	我儕知萬事同工、以益夫愛上帝者、即依其旨而蒙召者也、
45016019	Recommendation	夫爾之順服、聲聞於眾、故我緣爾而喜、願爾於善則智、於惡則愚、
58009004	Description	有焚香之金鼎、與徧包以金之約匱、內有貯瑪那之金樽、亞倫萌芽之杖、與約版二、
45003027	Faith	然則所誇安在乎、曰、無之矣、以何律無之、以行之律乎、曰、非也、以信之律耳、
43014010	Faith	我在父中、父在我中、爾弗信乎、我語爾者、非由己而言、乃恆在我中之父行厥行也、
44016022	Violence	羣眾起攻之、上憲命褫其衣、杖之、
43013034	Recommendation	我以新誡予爾、令爾相愛、如我愛爾、爾亦相愛也、
47005001	Grace	我知在地之幕若壞、則有由於上帝之室、非手所造、悠久於天、
43012044	Faith	耶穌呼曰、信我者、非信我、乃信遣我者、
44009013	Description	亞拿尼亞曰、主、我聞於眾、此人於耶路撒冷多端虐遇爾之聖徒、
55003002	Sin	蓋人將自私、好利、矜誇、驕傲、謗讟、逆親、辜恩、邪慝、
45005009	Grace	今既因其血見義、不更由之得救免怒乎、
45014014	Sin	我宗主耶穌確知深信、凡物原無不潔、惟以之為不潔者、則於彼為不潔矣、
54004006	Faith	爾以此提撕兄弟、即為耶穌基督善役、蒙育於道之言、及爾所率之善教焉、
