59004010	Recommendation	Kipm rku kipm alkipm pa hor hanekg ekg Maur Wailen pa, ekg al kil kat nang alkipmen.
44017031	Grace	Ekg nte, kil apm pike alm wang ase, wang kuina ur hi wa kil wi tu wrong kinkpman a hor knokg ti kul ekg ntekg yangkipm. Wa kil komkiti nikgwalpm nipet wor alkilen pa tolti, hi ake ntie ekg melnum ur la tolhai ekg pa. Wa melnum a arpm atning yangkipm pa apm pike kil akrkahan ase. Melnum pa pike mo, yatom Maur Wailen la yatom wa kil wreitn ase. Pa Maur Wailen planto tolpa melnum pa apm hi kil ak tolpake.”
44013018	Description	Tu arpm kai wrik weij hngrapm kalpmel tol wring kmel wekg (40), tu ake atning nungkulkg Maur Wailen, pake Maur Wailen kil ikghlenten.
44016037	Violence	Ari Pol pa akalmpe ek a tu pangklelek a wet nasi wantengkwang kul la nasen pa la tolpa, “Pike kipm wiyo ye kai rkwao kalpmel tolti atn kai ikg a tu wrongwailet pa, ake pike kipm ntekg yangkipm ur ntio ari tolpa mentekg ntekg paitn ur. Mentekg ti pa, apm nang a mentekg hel namponen kipm Rom pake, tol ake tu ntekgo tolti. Ari kalpm, tu wiyo eln kahor arpm wan tipmning ti. Ti ak wang ti pa tu wa akal wa kwanto tital hampen tolti kai? Pa kalpm! Tol wa tu alntu ai kul kwanto ekg mentekg kahor hen ai.”
50004004	Recommendation	Kipm a Wailen pa, ti kipm utopen om! Wa kupm wa la nasepm nti ur la tolpa, kipm utopen iklei wang tolpa kai om!
44006013	Description	Yatom tu wi tu melnum tiur pa ye kahor atn yirokg akal la yangkipm akplain arki Stipen pa la tolpa, “Men nungkulkg a ikg atning yangkipm a kil aklei wang la paitnel wan yalming a Maur Wailen ti, namponen yangkipm titnongket a Moses ti.
59005010	Recommendation	Kipm muitnwar yanipopm alkupm, kipm ikwonilmpen tu melnum ek wripm a Maur Wailen a pike laron ak nang a Maur Wailen. Tu pike arku ipma alntu pa atn titnongket ye kalkut. Ti kipm ntekg tol tu pa om, kipm rku ipma alkipm pa itn titnongket ekg ye kalkut.
44002021	Faith	Hi ak wang pa mla ur kil hi kwe nang a Wailen pa, hi kil wiyel ekg alkilen pake.” Pa ek a Maur Wailen pike paln kai ek a melnum ek wripm Joel la pa.’
44021025	Recommendation	Pake tu a ake Juta a ukpma Jisas pa pati, men pike ronten wurkapm pa kai ak la nasen la tolpa, tu al katnun yangkipm titnongket witnweitn kil tolti: ake al tu al ekpma ur a tu al wor uk mring maur aki mring ur, wa ake al tu al walmpopm, aki wlikgek ur a walmpopm a tupor kahor arpm wonen pa, wa tu ti al atn watin tukulein kli arkul tita pa.”
44005003	Sin	Ari Pita ropontel la tolpa, “Ananaias, ntekg tolhai ti om kitn eln Maur Paitn Satan pa ikghlen nikgwalpm alkitnen pa yatom kitn eln marpm wompel a kitn wi kai knokg pa elntarpm ekg kitn alkitn pa? Wa kitn akplainel Maur Wor a Maur Wailen tolpa ekg nte?
51003005	Sin	Kipm kwan ipma tngklaket wrongwailet a knokg ti a ak kwap atn kai ipma alkipmen pa. Kweiur kweiur tukol: Kli arkul tita aki a kweiur kweiur a tu wi numpaitn aki, kipm ake ntie ekg arku nikgwalpm titnongket a ipma wakrongen tolpa nti kin aki kpman ur hokg pa. Nikgwalpm a wreitn titnongket akal ntekg kuina ur a paitn aki, arikowe arpm wail akal wi kweiur kweiur wrongwailet a knokg ti. Nikgwalpm a arikowe tolpa pa tukol Maur Wailen alkipmen apm pake.
50002002	Faith	Ti kupm la nasepm titnongket la tolpa, al kipm alupm nikgwalpm wrij, kipm plalnten ukpma wor wakrongen tita, wa kipm irk hor wrij kor tita. Kipm ak tolpa pa, kupm utopen wailmanten paitn ekg kipm.
44024023	Description	Kil la nasi melnum ur a atn hep ekg ikghlen tu melnum kmel wampomit (100) almpwrong pa la tolpa, kil wi Pol ye kahor elntarpm kahor wan tipmning pa. Pake ake al tu ak hmpei pa yipoel aki eln yangkipm titnongket pa atn ekg ak lok tu mla ur melnum wor alkilen a kul ekg akal ariel a aklinjel ekg kweiur kweiur tiur a kil warkip pa.
44018025	Faith	Kil pike tu rowel tukgunakg lngkep ekg ya wor a Wailen, tolpa yatom kil nikgwalpm arke piln yangkipm wor pa namponen titnongket wail, wa kil rowen tukgunakg lngkep la nasen Jisas pa ariworwor. Pake kil ari tol a pike Jon kil kalukel pa tolti.
59002026	Faith	Tol melnum ur ukpma Maur Wailen kalpmel tolti pa, ake wa kil ak kwap katnun yangkipmek a Maur Wailen la pa, kil ake ukpma pa aklahle. Ti a kil ukpma tolpa pa kai kalpm tolti tol yipmri a maur wor alkilen hor kai tukuleinjel ase.
44027035	Description	Kil la nasen ekla pa plaln pa, kil wi nak tingklak pa ye atn ikg a tu a ark pa, om kil ukwor Maur Wailen pa, yatom kil kpor nak tingklak pa, om kil al.
44015020	Sin	Pake yangkipm titnongket wail yek aripm ur kil pa mento ro hel wurkapm la nasen ekg tu katnun pake. Yangkipm titnongket tukol: ake akal tu al ekpma a tu al wor uk mring maur, a mring, a kweiur kweiur tolpa, wa ake akal tu kli arkul tita, wa ake akal tu al walmpopm, a wlikgek ur a mo yatom walmpopm pa tupor kinar ark wonen pa.
44023003	Sin	Ari Pol pa akalmpe ek a kil pa la tolpa, “Kitn pa tol melnum akplain ak palk ti tolti, pake kahor wonen a kitn pa paitn. Ari kitn pa arpm ekg atning yangkipm akupm ti tukol melnum ur a arpm atning atning yangkipm katnun kuina ur a yangkipm titnongket la pa. Ari kitn pa la nasi tu pa la tolpa ekg tu rkwaopm. Tolpa yatom kitn alkitn ti lalo yangkipm titnongket ti ase.”
50004005	Faith	Wailen yampingken ekg al wa nar, ti kipm lokli tita irk riworwor! Kipm ik tolpa, ekg ak plan tu wrongwailet pa, ekg tu al ari.
59005015	Faith	Tol tu ukpma Maur Wailen ekg kil ntie ekg akalmpe kuina ur a tu ropontel pa, yatom tu ropontel, pa kil aklin melnum ripa wreitn paln wor. Tol kil ntekg paitnpaitn ur pa, pa Maur Wailen kil wa kwan paitnpaitn a kil ntekg pa.
44026011	Violence	Yatom ak wang wailet pa kupm pike atn hor wan a men Juta atning yangkipm a Maur Wailen atne pa. Kupm pike uk wleket tu wrong kinkpman a ukpma Jisas, wa kupm akal ntekg tu ekg tu la paitnel Jisas pa. Ake pike kupm ak atn ha alkupmen pa tolti pa, kalpm. Nikgwalpm akupm pike wrongken paitn tolti ngko hen, yatom kupm pike wa kai atn hor ha knokg tiur ai, ekg uk wleket tu pa.”
44010043	Faith	Tu melnum ek wripm wrongwailet a Maur Wailen pike hep pa apm wa laron kil pa tolpa yat pake la tolpa pa aklahle pa, nang akil pa ntie titnongket wa ak kwan paitnpaitn a mla ur a ukpma kil pa.”
44019004	Faith	Ari Pol la tolpa, “Jon pa pike kaluk tu ekg ak plan tolpa, tu pleln ipma ase. Wa kil la nasi tu wrong kinkpman pa la tolpa, tu ukpma melnum ur a kul katnuntel pa. Apm Jisas apm pake.”
44010048	Description	Yatom Pita la nasen la tolpa, tu al kaluken ak nang a Jisas Krais. Yatom tu kaluken plaln pa, tu lokel la tolpa kil al ntien arpm wang aripm ur pen.
59003017	Description	Melnum a wi arie wor, nikgwalpm wor a Maur Wailen ukwel pa tol kil: atn hep pati la tolpa: kil melnum nipet wor, kanukg pa la tolpa: kil hretel ekg kle er tita, kil nikgwalpm wor, arpm atn mehen, kil melnum a hor hanekg mla ur, kil melnum a ipma rein, kil ak kwap a Maur Wailen wor tol yo a ngko ark ye ek wor. Kil ake ari klon la tolpa melnum ur wor, melnum ur paitn. Kil melnum a la yangkipmek aklahle, a ntekg kweiur kweiur aklahle tolti.
44018024	Description	Pol kil kai atn piln yangkipm hor ha tiur ai pa, melnum ur a Juta pa, nang akil pa Apolos, pike man rakuel arpm kinar ha wail Aleksantria, melnum pa kil kul no Epesus. Kil melnum wonrekele ek yangkipmen wor, a la yangkipm yiprokgen a Maur Wailen worwor.
56002015	Recommendation	Apm kitn wi ek a kupm Pol kil ak ro tukgunakg lngkep a tu ekg yangkipmek kweiur kweiur a kupm ronteitn kil. Kitn ak titnongketel tu ekg tu katnun yangkipm kil a Maur Wailen pike ukweitn ekg al kitn laron titnongket nasi tu. Wa kitn la yangkipm kil titnongket ekg ak talpuln tu mla ur a ake katnun yangkipm kil. Mla ur laweitn paitnel pa, kitn ampur atning pa.
44018017	Violence	Yatom tu kmel wrongwailet arkul Sostenes pa, melnum tukgunakgen a ikghlen wan a tu Juta atning yangkipm a Maur Wailen atne pa, tu er atn yampingken wan a ntekg yangkipm atne pa. Kalio kil ari, kil elnten tolti, ake kil lok aki ntekg tolhai ur, kalpm.
50003017	Recommendation	Kipm yanipopm muitnwar pa, pa kipm ri atn a arpm akupm ti, yatom kipm kutnun! Wa kipm ri tu tiur a katnun yikak mlik a kimpron a pike men ngkom hore pa, kipm kutnun komkiti om!
59002024	Faith	Ti kipm ari pa, melnum ake ntie ekg ukpma Jisas Krais kalpmel tolti, kalpm. Kil ukpma, kil ak kwap pa katnun pati, al kil paln melnum nipet wor kai ikg a Maur Wailen. Kalpm pati, pa kalpm.
50002013	Grace	Pa ekg nte Maur Wailen kil alkil pa kil yiprokgen, yatom kil ntekg kipm utopen ekg atning nungkulkg, wa ukwepm titnongket pa, yatom kipm ak kwap katnun nikgwalpm wakrongen a kil wrij hute.
44007024	Violence	Yatom kil kai ari, kil ari melnum ur a Ijip pa ntekg paitn ekg melnum ur a Israel pa, tolpa yatom ake wa kil atn ari ak ikg pa, kalpm, kil kai aklin melnum a Israel ripa, yatom kil er melnum a Ijip pa mo akalmpe a kil ntekg paitn ekg melnum Israel ti.
44007043	Sin	Wan yalming hapm a pike kipm kat ye pa, pa ake kipm kat wan yalming alkupmen ti pa, kipm kat yalming a mring Molek tukol maur wailen ur alkipmen. Wa pike kipm ari Repan, mring a ha ur ai pa, yatom wa kipm ntekg mring pa kalingken tol kungku yatom kat pa ye atn akal kpor klko lein tukol Maur Wailen alkipmen pake. Tolpa ti hi kupm kwantepm ekg tu wiyepm ye kai arpm kai yirokgen a ha wail Papilon pa.’ Yangkipm a Maur Wailen pa kil la kiti tu yohmpei alpmento pa apm kai tolpake.”
44009014	Violence	Ti kil pikekg no Tamaskus ti namponen wurkapm titnongket a melnum ipma krakgen a Maur Wailen a atn hep ukwel la tolpa, kil arkul tu men a kpor klko lein kitn wa kat nang akitn pa yatom wiyo ye kai kinar arpm wan tipmning.”
44002025	Faith	Tol mento klein kai wurkapm a Nangnang a Teipit wi ek a Jisas pa ro la tolpa, ‘Kupm aklei wang ari Wailen kil ntiopm arpm. Kil atn yampingkentopm ukopm titnongket, ekg ake ntie ekg al kupm wutat ngko pa.
59005016	Recommendation	Tolpa ti kipm wrij wrij laron paitnpaitn alkipmen pa la nasi tita om, wa kipm ropon Maur Wailen pa iklin tita ekg al kil ntekg kipm pa paln wor. Ropo a melnum nipet wor pa titnongket, om ropo akil pa paln ngko ek arke wailet.
51003016	Recommendation	Kipm eln yangkipm a laron Krais pa irpm titnongket kahor ipma a kipm wrij wrij. Kipm wi arie a Krais worwor ekg al kipm uk arie a ro tukgunakg lngkep ekg tita a noworel tita ekg al kipm ntie ekg katnun ya wor tolti. Wa kipm ik nangnang a hel kai wurkapm a Nangnang a Teipit, wa kipm ik nang ekg ak kat nang a Wailen, wa ik nangnang weten weten tiur a Maur Wor ukwepm pa. Kipm ik tolpa utopen ik kit nang a Maur Wailen.
51003019	Recommendation	Kipm kpman pa, kipm ukpma wor wakrongen tu kin alkipmen pa, ampur kipm ntekgen paitn.
51004005	Recommendation	Kai kuin a tu a ipma wekg pa, kipm itn wonirpme. Ya ur wokget ekg kipm pa, ampur kipm eln wang ur pa kai kalpmel pa, kalpm. Kipm aklei wang plan nikgwalpm wor a Maur Wailen.
44002026	Faith	Tolpa yatom ipma akupm pa utopen paitn, wa ek akupm ti ak ak nangnang utopen kat nang a Maur Wailen tolti. Ekg nte, numpalk ti pa hi mo kinar arpm knokg ti, pake kupm ari tolpa hi wa kupm wreitn.
44013001	Description	Tu wrong kinkpman a ukpma Krais a ark Antiok pa, melnum tiur a tu pa paln tol melnum ek wripm a Maur Wailen, wa tiur pa wa ro tukgunakg lngkep a tu ekg yangkipm wor a Maur Wailen. Nang atu pa: Parnapas, Simion, nang wompel akil pa Niker, a Lusius a ha wail Sairini, a Sol, a Manain, kil pa klmik ur a melnum tukgunakgen Herot a pike tuwekg wreitn wor wail kompwrij atn hor wrij.
56001011	Sin	Ti kitn la nisi tu a laron yangkipm paitn pa ekg tu elnten yangkipm a tu laron pa. Ekg nte, tu rowen tukgunakg lngkep ekg yangkipm a ake wor ekg tu rowen tukgunakg lngkep pa. Tolpa yatom tu ntekg tu wrong kinkpman namponen walmpopmwrij alntuen a ukpma Maur Wailen pa tu nuhurn ya a ukpma Maur Wailen. Tu akenplain tolpa ekg wa wi marpm kalpmel.
44014005	Violence	Yatom tu melnum a ake Juta, wa tu Juta tu wreitn kai nti tu melnum tukgunakgen alntuen pa tu ark kor nikgwalpm akal ntekg tuwekg paitn ekg eren ak weij ekg tuwekg mo.
51003014	Recommendation	Nikgwalpm wrongwailet a wet kupm la hel hep pa wor pake, atn hep hangken nikgwalpm wrongwailet pa pati, kupm la tolpa kipm ukpma wor wakrongen tita. Pa pati ye kipm kai itn hor wrij wa kipm atn titnongket ekg komkiti nikgwalpm wrongwailet pa ariworwor.
44026017	Grace	Kupm hi kwaweitn kai ekg tu a ake Juta pa, wa tu wrong kinkpman alkitnen, ti tu apm hi ukweitn wleket, pake kupm hi ikghlenteitn ariworwor tolpa atn pake.
56003003	Sin	Al kitn kat wonel tu wrong kinkpman ekg tu arpm horhanekg ekg tita, ekg nte, mento yat apm pike ak tolkil: Mento pike hmit, mento pike nungkulkget, tu pike akplainel mento om rkolo ye hor ya paitn. Pike ipma wakrongen a ipma wreitn arikowe tu kin a kpman pa ak arkulo titnongket. Nikgwalpm a mento ti pike ark ekg ntekg paitnpaitn a arikowe kweiur kweiur tiur tolti. Mento ti pike tu ipma wleket paitn ekg mento, wa mento ti pike ipma paitn ekg tita.
44009043	Description	Yatom Pita kil nti Saimon melnum a nir palk a wlikgek pa arpm ha wail Jopa pa wang aripm ur pen.
51003012	Recommendation	Maur Wailen kil ukpma wor wakrongen kipm yatom kil kwewepm ekg arpm wri wor ekg alkilen, tolpa ti nikgwalpm alkipmen pa irk tolti: al kipm ipma rein iklin mla ur, rku kipm alkipm ye kinar irpm mehen horhanekg ekg tita, irpm mehen ye kalkut namponen ipma wor.
59002025	Description	Tol Rehep, kin a pike atn ya pa yat, kil pa apm tolpake. Kil katnun yangkipmek a Maur Wailen, tolpa yatom Maur Wailen kil kwewel tolpa kil kin nipet wor kai ikg alkilen ekg kil wi melnum wekg a Israel lam, kil la nasen ya pa ekg al tuwekg ngkom nlokgen wrongmnto alntuen.
44013017	Grace	Maur Wailen a mento wrong kinkpman a Israel ti pa kil akrkahan tu yo hmpei a walyaru a mento ti ekg alkilen. Ak wang a tu arpm kinar Ijip pa, Maur Wailen ntekg tu nungkwat wailet paitn ai. Kanukg pa Maur Wailen wiyen kulhor tukulein ha knokg ripa kulhor ak titnongket wailmanten a kil alkil ai.
44015008	Grace	Maur Wailen kil ari nikgwalpm a kinkpman wrongwailet. Kil uk Maur Wor a kil pa kai tu pa hirhir tol a kil uk men Juta ti. Pa ak plan akal kil wi wor ekg tu pa yat.
59002011	Sin	Maur Wailen kil la tolpa, “Ampur kitn wi kin nanen kpman nanen a kmel ur pa.” Wa kil la tolpa yat, “Ampur kitn alm melnum ur mo.” Tol ake kitn wi kin nanen kpman nanen pake, tol kitn alm melnum ur mo pa, apm pake, apm kitn ntekg paitn kwaten yangkipm titnongket wrongwailet a Maur Wailen pa yat ase.
56003008	Faith	Ti yangkipm a wet kupm la pa aklahle wrijen. Ti kupm wakrongen la tolpa kitn kit nikgwalpmel tu ekg yangkipm wrongwailet ripa, ekg al tu a ukpma Maur Wailen pa ikwap wor ekg aklin tu mla ur titnongket yekriworwor. Yangkipm wrongwailet ripa pa wor, ekg wa aklin tu kinkpman wrongwailet.
59002023	Faith	Ti yangkipm a Maur Wailen a pike tu ro, ti paln aklahle ak wang a Apraham akal alm Aisak ekg al wor uk Maur Wailen, yangkipm pa la tolpa, “Apraham kil ukpma Maur Wailen, ti kil paln melnum nipet wor kai ikg a Maur Wailen.” Tolpa ti Maur Wailen kil kwewel tolpa melnum wor alkilen.
59002001	Faith	Kipm yanipopm muitnwar alkupm, tol kipm ukpma Wailen Jisas Krais, kil tukol Maur Wailen, pa ampur kipm wi wor uk melnum ur pa, wa wi paitn uk melnum ur pa, tolpa yaper!
44009001	Violence	Sol kil nikgwalpm wleket paitn ekg akal er tu disaipel a Wailen pa mo. Tolpa yatom kil kai ari melnum tukgunakgen a ikghlen tu ipma krakgen a Maur Wailen.
44011006	Description	Kupm ari ikgarpme yekworwor, ari wlikgek a ikgur ikgur, wlikgek tilipmingken tukol mnto, wampung, a wa kweiur kweiur tukol ul a hrong hor knokg ti, a wel a hor kaino kwa ai.
51003008	Recommendation	Tolpa ti, kipm kwan nikgwalpm wrongwailet a paitn pa. Nikgwalpm tukol: Ipma wleket, a ipma wreitn ekg er kmel, a ipma paitn, la paitnel ekg kmel ur, la yangkipmek a paitn pa.
44018003	Description	Apm kil melnum a ak kwap wrij tukol tuwekg pake, kil kut palk a wlikgek ekg hi tu wa wi ak ntekg wan. Tolpa om Pol apm nti Akwila a Prisila arpm wan a tuwekg pake om kil ntien kut palk a wlikgek pa arpm pake.
44007009	Sin	Tu maminen pa, tu pike ipma paitn ekg wasok wangkuin alntu pa Josep, yatom tu uk Josep pa kai ekg tu ha knokg manet ur pa armpenten wi kil ye kinar Ijip. Ari Maur Wailen pa ntiel arpm,
44011028	Description	Melnum ek wripm wrij ur atu pa, nang akil pa Akapus. Maur Wor akwap kai kil pa, om kil wreitn atn la nasi tu wrong kinkpman pa la tolpa wang nikg wail hi wa paln kai hor ha knokg wrongwailet. Ei, tol ek a kil la pa, ti wang nikg wail apm pike paln ase, ak wang a Klotius atn melnum tukgunakgen a tu Rom.
44020036	Description	Pol kil la nasen yangkipm pa plaln pa, kil kpor klko lein, wa kil nti tu melnum wrongwailet a ark pa tu ropon Maur Wailen.
59001002	Recommendation	Muitnwar yanipopm alkupm, kalkut a kipm ye pa, ampur kipm akwonalmpen tolpa pa paitn, kalkut wrongwailet pa wor ekg aklinjepm, ti kipm utopen om!
44010011	Description	Kil ari ktnong ti rekel tolti, kil ari nmong hute wail ur a hmpei itne nmpel witnweitn akil pa, om lekg hakaino ktnong ti kul nar, ari tol hapm hute wail ur pa.
44002009	Description	Ti men ti wli hakai ha knokg Partia, wa tiur pa wli hakai ha knokg tiur ai a kwe tolpa Mitia a Elam. Wa tiur pa wli hakai ha knokg a Mesopotemia, wa ha knokg Jutia, wa ha knokg Kapatosia, wa ha knokg Pontus, wa ha knokg Esia.
51001010	Faith	Wa mentekg ropon Maur Wailen ekg al arpm alkipmen pa paln wor kai ikg a Wailen ekg kil kporn yangkipm. Wa kipm wi arie a Maur Wailen pa yatom kipm ik iken kwap wor ekg kil pa, pa tol kipm ngko ek arke wor kai kwap wrongwailet a kipm ntekg pa, wa kipm wi arie a nikgwalpm wor a Maur Wailen pa atn lan lan.
56001015	Sin	Tol melnum ur a ipma alkilen a wri wor kai ikg a Maur Wailen pa, kweiur kweiur wrongwailet pa wri wor ekg kil wi. Pake tol ipma a melnum ur kimpilpet kai ikg a Maur Wailen pa, wa ake kil ukpma Krais Jisas pa, kweiur kweiur wrongwailet a kil ntekg pa, kimpilpet. Aklahle wrijen, nikgwalpm a kil pa nokgij paitn, tolpa om kil ake ntie ekg ari kuina ur a wor kuina ur a paitn kai ikg a Maur Wailen pa.
44009021	Description	Yatom tu melnum a tu atning yangkipm a Sol laron pa, tu wreitn paitn ekg yangkipm a kil la pa. Yatom tu ropon tita la tolpa, “Apm melnum a pike ntekg paitn alm tu melnum a kpor klko lein kwe nang a Jisas atn kinar Jerusalem pa apm pake! Ti apm kil no akal arkulo wiyo ye kinar ekg tu melnum ipma krakgen a Maur Wailen a atn hep pake!”
50001021	Faith	Tol kupm ake mo pa, tol kupm arpm knokg ti pa, kupm akal kat nang a Krais pa tolpa kai pake. Pake tol kupm mo pa, pa wa wor wrijen hangken pa.
50001006	Faith	Tolpa ti kupm ari tolpa ase, Maur Wailen alkil a pike katen kwap wor kahor ipma alkipmen pa, kil alkil hi apm ak kwap tolpa kahor ipma alkipmen pa ye kaingkai, kai ro hmpu la ak wang a Jisas Krais kil wa nar.
44006001	Description	Ak wang ti pa tu wrong disaipel a Jisas pa tu paln wailet tolpa ye kaino. Yatom tu Juta a ak ek Krik pa tu ipma kalkut a tu la wailet kai tu Juta a ak ek Aram pa la tolpa, “Aklei wang kipm akwap aklin kweiur kweiur tolpa kai ekg tu melnum a arpm warkip, pake ake wa kipm aklin tu kin karpikg alpmenen ti.”
44019015	Description	Yatom maur paitn pa akalmpenten la tolpa, “Kupm ari Jisas wa kupm ari Pol, pake kipm ti pa, kipm mla?”
44027002	Description	Men tpra kaino wan hunokgen a ha wail Atramitium a numprampen ark ekg akal kaino kai hor wrik a wan hunokgen kai arke a atn hor ha knokg a Esia pa. Yatom men wreitn ha pa kaino. Yatom Aristarkus, melnum ur a Tesalonaika a ha knokg Masetonia pa, wa kil ntio yat.
51003017	Recommendation	Kweiur kweiur wrongwailet a kipm ntekg pa, kipm ekla aki kipm ik kwap pa, kipm ik tukol kipm ak kwap a Wailen Jisas wa kipm ukwor Maur Wailen, Yan alpmenen pa, kai nang a Jisas pa.
44007005	Description	Maur Wailen kil ake wa uk knokg tiel ketn ur ekg Apraham pa atn ti ekg alkil pa, kalpm. Apm tolpake Maur Wailen kil yipon yangkipm lak kil hi wa ukwel knokg ti kanukg namponen tu warim warim walyikek alkilen ekg al hi wa tu wi ekg alntuen. Ari Apraham pa warim kalpmen.
44007019	Description	Tolpa yatom kil akplainel tu yohmpei amento ti ntekgen paitnpaitn, akenplain wa ukwen kalkut, wa la titnongket la tolpa tu piln tu warim wasikyikek pa eln kai ekg tu mo.
44024016	Faith	Tolpa yatom kupm aklei wang nikgwalpm arke ikghlen ipma akupm pa ark nipet wor kai ikg a Maur Wailen, wa kai ikg a tu wrong kinkpman.
51001025	Faith	Kupm pike Maur Wailen kil kweopm hep ak ai, yatom kupm paln melnum akwapel alkilen ekg aklinjepm ekg laron yangkipm wor alkilen ti klalen hmpreket wor nasi tu wrong kinkpman a Maur Wailen.
44002042	Faith	Ti tu a ukpma katnun yangkipm a tu melnum yangkipm kuinen a Jisas rowen tukgunakg lngkep pa, tu uk tu alntu kai ekg atning katnun yangkipm pake. Tu aklei wang kai ark wrij al ekpma wa wi ekpma a Jisas wa ropon Maur Wailen tolpa ark pake.
44012002	Violence	Herot kil la yatom tu ak painat alm Jems, wailen a Jon pa mo.
44007013	Description	Wa tu wa kinar nti ur ti pa, Josep laron kil alkil ti nasi wasok nti tu wailenwailen alkilen pa la tolpa, ‘Kupm Josep, wangkuin alkipmen apm tike.’ Yatom melnum tukgunakgen pa wa kil ari tolpa pa tu walmpopmwrij alkilen a Josep apm pake.
44004032	Description	Tu melnum a ukpma Jisas pa nikgwalpm a tu ti pa kai wrij. Ake al melnum ur la kweiur alkil pa la tolpa, alkilen pa, tolpa kalpm. Tu akal nampreng kweiur kweiur alntuen pa aklin tita plalnten.
44013048	Faith	Tu a ake Juta pa tu atning yangkipm a Pol piln pa, yatom tu utopen ukwor yangkipm a Wailen pa. Yatom tu melnum a pike Maur Wailen akrkahan akal wi Maur Wor a Maur Wailen a arpm wor aklei wang pa, tu pa ukpma katnun yangkipm pake.
50004009	Recommendation	Kuina ur a pike kupm rowepm tukgunakg lngkep yatom kipm wi arie pa, wa pike kipm atning a kupm laron pa, wa ari a kupm ntekg pa, apm kipm wi ik komkiti tolpa ye kai om! Tolpa pa al Maur Wailen ntiepm arpm ukwepm ipma mehen wor. Kil pa yan yiprokgen a ipma mehen wor pake.
51002008	Recommendation	Kipm irpm wonirpme ekg hi wa tu melnum tiur akepmplain lokepm ye kai hor ya wailet katnun nikgwalpm arie akplain a tu pa. Nikgwalpm arie akplain pa tu wi kai tu mamikgmamin manjan a tu mring maur a maur akplain a ikghlen ktnong a knokg, pa ake arie wor a Krais pa.
50003014	Faith	Ti kupm nikgwalpm arke aktutu atn ya atn pa ekg akal kai ngko wrik a elnten pa, ekg akal wi lukglukg worwor a pike Maur Wailen aknamput tu melnum a ukpma Krais Jisas pa la tolpa hi tu kaino wi kaino ha wor alkilen aiyul.
56002014	Faith	Kil uk num akil ti akarmpento ekg mento ake akal atn hanekg a titnongket a paitnpaitn a knokg ti, ekg ak klak ipma wonen amento paln wri wor ekg mento paln wrong kinkpman alkilen tolti, wa nikgwalpm a mento arke ekg ak kwap wor ekg aklin tu mla ur tolti.
50003019	Sin	Tu katnun kuina ur a ipma a tu alntu ti wakrongen ekg ntekg tolti, pa tol maur wailen alntuen pake. Tu ntekg kweiur kweiur a numnungkwat a numpaitn pa tu utopen kat nang alntuen pa tukol tu ntekg kweiur kweiur a numpwor. Nikgwalpm a tu ark ekg kweiur kweiur a atn knokg ti tolti, tolpa ti tu pa hi wa kai paitn kai wakg.
44004002	Description	Tu ipma wakget ekg tuwekg melnum yangkipm kuinen a Krais pa, pati ekg nte tuwekg ro tukgunakg lngkep a tu wrong kinkpman wa laron nasen Jisas a pike mo yatom wa wreitn pa, pa laron la tolpa tu melnum a pike mo pa tu hi wa wreitn.
51001013	Grace	Maur Wailen kil kwan titnongket a Maur Paitn Satan atn wailen ikghlen nikgwalpm alpmenen a yipowo kai mninget pa kai tukulein, wa kil wiyo kai pa ye kul kai ekg Warim Kpman alkil a kil wakrongen paitn ai atn wailen ikghlen nikgwalpm alpmenen.
59004017	Sin	Ti kipm ikwonilmpen kil worwor: tol melnum ur kil ari kweiur kweiur wor ekg akal kil ntekg, pake ake wa kil ntekg, pa kil ntekg paitnpaitn.
50004003	Recommendation	Wa kitn Sisikus, melnum alkupmen a mentekg ye kalkut ak kwap wrij, kupm la tolpa kitn iklin kin wekg pa, ekg al tuwekg arpm ukpma wor tita! Tuwekg pike ak kwap titnongket aklinjopm ak wang a kupm laron yangkipm wor a Krais. Tuwekg pa namponen Klemen, wa tu tiur a pike men ak kwap hor wrij pa, nang atu pa hel wurkapm a arpm wor aklei wang hor pa kai.
44007041	Sin	Yatom ak wang ripa, tu lap weij malungkij muinmainet ur pa ntekg kalingken tol kau wlampien ur pa, yatom elntatn tol maur wailen ur alntuen. Yatom tu ye wlikgek kweiur kweiur pa ye kul al wor uk wa tu utopen ntekg ekpma wail al ekpma a nangnang atnen, wa kpor klko lein ekg kuina ur a tu alntu ntekg pa.
44002040	Recommendation	Pita kil piln yangkipm la nasen tolpa kai, yatom kil wa la karkurnten loken la tolpa, “Kipm irpm ikgirpme kipm alkipm, ekg hi ake kipm wi wleket tukol tu melnum a ntekg paitnpaitn ti om hi wi wleket ekg paitn a tu ntekg pa.”
44027001	Description	Tu yipon yangkipm ekg men akal wi wan hunokgen pa kai kaino ha knokg Itali. Yatom tu akye Pol pa namponen tu melnum tiur a ntekg paitn a arpm wan tipmning pa eln kai wam a melnum ur a atn hep ikghlen tu melnum kmel wampomit (100) a almpwrong mapming ur a Sisar ikghlen. Nang a melnum ripa Julius.
59001027	Faith	Kwap a Yan Maur Wailen pa pati, kil wakrongen tolpa, kipm kai iklin tu a arpm paitn, tol warim hlompo a kin karpikg. Wa kil wakrongen yat tolpa, kipm alkipm ngkom nlokgen kweiur kweiur paitnpaitn kimpilpet a atn knokg ti. Kwap a kipm ak tolpa pati, nipet wor wrijen kai ikg a Maur Wailen pake.
51002004	Recommendation	Kupm la nasepm yangkipm a Krais kil pa, ekg nte kupm kark ekg hi wa tu tiur manet ai ukwepm yangkipm ur manet a atning wor kai nungkulkg alkipmen ti yatom wa rkoln kipm ti ye kai hor ya paitn pa.
44007058	Violence	Tu arkulel talpulel rkol wampel tolpa ye kahor hen kai tukulein ha wail pa, plaln pa, tu nir hapm kakir wail a tu alntu nowe pa piln eln kai ha nepm a melnum warimpen ur a arpm atning yangkipm pa, nang akil pa Sol. Tu pa ak titnongketel yangkipm pa la tolpa apm aklahle pake, tu melnum a wet atning ari yangkipm a Stipen la pa, tu ak weijel akal kil mo.
50003020	Faith	Mento pati, ha mreren alpmento pa ha kaino ktnong ai. Mento ti nikgwalpm ark ekg arpm nungkwangen Wailen Jisas Krais hi wa ha kaino ktnong pa nar akwiyo ye kaino.
44021024	Recommendation	Tolpa ti al kitn wi tunten melnum kil, yatom kipmten kai komkiti ya a paln wri wor kai ikg a Maur Wailen pa tukol yangkipm titnongket a Moses la pa. Ti kitn al armpen kweiur kweiur a tunten melnum witnweitn akal al wor uk Maur Wailen pa, ekg al tunten u tukgunakg alntunten pa. Kitn ak komkiti tol a men la kil pa, ekg al tu wrongwailet ari tolpa, yangkipm a tu ye ekg kitn pa, pa ake yangkipm aklahle, ekg al tu ari tolpa, kitn katnun yangkipm titnongket amento Juta pa katnun atn pa.
44001026	Description	Yatom tu kpor ker wekg ur, warkip ur watin ur ekg akal mla ur nalu watin pa, kil pa wa wi wrik a Jutas pa, yatom apm Matias pa nalu watin pake, yatom apm kil pa wi wrik a Jutas kai akntie tu melnum yangkipm kuinen wampwam yikakwomwrij a Jisas pake.
59004009	Recommendation	Kipm a arpm ipma utopen pa, kipm irpm ipma kalkut om! Ampur kipm nmpa, kipm hakg rein paitnpaitn a kipm ntekg pa om!
50002021	Sin	Ari tol wrongwailet ti nikgwalpm rein akwonalmpen kuina ur a tu alntu ti tolti. Ake tu nikgwalpm rein kwap a Jisas Krais ti.
44011019	Description	Pike tu akweijel Stipen pa mo om, wa tu uk wleket wailmanten tu kinkpman wrongwailet a ukpma Jisas pa. Tolpa yatom tu melnum tiur a ukpma Jisas pa tu kark purnprarn kai atn hor pa hor pa. Tu kaino ha knokg a Ponisia, ha knokg wasok Saiprus a ark hunokg kuin, wa ha wail Antiok. Tu ake laron yangkipm a Maur Wailen pa nasi tu manet pa, kalpm. Tu laron yangkipm pa nasi tu alntu a Juta pa hute.
44028018	Description	Yatom tu wiyopm ye kai atn ntekg yangkipm. Tu atning yangkipm akupm la pa, ari ake tu hantil paitn ur a kupm ntekg, ekg akal tu almpopm mo pa, kalpm. Tolpa om tu akal kwantopm ha wan tipmning pa kulhor kai hen.
59002014	Faith	Oi, kipm muitnwar yanipopm alkupm! Tol melnum ur la tolpa, “Kupm kil ukpma Jisas Krais”. Pake atn a arpm a kil pa paln manet, tolpa ake wor. Ukpma a kil pa hi ak aklinjel ekg ak wi maur wor akil pa ye kul ekg Maur Wailen tolhai? Kalpm.
56002009	Recommendation	Tu melnum akwap kalpmel ekg melnum ur pa, al kitn rowen tukgunakg lngkep tolkil: tu al hor hanekg ekg yan a kwap pa ekg kweiur kweiur wrongwailet, tu al katnun tu yan a kwap pa ekg ak ntekg yan a kwap pa wi wor utopen ekg kwap a tu ak pa, ake al tu talpuln yangkipmek kuina ur a tu la pa.
44012023	Violence	Tu kat nang a kil tol a kat nang a Maur Wailen om kil wi wor. Ake kil kat nang a Maur Wailen, tolpa yatom maur akwapel a Maur Wailen pa erel aktutu tolti, pa kil wi numpet wail tolti wilm alel ipma pa tolpa kaingkai, om kil apm mo ase.
51002013	Grace	Kipm pike ntekg paitnpaitn atn pa yatom paitnpaitn alkipmen pa ntekg maur wor alkipmen pa apm mo ase. Pake Maur Wailen wa ntekg kipm pa arpm mlepm namponen Krais pa pati, kil kwan paitnpaitn wrongwailet alpmenen pa plaln ase.
44013047	Grace	Ekg nte, pike Wailen la naso la tolpa al mentekg ak tolpa: ‘Kupm akrkahan kitn tukol wakg a hi akhelen tu a ake Juta. Hi wa kitn ro tukgunakg lngkep a tu ekg ya a hi wa Maur Wailen akwiyen ye kai ekg alkilen pa tolpa kai hor knokg wrongwailet ti plaln.’ ”
44002033	Description	Kil apm Maur Wailen Yan alkilen katel arpm kai wam wien a kil om ukwel nang wail ase, wa kil wi Maur Wor a pike Yan alkil yipon yangkipm namponentel pa, yatom kil kwa Maur Wor pa narnto, ti apm kipm atning ari atn tike.
51003010	Recommendation	Wa ipma alkipmen pa apm wa paln weten ase. Melnum a pike ntekg kipm ti pa, apm kil ntekg kipm paln weten tolpa ye kai pake, ekg kipm hi wi arie a kil pa worwor, yatom hi kipm paln hirhir tukol kil pa yat.
50004006	Recommendation	Ampur kipm ipma kalkut ekg kuina ur a al palntepm pa, kalpm. Aklei wang pa kipm kwe Maur Wailen pa ropontel, ekg wa ukwel wor, ekg al kil aklinjepm.
50003003	Faith	Ekg nte, tol mento kwat numpalk yatom mento la tolpa mento apm paln nipet wor kai ikg a Maur Wailen ase, pake ake tolpa. Mento wi Maur Wor yatom, mento kpor klko lein Maur Wailen, a mento utopen kat nang a Krais Jisas ekg kwap a pike kil akto pa, pati, pa tol mento kwat numpalk aklahle pake. Mento ari tolpa kuina ur a mento melnum ti ntekg kai num a melnum ti pa, pa ake ntie ekg ntekg melnum ti paln nipet wor kai ikg a Maur Wailen pa, kalpm.
59005013	Recommendation	Kipm mla ur a ye kalkut pa, kipm ropon Maur Wailen. Wa kipm mla ur a arpm utopen pa, kipm ak nangnang ak kat nang a Maur Wailen.
51002016	Recommendation	Tolpa yatom ampur kipm eln melnum ur namputepm kalpmel ekg kipm al wangkwrije aki kipm al klon aken pa, wa namputepm kalpmel ekg kipm ntekg ekpma wail al atnen wang wail ur aki, atnen ekpma nangnang ur aki, atnen kainil weten a paln pa, wa namputepm kalpmel ekg wang a kipm ark ekg wi yapm.
44020010	Description	Ari Pol kil pa hakaino wan kwa pa nar knokg pa tolti, eln kai hokg hele arkul melnum warimpen pa, yatom kil la nasi tu pa la tolpa, “Ampur kipm ipma kalkut, nikgwalpm ha pa.”
51003018	Recommendation	Kipm kin pa, kipm pa itning nungkulkg horhanekg ekg kpman alkipmen pa. Wailen al wi wor lawepm, kil utopen tolpa ekg kipm katnuntel.
44020035	Recommendation	Ti kipm ari kweiur kweiur wrongwailet a kupm ak pa pati, pa kupm ak ekg plantepm tolpa al kipm ak titnongket komkiti tolpa, ekg akal aklin mla ur a titnongket kalpmen pa. Wa la nasepm la tolpa kipm wonirpme yangkipm a pike Wailen Jisas la tolpa, ‘Kitn uk kweiur kweiur ekg aklin melnum ur pa, pa kitn wi utopen wailmanten hangken tol a melnum ur aklinjeitn ekg kweiur kweiur pa.’ ”
50002029	Recommendation	Kipm ukwel wor utopentel tol kil melnum ur a ukpma Wailen. Kipm wiyel tol melnum ur a nang itne,
51003020	Recommendation	Kipm warim pa, kipm itning nungkulkg horhanekg a manjan alkipmen pa ekg kweiur kweiur a worhampe. Wailen kil al wi wor lawepm kporn yangkipm ekg kipm ak tolpa.
51002023	Sin	Tol tu katnun yangkipm a tu rowepm tukgunakg lngkep pa, tu arku tu alntu atn mehen a arpm mehen akplain plan ak num henen ti tolti. Wa tu uk wleket num alntu ti kalpmel tolti. Tu wrongwailet arien pa, pa tu la tolpa, pa tu komkiti ariworwor a kpor klko lein Maur Wailen, pake ake ntie titnongket a ak kpor hmpei ipma alntuen ekg tu elnten ipma tingklaket ripa.
44011017	Grace	Pike mento Juta ti ukpma Wailen Jisas Krais, yatom Maur Wailen kil uko Maur Wor pa tol kweiur kweiur wor alkilen a aklin mento. Wa ak wang ti Maur Wailen wa kil uk kweiur kweiur wor akil pa ekg akal wa aklin tu a ake Juta pa yat. Tolpa ti kupm ti melnum tolhai al kupm ak hmpri kwap a Maur Wailen pike ak kai tu pa!”
44013038	Grace	Tolpa ti kipm worwor wasokwasok alkupm pa, kupm akal kipm wi arie yangkipm a kupm laron nasepm kil la tolpa: mento ukpma Jisas pa, Maur Wailen kwan paitnpaitn a mento pa.
50003001	Recommendation	Yangkipm a wet kupm la hep pa, kai ekg al plaln pake. Kipm yanipopm muitnwar a kupm pa, kipm a Wailen pa ti kipm irpm utopen tolpa kai om! Kupm ake hretopm num lpmahak ekg wa la yangkipm a pike kupm rontepm hep pa. Pa wor ekg al kipm atning hep kanukg tolpa kai ekg al aklin kipm pa, ekg hi wa aklinjepm pake.
50004013	Faith	Kupm ntie ye kalkut wrongwailet, a ntekg kweiur kweiur wrongwailet pa ak titnongket a Krais ukopm pa. Kupm arpm tolhai pa, kupm ari tolpa Krais ak titnongketel kupm, yatom kupm ntie ekg arpm pake.
51004002	Recommendation	Ampur kipm elnten a kipm ropon Maur Wailen pa. Kipm irpm wonirpme nikgwalpm irke ukwor kil a ropontel aklei wang tolpa kai pake.
44007029	Description	Moses kil atning a melnum ripa la tolpa, yatom kil kark kai ha Ijip pa kai arpm kai ha knokg a tu Mitian. Kil melnum yawen, kil ake knokg yiprokg a ha pa, pake kil wi kin a ha ripa ye arpm pa, om kwat warim kpman wekg.
51003015	Faith	Kipm eln ipma mehen wor a Krais pa itn wail ikghlen nikgwalpm alkipmen pa. Krais kil kwe kipm ti tukol numpwam wrij wrij ur a kai almitne atn num wrij alkilen ti. Yatom kipm irpm mehen ukwor Maur Wailen aklei wang tolti.
59004001	Sin	Nikgwalpm a kipm alm er tita kle tita pa kipm wi kai hai? Nikgwalpm a tolpa pa paln kahor ipmanikg alkipmen. Nikgwalpm a kipm wreitn arikowe, ak wakrongen kweiur kweiur wrongwailet, akwonalmpen kuina ur wailet, nikgwalpm paitn a tolpa pa ak rkoln tita arpm kahor ipmanikg alkipmen pa, yatom kipm alm er tita kle tita pake.
44020029	Violence	Kupm ari tolpa hi kupm nuhurntepm kai pa, hi nmpa tilipmingken wrongken kul kai kuin akipm pa. Om tu hi ake rein, hi ntekg paitnel ekg sipsip a kipm ikghlen pa.
56003001	Recommendation	Kitn kit wonel tu wrong kinkpman ekg al tu hor hanekg atning katnun tu melnum tukgunakgen alntuen a ikghlenten pa. Al tu numprampen ekg ak kwap kweiur kweiur wrongwailet a wor ekg aklin tu mla ur pa.
59004004	Sin	Kipm wakrongen kweiur kweiur a knokg ti, pa kipm uk yirokg Maur Wailen. Pa kipm ntekg paitn tukol kin a nuhurn kpman alkil om kai wi kpman ur pa. Kipm ari aki kalpm e? Nikgwalpm a mla ur kil ark wail ekg kweiur kweiur wrongwailet a atn knokg ti pa, kil pa wrongmnto a Maur Wailen.
44016006	Description	Timoti, Sailas namponen Pol tunten akal kai atn hor kai ha knokg a Esia pa, ari Maur Wor a Maur Wailen loken ekg ake al tunten laron yangkipm kai Esia pa, yatom ake tunten kai. Tunten atn hor kaino ha knokg a Prikia a Kalesia tike.
50003006	Sin	Kupm pike atn titnongket katnun yangkipm titnongket a Moses ti pa, apm kupm tike, yatom kupm er tu a ukpma katnun Jisas pa ukwen wleket kwanten. Wa tu wrong kinkpman pike ari atn a arpm akupm pa namponen yangkipm titnongket a Moses, a tu mamikgmamin manjan alpmenen pa, ake pike tu ur ari kupm ti lalo yangkipm ur pa, kalpm. Kupm pike katnun yangkipm titnongket pa yekworwor.
50001028	Faith	Wa kupm akal atning tolpa, kipm ake kark ekg wrongmnto alkipm pa, kalpm. Kipm atn titnongket tolpa, pa klal ur a Maur Wailen elntha ekg ak plan tu wrongmnto tolpa, tu pa hi kai ha paitn pake, wa ak plan kipm pa tolpa, kipm pa Maur Wailen aklinjepm pake, ti kipm hi atn wor wrijen.
59004008	Recommendation	Kipm kai yampingken Maur Wailen, om Maur Wailen kil kul yampingken kipm! Kipm melnum a ntekg paitnpaitn pa, kipm klak wam a kipm pa! Kipm melnum a nikgwalpm wekg pa, kipm elnten nikgwalpm paitn pa, om kipm rkul nikgwalpm wor pa ye itn!
59002009	Sin	Tol kipm ari melnum a arpm warkip pa, kipm wi paitn uk. Wa kipm ari melnum a arpm ntie pa, kipm wi wor uk, tolpa pa ake wor. Pa kipm kwaten yangkipm titnongket kil ase, a la tolpa, “Kitn wakrongen tu wrongwailet, tol a kitn wakrongen kitn alkitn!”
44021019	Grace	Men ark pa, Pol kil ukwor tu pa plaln pa, kil la kiti nasen kweiur kweiur wrongwailet a Maur Wailen kil akwap wail ak wang a kil atn akwap aklin tu a ake Juta pa.
50004007	Faith	Kipm ropon Maur Wailen tolpa, om kil al ukwepm ipma mehen wor a Krais Jisas pa arpm wail ikghlen nikgwalpm alkipmen pa, ti kipm ake al kark. Ipma kulkula kupuk mehen wor a Maur Wailen ukwepm tolpa pa ye kinar knokg wonen kinar ai, a wa kaino kwa watin kaino ai, kmel ur ake ntie ekg ari yiprokgen a ripa.
59003009	Faith	Wangkur pa ek amen ti ak kat nang a Wailen, a Yan Wailen. Wa wangkur pa ek amen ti ak la paitnel ekg melnum ur a Maur Wailen kil ntekg tol kil alkil.
44026009	Sin	Pike hep kupm yat, kupm akwonalmpen tolpa, al kupm akwap titnongket ekg ak arku nang a Jisas a Nasaret.
59001019	Recommendation	Yanipopm muitnwar alkupm, kipm itning yangkipm ti worwor! Ampur ek akipm pa kulkula ekg ekla aktutu, kalpm. Kipm nungkulkg irpme worwor pen, plaln pa, kipm ekla! Ampur kipm ipma wleket aktutu!
44003026	Grace	Tolpa ti Maur Wailen kil akrkahan melnum wor akwapel alkilen pa kwa ekg kipm hep tike, ekg al kil ukwor aklin kipm tike, wa ntekg kipm wrongwailet ti pleln ipma om uk yirokg paitnpaitn alkipmen pa.”
44010039	Violence	Yatom men pike nungkulkg a ikg ekg kwap wrongwailet a pike kil ak atn ha knokg a men Juta, wa atn kinar ha wail Jerusalem pa, yatom men laron la tolpa aklahle. Wa tu karkurn melnum ripa ark yo pa yatom kil mo.
51001021	Sin	Kipm pike hep pa, kipm pike atn kai watin ai ntekg paitnpaitn wi wrongmnto lan Maur Wailen.
51003001	Faith	Maur wor alkipmen apm pike mo ase, yatom Maur Wailen ntekg kipm pa wreitn atn mlepm namponen Krais ase. Tolpa ti kipm al lok nikgwalpm alkipmen ti ye kai ark ariworwor ekg kweiur kweiur wrongwailet a atn kaino ha wor ai. Kaino ha wor a Krais kil arpm wam wien a Yan alkilen wi nang wail a atn hep ekg ikghlen kweiur kweiur wrongwailet.
51003004	Grace	Krais, kil melnum a ukwepm maur wor weten pa kil hi paln ngko wurknong pa, kipm ti yat, kipm hi wa paln ngko wurknong wi titnongket klalen wailmanten namponen kil.
44005015	Description	Tu ari tolpa yatom tu kat tu melnum a numpet pa ye kai kulamten wrik nmong, wakg a kweiur kweiur pa ha ya, ekg al Pita kil ngkom hor ya pa kai, om al takgni wi klal a kil pa kai helenten, om al ntekg tu pa paln wor.
51003023	Recommendation	Tolpa ti, kuina ur a kipm ntekg pa, kipm ik namponen nikgwalpm aklahle, tol a ak ekg Wailen Jisas pa, ake ak ekg melnum pa.
50002009	Grace	Kil arku kil alkil tolpa yatom, Maur Wailen wiyel ye kaino ukwel nang wail a atn hep hangken nang wrongwailet.
44014014	Description	Melnum yangkipm kuinen wekg Parnapas ekg Pol atning ari kweiur kweiur a tu akal ntekg pa, yatom tuwekg hreten om ro hapm alntuwekgen pa tolti. Tuwekg aktutu kai atn kuin a tu pa, ekg la yikaktnen la tolpa,
59001026	Sin	Tol melnum ur kil akwonalmpen tolpa, “Kupm kil melnum wor a ak kwap a Maur Wailen”. Ari ake kil ikghlen ek alkil pa ariworwor, pa kil akplainel ipma alkilen. Ti kwap a Maur Wailen a kil ak pa, ake paln wor ek arke.
44007011	Description	Yatom ak wang pa wang nikg wailmanten paln hor kinar ha knokg Ijip wa no ha knokg Kenan ti. Pa kalkut wailmanten paitn, yatom tu yohmpei alpmenen pa ekpma kalpmten, yatom nikgten paitn.
44027034	Recommendation	Tolpa ti kupm tilpentepm titnongket la tolpa ekg kipm wi ekpma ur pa il, ekg al ak titnongketel ipma akipm pa, ekg kipm ntie ekg kai wor. Kipm itning! Kipm ake al paitn, kalpm. Kipm wrongwailet pa al wor.”
56002002	Recommendation	Tu kpman wror pa, al kitn rowen tukgunakg lngkep tolkil: tu lokhparn tu alntu pa itn riworwor, atn tol tu wail wail, wa al tu atn wonrekele. Tu al atn titnongket ukpma yangkipm aklahle a Maur Wailen, wakrongen tu wrongwailet pa aklahle, wa atn titnongket ekg ye kalkut. Tu kpman wror pa, al kitn rowen tukgunakg lngkep tolpake.
44017030	Recommendation	Apm tolpa yatom pike hep ak ai kulngkul ak wang ti pa Maur Wailen kil ake ekla wailet ekg ye kalkut ekg paitnpaitn a tu melnum a hmit ntekg pa. Pake ak wang ti pa kil la titnongket nasi tu kinkpman wrongwailet hor pa hor pa ekg akal tu pleln ipma uk yirokg paitnpaitn a tu ntekg pa.
44013034	Grace	Maur Wailen la Jisas kil wreitn ha tipmning teng pa kulhor arpm, ti kil hi ake wa mo yawrik yatom eln kahor arpm tipmning teng pa kai mampij, pa kalpm. Apm tol a pike Maur Wailen la hep pake, la tolpa, ‘Kupm pa hi katnun yangkipm wri wor a kupm alkupm wa kupm ipma wor wailmanten ekg kipm om aklinjepm tukol kupm pike yipon yangkipm namponen Teipit.’
44011021	Faith	Titnongket a Wailen pa arpmen, om tu wrong kinkpman wailet pa pleln ipma ukpma kai katnun Wailen.
44019002	Faith	Yatom kil roponten la tolpa, “Pike kipm pleln ipma om ukpma pa, pike kipm wi Maur Wor pa aki kalpm e?” Ari tu akalmpentel la tolpa, “Kalpm, men pike ake atning hep ur a tu la Maur Wor pa, kalpm, atn atn apm kitn la naso apm tike.”
59004003	Sin	Kipm ropon, pake ake kipm wi, ekg nte, kahor nikgwalpm alkipmen pa kipm akwonalmpen tolpa kipm akal wi kweiur kweiur ekg aklin kipm alkipm ti tolti hute.
44024014	Faith	Pake yangkipm wrij ur a tu arkiopm kil pa pati, kupm la pa aklahle pake. Kupm katnun ya a tu la tolpa, pa ya raimpen. Kupm katnun ya pa om kupm kpor klko lein Maur Wailen a tu mamikgmamin manjan alpmenen. Wa kupm ukpma yangkipm wrongwailet a ro hel kai yangkipm titnongket a Moses, wa hel kai wurkapm a tu melnum ek wripm a Maur Wailen ro pa.
44008009	Description	Melnum ur a arpm kaino ha wail a Samaria pa, nang akil pa Saimon, kil pa melnum yar man, pike akwap pa wang watin, ntekg kweiur kweiur titnongket tiur atn kaino ha wail ripa, kil laron kil alkil pa, la tolpa kil pa melnum wailen ur. Yatom ak ntekg tu wrong kinkpman wailet a ark hor ha knokg a Samaria pa tu wreitn paitn ekg tu atning ari ripa.
50003010	Faith	Kweiur kweiur wrongwailet apm kupm uk yirokg ase, ekg kupm akal ari Krais ekg paln tukol kil, wa kupm akal ari titnongket tukol a pike kil wreitn ha kirkhap pa. Wa kupm akal ye kalkut tukol a pike kil ye pa, tolpa kaingkai mo tol a pike kil mo pa.
56002003	Recommendation	Wa tu kin mayen pa, al kitn rowen tukgunakg lngkep tolpa yat pake: al tu arpm wor tukol kin wor a ukpma Maur Wailen, ake al tu la yangkipm paitn ekg mla ur, ake al tu eln hu hmit pa atn wailen atn kahor nikgwalpm a tu pa. Ake al tu ntekg tolpa, al tu kaling plan kuina ur a wor tolti.
59001022	Recommendation	Kipm atning katnun yangkipm alkilen pa pati wor pake. Kipm atning ak nungkulkg kalpmel tolti, pa kipm akplainel ipmanikg alkipmen.
44022004	Violence	Wa kupm pike uk kalkut a wleket ekg tu melnum a katnun ya a Jisas. Wa kupm yipowen wiyen kinkpmanen yewen kahor arpm wan tipmning pa, om tu uk wleket kai tu pa om tiur a tu pa mo.
59005004	Sin	Kipm itning! Tu melnum a aktepm kwap kitin kweiur kweiur kai wring alkipmen pa, tu hakg la wailet ekg ake kipm armpenten, ti Maur Wailen ntie titnongket apm kil atning ase.
44017025	Grace	Wa kil ake arpm warkip ekg kwei ur yatom melnum ur aklinjel pa. Kil alkil yiprokgen a uk wripm melnum a ntekg melnum arpm mlepm, wa kil uk kweiur kweiur wrongwailet pa kai ekg mento wrong kinkpman.
44019011	Grace	Maur Wailen kil pike ntekg kweiur kweiur titnongket weten weten kai wam a Pol, tol melnum ake ntie ekg ntekg.
44002028	Grace	Ti kitn pike plantopm ya wor a arpm aklei wang, wa kitn hi wiopm ye kaino ntieitn arpm, wa ukopm utopen wailmanten.’ Yangkipm a pike Teipit wi ek a Jisas la pa, apm kupm la kiti nasepm kai pake.
44002013	Description	Ari tu tiur pa tu la akhinowel tu pa la tolpa, “Plpa tu al hu wain hmit wailet om ri tu hmit hmit pa.”
51001023	Faith	Pake kipm al ukpma Maur Wailen pa itn titnongket ye kai tukol yo a kli yipoko eln kinar knokg wonen ai yatom nampil knokg atn titnongket pa. Wa kipm ukpma irpm nungkwangen kuina ur a kipm atning a tu laron yangkipm wor a Maur Wailen nasepm pa, pa ampur kipm nuhurn. Yangkipm wor pa pike tu laron nasi tu kinkpman wrongwailet hor knokg ti. Kupm alkupm ti apm pike paln melnum akwapel a laron yangkipm wor pake.
44013030	Description	Pake Maur Wailen wa la yatom kil apm wa wreitn ha tipmning teng pa hor kai ase.
56003010	Recommendation	Tol melnum ur kil piln yangkipm a ak rowepm ekg kipm kai atn manman pa, kitn noworel nti wrij aki nti wekg e. Ake kil atningkeitn pa, pa kitn ukwel yirokg om!
59005014	Recommendation	Melnum ur kil numpet pa, kil kwe tu melnum a atn hep ekg ak kwap a Maur Wailen pa, tu kul eln kweiur tol hu yuwa pa eln hel melnum numpet pa kai nang a Wailen Jisas Krais, ropon Maur Wailen ekg al kil ntekg kil paln wor.
44007023	Description	Tolpa om kil arpm kinar pa arpm, kil apm yampingken ekg al warim woren tike, wring a kil pa kmel wekg (40), yatom nikgwalpm akil pa wreitn akal kil wa kai ari tu alntu melnum a Israel pa.
44023027	Violence	Melnum kil pati, pike tu Juta arkulel akal almpel mo. Ari kupm atning a tu la tolpa, kil pa apm nang a kil pa hel namponen tu Rom pake, yatom kupm namponen tu melnum alkupmen a almpwrong pa, men kai rkolel kai wam a tu pa ye kai tukuleinjen.
44019029	Description	Yatom tu wrong kinkpman plalnten a ark ha wail pa tu nikgwalpm paitn la plalplal nel ha pa ha pa kunturn aktutu kaingkai ark kai ha kuin a tu kor tita arke ekg ekla pa. Yatom tu arkul Kaias ekg Aristarkus, melnum wekg a Masetonia a nti Pol atn pa tu wiyen ye kai atn kai ha kuin pa.
44003014	Sin	Kipm uk yirokg melnum wri nipet wor kai ikg a Maur Wailen, wa kipm tilpen Pailat pa la tolpa, kil elnten melnum paitn a alm melnum ti horntepm hor hen ti.
44015009	Faith	Kil ake ak tolhai ekg mento ti wa ak manet ekg tu manet tiur pa. Tu ukpma kil pa, yatom kil klak nikgwalpm atu pa paln wri wor ase, hirhir tukol mento tike.
44002024	Description	Ari Maur Wailen la ekg kil wreitn, wa kwan kalkut a wleket a kil mo pa kai tukuleinjel. Ekg nte, mo ti ake ntie titnongket ekg nampilel arpm wrik a tu mo kai arpme pa, kalpm.
59002007	Sin	Kipm a Jisas Krais, kipm ye nang wor alkilen, ari nang wor wrijen alkilen a kipm ye pa, mla ur la paitnel? Pa apm tu kmel a ntie kweiur kweiur pa la paitnel pake!
59002008	Recommendation	Tol kipm katnun yangkipm titnongket kil a hel kai wurkapm a Maur Wailen pa pati wor pake. Pa atn hep hangken yangkipm titnongket wrongwailet a Maur Wailen pa la tolpa, “Kitn wakrongen tu wrongwailet, tol a kitn wakrongen kitn alkitn!”
50001027	Recommendation	Kwei ur wail wrij ur tol a kipm katnun pa pati kil: kipm al atn a arpm katnun yangkipm wor a la kiti Krais! Tol kupm kai ariepm aki, tol kupm arpm ti atning aki, pa kupm akal atning tu la kiti kipm alupm nikgwalpm wrij ak kwap hor wrij atn titnongket talpuln wrongmnto ekg al tu wrong kinkpman ukpma yangkipm wor a la kiti Krais pa.
50002024	Faith	Ti kupm alkupm ti yat, kupm ari tolpa Wailen hi aklinjopm pa, ti kupm arpm nungkwangen tolpa kupm hi wa ak ketn ur ti katnuntel kai ariepm pake.
44023005	Recommendation	Ari Pol pa akalmpe la tolpa, “Kipm yantin a wasokwasok a wailwail alkupm ti, kupm ti akwekgel kil pa melnum tukgunakgen a ikghlen tu ipma krakgen a Maur Wailen pa, tolpa yatom kupm la tolpa. Wurkapm a Maur Wailen pa la tolpa, ‘Ake al mento aknokgel tu melnum wail wail a atn ikghlen mento wrong kinkpman pa.’ ”
44014017	Grace	Pake ake kil lamtepm wrijen kuina ur a kil aktepm ekg ak plan kil alkil ti, kalpm. Kil ntekg nikgwalpm wor ekg kipm: kil ntekg hu ti wei, wa takgni ti hel, yatom ntekg kweiur kweiur ti paln ngko ek arke ak wang alkilen pa. Kil aklinjepm ekg ekpma a ntekg ipma a kipm pa arpm utopen wor.”
44012020	Description	Melnum tukgunakgen Herot pa pike ipma wleket wrongken paitn ekg tu wrong kinkpman a ark ha wail Tair a ha wail Saiton pa. Tu kor tita kor tita kai wrij, yatom nel ak wail nar ari Herot pa. Tu nel nar ariel pati tolkil: tu apm wi ekpma kweiur kweiur pa nar ha knokg a Herot kil ikghlen pake. Tu nar paln plaln pa, hep pa tu kai armwonel Plastus, melnum wail ur a ikghlen wan a Herot melnum tukgunakgen pa. Ari Plastus pa kil wi wor, yatom yewen kai ari Herot pa ekg la nasel la tolpa, kil kwan ipma wleket akil pa wa kil reinjen. Ekg nte, ekpma kweiur kweiur tu apm wi nar ha knokg a Herot pa ikghlen pake.
44024005	Sin	Men ari melnum kil ari, kil melnum a rkol men Juta wrongwailet ti kai ngko kai walmpopm paitn a kil pake. Kil ye numpet paitn alkilen pa ak ro wrong tiur pa kai atn namponen kil pa, yatom tu kwewen la tolpa tu Nasaret. Yatom apm kil pa atn hep ekg tu pake. Kil melnum a alm ipmael tu Juta wrongwailet a ark hor ha knokg wrongwailet om ntekg tu kle er tita.
51003009	Recommendation	Ampur kipm la yangkipmek ekg akplainel mla ur, ekg nte, kipm apm pike kwan ipma tngklaket a pike kipm ak tolpa yat ase.
44013019	Description	Maur Wailen alm kwan wrong a ark ha knokg wampomit wampomwekg a ha knokg wail a Kenan pa hor hrak kai tukulein knokg ripa, yatom kil nampreng knokg ripa uk tu ti, om tu wi num atnen knokg pa tukol knokg alntuen om tu arke ark.
44007051	Sin	Yatom wa Stipen wa la nasi tu hong tukgunakgen a tu Juta pa la tolpa, “Kipm pa nungkulkget ikg kai pa kai pa! Kipm weij arpmepm nikgwalpm wa kweiur ak hmpriepm nungkulkg tukol tu a ipma wekg a ake pike tu kwat numpalk pa, kalpm. Ti kipm pa apm tol tu yohmpei alkipmen a pike hep aklei wang talpuln ek a Maur Wor a Maur Wailen la nasepm pake.
51003022	Recommendation	Kipm melnum a ak kwap kalpmel pa, itning nungkulkg ik kwap kuina ur komkiti wakrong a melnum tukgunakgen alkipmen pa riworwor. Ake la nak kipm akplain kai ikg akil pa ekg al kil wi wor lawepm pa. Kipm kirk ekg Maur Wailen, yatom kipm ik kwap namponen nikgwalpm aklahle. Kipm ik tukol a kipm ak ekg Wailen Jisas.
59005001	Recommendation	Kupm akal la yangkipm kil nasi kipm melnum a ntie kweiur kweiur wailet, kipm itning! Kipm akwonalmpen kalkut wailmanten hi wa kipm ye kanukg, ti kipm hakg rein om!
59005005	Sin	Ak wang a kipm arpm knokg ti kipm ntie kweiur kweiur worwor wailet ak ntekg kipm alkipm ti arpm utopen. Kipm ntie kweiur kweiur worwor wrongwailet, pake kipm atn hmit, tol mnto a tu uk ti atn hmit akwekgel wang a tu akal almpel mo pa.
59002012	Recommendation	Hi Maur Wailen alkil yewepm kai atn ekg ntekg yangkipm katnun yangkipm a la Krais a ntie ekg ak kwan titnongket a paitnpaitn alkipmen. Tolpa ti kipm itn worwor la yangkipmek worwor katnun yangkipm ripa.
44010015	Recommendation	Ari kalpm, ek pa wa la nti ur la tolpa, “Kweiur kweiur pa pike klon ekg al pa, pake ak wang ti pa Maur Wailen kil ntekg wor plalnten ekg akal al wangkwrije tolti, ti ampur kitn la tolpa pa hongket hongket a kitn klon ekg al pa, kalpm.”
44007025	Description	Kil akwonalmpen tolpa tu melnum alkil a Israel pa akal ari tolpa Maur Wailen kil akrkahan kil pa akal kil aklinjen wiyen ekg ye kai tukulein ha knokg Ijip pa, ari ake tu ari pa, kalpm.
50003002	Violence	Tu tiur pa la tolpa, ake kipm kwat numpalk katnun ya a men Juta pa, kipm pa ake warim a Maur Wailen pa. Pake tu akplain. Tu pa tu melnum a kwat numpalk alntuen ti yehngkalel ari paitn. Tu pa tu melnum a ak kwap paitn tol nmpa mingken a nam kmel pa. Ti kipm ngkom nlokgen ukikg ri tu melnum a tolpa!
56001016	Sin	Kil ak ek loken kil alkil pa la tolpa kil ukpma Maur Wailen, pake atn a arpm akil pa pati, plan tolpa kil ake ukpma Maur Wailen pa. Kil pa nungkulkget paitn, kil ake atning yangkipm a Maur Wailen la pa. Kil ake ntie ekg ntekg kuina ur a wor, kalpm.
44026014	Violence	Ak wang a men ari wakg wail a nar helento pa, men plalnten men ngko eln kai knokg ti. Wa kupm atning ek ur a kwe nang akupm ti ak ek Hipru pa la tolpa, ‘Sol! Sol! Wa kitn uk kalkut a wleket ekg kupm ti ekg nte? Kitn kintirn kweiur a tampij pa, om kitn alkitn wi wleket pa.’
59001021	Recommendation	Tolpa ti kipm kwan nikgwalpm paitn a kweiur kweiur paitnpaitn wrongwailet pa, wa kipm rku kipm alkipm pa ekg wi yangkipm a Maur Wailen a kil arm arpm kahor ipmanikg alkipmen. Yangkipm pa la Jisas Krais a ntie ak aklinjepm akarmpentepm pake.
44009005	Description	Yatom Sol kil ropon la tolpa, “Melnum Wailen, kitn mla pa?” Ari ek ripa akalmpe la tolpa, “Kil kupm Jisas, kupm melnum a kitn ukopm kalkut a wleket aklei wang pa.
44007033	Recommendation	Ari Wailen pa la nasel la tolpa, ‘Kitn nir nepm palk alkitnen pa tukulein nepm alkitnen pa pen, ekg nte knokg a kitn atne ti pa wri wor.
44007020	Description	Ak wang ripa a melnum weten pa atn melnum tukgunakgen pa man raku Moses pa. Warim pa warim wor, yatom Maur Wailen utopen warim ripa. Manjan alkilen pa ikghlentel lampel arpm wan pa tol kainil wraur, plaln pa,
44014019	Violence	Ari tu Juta tiur a ha wail Antiok a ha wail Aikoniam pa tu kul nar Listra ti tolti, kwan nikgwalpm wor a tu wrong kinkpman pa, wa lok tu ye kul kai katnun yangkipm nikgwalpm wleket a tu ti. Yatom tu ak weij pa er Pol pa ngko kai mo ha, yatom tu rkolel ye kai tukulein ha pa. Tu akwonalmpen tolpa kil apm mo ase.
44007052	Sin	Ti tu yohmpei alkipmen ti pike ikghlen tu melnum ek wripm ur a Maur Wailen pa arpm wor aki? Kalpm. Pike tu ntekgen paitn ukwen wleket wailet. Maur Wailen pike kil kat ekel tu ekg laron melnum nipet wor a Maur Wailen akal hi nar pa, ari tu eren almpen mo tolti. Ti melnum nipet wor pa pike nar pa, apm pike kipm ak tol tu yohmpei alkipmen pake, uk ya ekg tu wrongmnto kul almpel mo.
56003006	Grace	Kai kwap a Jisas Krais, melnum a pike akwiyo pa, Maur Wailen pike kwa titnongket a Maur Wor nar wail ekg mento ti.
44004036	Description	Melnum wrij ur pa, nang akil pa Josep. Kil a hom wrij a Lipai, kil kai ha knokg Saiprus. Wa tu melnum yangkipm kuinen a Jisas pa kwe nang wompel akil pa tolpa Parnapas. Yiprokgen a nang ripa pati, “Melnum a ak titnongketel ipma a tu melnum”.
44022016	Recommendation	Ti kitn arpm nungkwangen kuina ur? Kitn wreitn om! Kitn kwe nang akil pa ekg al kil aklinjeitn. Kitn kai ekg tu kalukeitn, ekg al kwan paitnpaitn a pike kitn ntekg pa.’ ”
51002005	Faith	Tol kupm ake ntiepm arpm, pake nikgwalpm wail alkupmen kil pa apm ark ekg kipm pa arpm kai pake. Tolpa ti kupm utopen ekg kupm atning a kipm hor wrij arpm wor katnun yangkipm a Maur Wailen, wa kipm ukpma Krais pa atn titnongket pa.
44002038	Faith	Ari Pita pa akalmpenten la tolpa, “Kipm wrij wrij ti al kipm pleln ipma, yatom kipm kul ekg al men kalukepm ak nang a Jisas Krais, ekg al Maur Wailen kwan paitnpaitn akipm kai tukuleinjepm, plaln pa, kipm wi Maur Wor a Maur Wailen.
50002018	Recommendation	Tolpa ti kipm apm wa tolpa yat pake. Kipm utopen namponentopm pa, tol kupm wa utopen ntiepm yat!
44003019	Recommendation	Tolpa ti kipm laron paitnpaitn akipm pa wa kipm pleln ipma, ekg al Maur Wailen kwan paitnpaitn a kipm pa plaln,
59002017	Faith	Kitn ukpma Jisas Krais pa apm tolpake. Kitn ukpma pake, atn a kwap a kitn ak pa paln manet. Tolpa ti ake kitn ukpma Jisas pa aklahle.
51003021	Recommendation	Kipm yantin pa, ampur kipm er kle tu warim alkipmen pa aklei wang, tolpa pa tu ipma kalkut ekg arpm a tu pa wa paitn.
59002020	Faith	Nikgwalpm a kitn la tolpa pa kitn hmithmit, kitn ukpma Jisas Krais, ari kitn ake atn ariworwor, kitn ake ak kwap wor, ti a kitn ukpma Jisas Krais pa ake ngko ek arke. Ti kitn wakrongen akal ari yiprokgen a yangkipm ripa worwor aki?
44007021	Description	tuwekg kat warim ripa ye hor hen om ye kinar elntarpm kop hu arkikg pa, yatom warim kin a melnum tukgunakgen a tu Ijip pa kil hantil warim pa yatom kil katel ye no lokli tol warim alkilen pa.
44026021	Violence	Apm yiprokgen ripa yatom tu Juta arkulopm atn kahor yipmingki wonen a wan yalming a Maur Wailen pake, om tu ntekg ekg akal almpopm mo.
44017005	Violence	Pake tu wailet tiur a tu alntu Juta pa tu ipma paitn ekg tu wrong tiur kai katnun Pol ekg Sailas pa. Tolpa yatom tu nikgwalpm wrongken kai kor tita kor tu melnum ipma wleket lpmahaklang alntu a hop atn tolti kai ha kuin a tu kor tita arke pa, yatom tu kor tu wrong pa kul kor tita ark wrij yatom ukwen nikgwalpm paitn akal ntekg paitn ekg tuwekg pa, yatom tu ak wail nel kunturn aktutu kai tikale wanyun a melnum ur, nang a kil pa Jeson, wa kor Pol ekg Sailas pa akal wiyen ye kai uk kai wam a tu wrong kinkpman.
44019013	Description	Wa tu Juta tiur pa tu akwap tol yar meneng atn ha ur ha ur kwan maur paitn kai tu melnum pa, pa kwap ur a tu ak ak apm pake. Tu akal wa ye nang a Wailen Jisas ti wa ak kwan maur paitn tukulein tu melnum a maur paitn arpmen ti. Tu la yangkipmen la tolpa, “Kai nang a Jisas, melnum a Pol kil laron pa, kupm la tolpa ‘kitn hor kai tukulein!’ ”
44015040	Grace	Wa Pol kil akrkahan Sailas pa ekg kil ntiel atn. Tuwekg akal nuhurnten kai pa, tu melnum ipma wrij a tu ukpma Jisas pa kul ropon Wailen pa ekg kil ukwen ipma wor.
44008021	Sin	Kil ake kwap ur a ak kathangkel kitn pa ekg al kitn ak kwap kil nti mentekg ti, ekg nte, nikgwalpm a kitn pa ake nipet wor kai ikg a Maur Wailen pa.
50002003	Recommendation	Ampur kipm akwonalmpen kipm alkipm ti tolti, yatom kipm ntekg kweiur kweiur pa ekg kipm akal wi nang wail hangken tu tiur ai, tolpa yaper. Kipm rku kipm alkipm ti ye nar horhanekg ekg mla ur ai, kipm kit nang a tu pa, la tolpa tu pa wor pake.
44014026	Grace	Tuwekg wa wreitn wi wan hunokgen nuhurn ha wail Atalia pa wa kai ha wail Antiok a ark ha knokg Siria. Ha wail pa apm tu ipma wrij a pike kwawen ha pa kai laron yangkipm wor a la Krais pa kai pake. Apm tu a ha wail Antiok pake. Tu pike ropon Maur Wailen ekg akal kil ikghlenten aklinjen. Tuwekg atn akwap pa kai plaln, wa tuwekg wa kul Antiok yawrik.
59001005	Recommendation	Tol kipm warkip ekg arie a nikgwalpm wor ekg ntekg kuina ur a wor kai ikg a Maur Wailen pa, kipm ropon Maur Wailen, kil ntie ekg ukwepm. Kil melnum a ake lawen kweiur kweiur pa, kil melnum a nikgwalpm wor. Tol mla ur ropontel ekg kuina ur pa, kil uk tolti.
44013023	Grace	Maur Wailen pike yipon yangkipm ak ai om kil ak komkiti pake. Kil pike la tolpa, yohmpei ur kai hom a mapming a Teipit pa hi wa kil akrkahantel ekg akwi tu Israel pa ye kai ekg kil alkil. Apm Jisas pake.
59005007	Recommendation	Kipm yanipopm muitnwar alkupm, kipm rku ipmanikg alkipm pa itn titnongket nungkwangen wang a Wailen, Jisas Krais, kil nar. Kipm rku ipma alkipmen pa itn nungkwangen tol melnum a ntekg wring pa, yatom kil arku ipma alkil pa atn titnongket nungkwangen wang a hu a takgni ak ntekg knokg pa ekg ekpma pa paln wor.
59004011	Recommendation	Kipm yanipopm muitnwar alkupm, ampur kipm la yangkipm paitnel ekg tita. Tol melnum ur kil la paitnel melnum ur pa aki ari klon melnum ur pa, pa kil la paitnel yangkipm titnongket a Maur Wailen pa, wa kil la yangkipm titnongket akil pa paitn. Tol kil la yangkipm titnongket a Maur Wailen pa paitn pa, kil ake komkiti yangkipm titnongket a Maur Wailen. Ti kil paln tol melnum wail a ari klon yangkipm hai wor, yangkipm hai paitn.
44008032	Description	Yatom Pilip kil kaino ntiel arpm. Yangkipm a melnum pa klein kai wurkapm pa pati la tolkil, “Kil pa tol sipsip a tu wiyel ye kai akal almpel mo. Wa kil tol sipsip warim a elntmpei arpm tolti ak wang a tu kwat walkg akil pa, kil apm tolpake, kil ake wlakil ur, kil elntmpei arpm tolti.
44013021	Description	Yatom ak wang pa, tu wrong kinkpman kwe Maur Wailen pa la tolpa kil kat melnum tukgunakgen wail ur ekg ikghlen ha wrongwailet a ha knokg Israel. Yatom Maur Wailen kat Sol, warim kpman a Kis. Kil pa hom wrij a Penjamin. Kil atn melnum tukgunakgen wail ikghlen tu pa tol wring kmel wekg (40).
56001010	Sin	Al kitn kat melnum wor tol a wet kupm la pa, ekg nte tu melnum wailet a Krit pa tu talpuln yangkipm aklahle a Maur Wailen, laron yangkipm kalpmel ekg ak rkol tu melnum kul katnun yangkipm akplain alntuen tolti. Kai kuin a tu pa, tu wailet a tu Juta pa la titnongket ekg tu a ukpma Krais Jisas pa la tolpa, tu a ukpma Krais Jisas pa, tu al kwat numpalk katnun ya a men Juta pake.
44010012	Description	Hel nmong hute pa wlikgek a ikgur ikgur. Tukol mnto, wampung a kweiur kweiur a hrong hor knokg pa tukol ul pa, wa wel a hor kaino kwa pa.
44016022	Violence	Tu la nasen la tolpa plaln pa, tu wrong wail la ek hmpraken atn pa atn pa lawen la tolpa, pa tuwekg ntekg paitn. Wa tu melnum a ark atning yangkipm pa la nasi tu melnum pangklelek tiur pa la tolpa, tu nir hapm kai num a Pol ekg Sailas ti, om tu ak wanteng pa ak rkwawen.
44009013	Description	Ananaias akalmpe kai Wailen pa la tolpa, “Kupm atning a tu melnum wailet la kiti melnum ripa la tolpa, kil melnum a ntekg paitn uk wrongmnto tu wrong kinkpman wri wor alkitnen atn kinar Jerusalem pa.
