62003016	Faith	我 儕由 此 而 知 、 其 愛 乃 彼 為 我 等 捨己 命 、 而 我 儕亦 當 為 弟兄 捨命 、
43013001	Grace	葩斯 哈 節期 前 、 伊伊穌斯 知 其時 已 至 、 為 逝 此 世 就 父 、 既 愛 在 世屬 己者 、 至終 仍 愛 之 、
58003017	Sin	然 在 四十 年 間 、 向 誰 發怒 、 非 犯罪 者 而 屍仆於 曠野 者乎 、
60001014	Recommendation	爾等 如 孝順 之子 、 勿效 先 時 嗜慾 、 處在 爾等 之 無知者 、
45011032	Grace	蓋上 帝屏 籓衆 人 於 不順從 之中 、 乃 為 矜恤衆 人 耳 、
59004010	Recommendation	當 自謙卑 於 主前 、 則 彼 將 高舉 爾等 、
44017031	Grace	緣 此 立定 一 日 其間 欲公義 審判 天下 、 藉 其所預 立定 之人 、 乃 彼 由 死 中 使 之 復活者 、 賜衆 徵信 、
43019002	Description	兵卒 編棘 冠 、 冠 其 首 、 以 綘紫 袍 衣 之 、
54005014	Recommendation	故我 欲 年少 之 孀婦 、 再 嫁 生子 、 齊家 、 免 仇敵 得 機 毁謗 、
43014011	Faith	爾等 當信 我 、 我 在 父 、 父 在 我 、 否則 緣 其事 、 亦 當 信 我 、
58009026	Description	若然 、 則 彼 自 創世 以來 屢次 受 苦難 、 今彼 在 末世 一 次 顯現 以 己獻 為 祭 以 除滅 罪 、
44013018	Description	在 曠野 撫養 之 、 約 四十 年 、
46011033	Recommendation	吾 弟 兄乎 、 爾曹 聚食 之時 、 當 彼此 相待 、
58011035	Violence	有 婦受 其 死者 復活 、 有 人 受 酷刑 不 願 脫 免 之 、 為 得 更 善 之 復活 、
44016037	Violence	然葩韋泐 向 彼等 曰 、 我等 亦 羅馬人 、 未 定罪 、 當衆 前 杖且 下于 牢獄 、 今 欲 私 放出 我等乎 、 必 不 可 、 其 當 自來 引 我等出 、
45013009	Recommendation	蓋誡云 、 勿 行 邪淫 、 勿 殺人 、 勿 偷盜 、 勿妄證 、 勿 貪慾 、 及 其他 誡 、 皆 包括 在 此 一 言 之中 、 即愛爾 親隣如己 、
62003003	Faith	凡 在 彼懷 此 望 者 、 當自 潔淨 、 如 彼 潔淨 然 、
45007022	Faith	蓋 我 依 我 內 之 人 、 喜悅 上帝 之 法律 、
50004004	Recommendation	爾儕當 常 歡欣 於 主 、 我 又 言 爾曹 當 歡喜 、
58003018	Sin	彼 向 誰 發誓 不 可 入 其 安息耶 、 非 悖逆 者乎 、
43010008	Sin	凡 先 我 而 來者 、 竊盜 也 、 強盜 也 、 羊 不 聽之 、
60002018	Recommendation	奴僕 當 以 敬畏 順服 主人 、 不 第 良善 溫和者 、 雖 刻薄 者 亦然 、
44006013	Description	立誣妄 証者 、 曰 、 此人 出言 毀謗 此 聖所 、 與 法律 不已 、
47005018	Faith	一切 皆 由 上帝 、 其 藉 伊伊穌斯合 利斯托斯 使我 等於 己復 和 、 並 以 復和 之職授 我等矣 、
59005010	Recommendation	我 弟兄乎 、 當 以 因 主名 而 言之 諸 先知 、 為受 苦難 、 恒 忍 之 模範 、
44002021	Faith	凡呼籲 主名 者 、 必得 拯救 、
60003003	Recommendation	願 其 勿 好 外飾 、 編髮 、 戴 金 、 或 衣 美服 、
55001008	Faith	故爾 勿 以 吾 主 伊伊穌斯合 利斯托斯 之 見 証 、 及 我 為 彼 之 囚人 為恥 、 然賴 上帝 能力 為 合利 斯托斯 之 福音 與 我 共 受 苦難 、
43017019	Description	我 為 彼等 以 已 成 聖 、 使 彼等 以 真理 將成聖 、
45005002	Faith	我 儕又 賴 之 以 信 得 前進 于此 恩寵 、 乃 我 儕得 立于 其中 者 、 且 以 上帝 榮光 之 冀 望而誇 、
49005005	Sin	蓋此爾儕當知 、 凡姦 淫者 、 或汚穢者 、 或 貪婪 即 拜 偶像者 、 在 合利 斯托斯 及 上帝 之 國 無 得 嗣業 、
58011008	Faith	阿烏拉阿木信遵順 召命 、 以往 將來 為 嗣業 之地 、 而 往 自 不 知 其 何往 、
49005018	Recommendation	又 勿 醉酒 、 由 之 而 放蕩 、 乃 當 充滿 於 神 、
61002002	Sin	有多 人 將 從其 放蕩 、 致 真實 之 道 因之 受 謗讟 、
49002018	Faith	蓋 我 儕由彼 在 一 神 得 近於 父 、
44021025	Recommendation	至於 信者 列邦人 、 我 儕曾達書 酌定 似 此 者 、 使 伊 等 不 必 守 之 、 惟戒 祭 偶像 者 、 及 血 、 及 勒死者 、 及 姦淫 而已 、
44005003	Sin	撇特兒曰 、 阿那尼亞乎 、 何使薩 他 那 滿爾心 、 乃詐偽 聖 神 也 、 由 田疇 之價 中 藏匿 、
49004014	Recommendation	使我 儕不復 為 孩童 、 中人 詭譎 及 誘惑 之 巧 術 、 竟 被 凡 教 之 風 飄蕩 搖動 、
46006009	Sin	爾曹 豈 不 知 不義 者 不得嗣 上帝 之國 、 勿 自欺 也 、 凡 淫 行者 、 拜 偶像者 、 姦淫者 、 孌童 者 、 親 男色 者 、
58010025	Recommendation	勿 停止 聚會 、 效人 習俗 、 乃 當 互相 勸勉 、 視其 日 伊邇 、 更 當 如是 、
51003005	Sin	故 當 滅 死 爾等 屬地 之 肢體 、 即姦淫 、 汚穢 、 邪侈 、 惡慾 、 貪婪 、 即是 拜 偶像 也 、
52005008	Faith	然 我 儕為晝 之 子 、 當 以 信 與 愛 之 甲胄 、 與 拯救 盼望 之 胄衣 之 即 當 謹守 、
55001007	Grace	蓋上 帝 所 賜 我等 、 非 畏懼 之 神 、 乃 能力 及 仁愛 、 與 智慧 者 也 、
62002004	Sin	有 人 言 已 識 之 、 而 不 守 其 誡命 、 則 為 謊言 、 真實 不 在 其中 、
50002002	Faith	則 爾曹 當 充滿 我 之 歡喜 、 即 爾曹 當 同 一 意 、 同 一 愛 、 同 一 心 、 同 一 念 、
43007030	Description	彼等 尋求 執 之 、 因 其 時尚 未 至 、 故 無 人 措手 于 其身 、
54006018	Recommendation	使 彼等 行 恩惠者 富於 善事 、 厚道 好 交 、
43018030	Description	彼等 答 之 曰 、 彼 若 非行 惡者 、 則 我 等 不 解交 之 于爾 、
45014006	Faith	有 分別 日 者 、 為主 分別 、 不 分別 日 者 、 亦 為主 不 分別 、 食者 為主 而 食 、 因而 感謝 上帝 、 不 食者 亦 為主 而 不 食 、 亦 感謝 上帝 、
45012012	Recommendation	以 望而喜 、 遭難 以 忍 、 祈禱 以恒 、
44024023	Description	遂 命 百夫長 看守 葩韋泐 而 寬待 之 、 又 其 屬己 者 中 、 或 供 之 者 、 或 來 之 者 、 絕無 禁止 、
46013007	Description	包庇 一切 、 信服 一切 、 盼望 一切 、 忍耐 一切 、
47004013	Faith	我 儕亦 有 如此 之 信心 、 如 載者云 、 我 既 信 故 言 、 是 以 我 儕亦 信 而言 、
52005014	Recommendation	弟兄乎 、 我儕勸 爾等 、 妄行者 儆戒之 、 心 窄 者 勉勵 之 、 輭弱者 扶助 之 、 待衆 人 以 寬忍 、
48006016	Grace	凡遵 此 規而 行者 、 則 安和 與 慈 憐 必 予 之 、 且 予 上帝 之 伊斯 拉伊泐人 、 亦然 、
44018025	Faith	此 人 亦 受 主道 之 啟蒙 、 於 主 之事 有 熱心者 、 詳細 傳 吿教 訓人 、 但 知 伊 鄂昂 之 洗禮 而已 、
46010031	Recommendation	故 爾曹 或 食 或 飲 、 無論何 行 、 皆為 上帝 之 榮光 而行 、
62002027	Recommendation	爾等 已 由 彼得 受傅膏 存于 爾等衷 、 故 爾等 不 需 人 以 教訓 爾等 、 但 在 凡事 有 此 傅膏自 教訓 爾等 、 其 乃 真 而無偽 、 因 如 其所 教訓 爾等 、 則 爾等 當居 彼 內 、
59002026	Faith	蓋 如 身體 無 靈魂 則 死 、 如 信 無行 、 亦 為 死 也 、
44027035	Description	言 竞 、 取餅 、 當衆 前 感謝 上帝 、 擘而食之 、
44015020	Sin	惟當書 達 彼等 、 使之 戒 偶像 之 汚穢 、 及 姦淫 、 及 勒死者 、 及 血 、 凡 己所不欲 、 勿施于人 、
44023003	Sin	其時 葩韋泐曰 、 粉飾 之 牆歟 、 上帝 亦 必 擊爾 、 爾坐 、 為 依 法律 審判 我 、 乃 反 違 法律 命擊 我乎 、
45008001	Description	故今 在 合利 斯托斯伊伊穌斯 不 從 肉體 、 乃 從 神靈 而 行者 、 無一定 罪 矣 、
52005009	Grace	蓋上 帝 非定 我 等於 怒 、 乃 於 得救 、 由 吾 主 伊伊穌斯合 利斯托斯 也 、
46006011	Grace	爾等 中 曾 有 如此 者 、 然今賴 吾 主 伊伊穌斯合 利斯托斯 之 名 、 及 吾 上帝 之 神 、 被 洗滌 、 被 成聖 、 被 稱 義 、
55001012	Faith	因此 故 、 我 受 如此 之 苦難 、 總 不以為恥 、 蓋 我 知 我 所 信者 為何 、 且 確信 彼 能 保守 我 之 所付託 、 至於 其日 、
49006018	Faith	以 諸 祈禱 、 及 祝吿 、 時時 用 神靈 懇求 、 且 為 諸聖 、 專 此 儆醒 、 事事 忍耐 祈禱 、
52001001	Grace	葩韋泐 錫 魯昂 提摩 斐乙 書 達 在 上帝 父 及 主 伊伊穌斯合 利斯托斯居莎倫 之 教會 、 恩寵 安和 予 爾等 、 由 吾 上帝 父 、 及 主 伊伊穌斯合 利斯托斯哉 、
50004005	Faith	爾等 之 溫柔 、 當 使 衆人 皆知 、 主 已 近 矣 、
46011026	Faith	蓋爾曹 每 食 此 餅 、 及 飲此爵 、 皆 傳 示主 之死 、 直至彼 降臨 、
59005015	Faith	以 誠信 之 祈禱 、 可 拯救 患病者 、 主必 起 之 、 若 彼 素 作罪 亦 必 得 赦 、
55001003	Faith	我 由 吾 列祖 以 潔淨 良心 感謝 所 事奉 之 上帝 、 因我 晝夜 在 祈禱 間 記念 爾不絕 、
61002003	Sin	彼等 由 貪婪 中 以 取巧 飾之言 羅爾 等 、 審判 早已 為 之 定妥 、 彼等 之 滅亡 不寐 、
53002011	Sin	是以 上帝 即 任 彼等 迷謬 之 行為 、 致 彼等 信從 虛偽 、
45002024	Sin	蓋 上帝 之 名 緣 爾等 受 謗讟 于 列邦人 、 如 所 載者 也 、
55003008	Sin	如昔 伊昂尼乙 與 伊阿木烏利乙敵摩 伊 些 乙 、 若 輩 亦 如是 敵眞理 、 其人 壞 心術 昧於 信 、
45005001	Faith	是 以 我 儕藉吾 主 伊伊穌斯合 利斯托斯 既 由 信 稱為 義 、 則 我 儕得 與 上帝 安和 、
54004016	Recommendation	爾當慎 己 及 教道 、 當恒 居 之 、 蓋 如此 而行 自 必得 拯救 、 亦 拯救 聽爾者 、
44026011	Violence	又 在 諸會堂 、 我 屢屢 苦 害 彼等 、 強使 毀謗 伊伊穌斯 、 攻之益狂 、 窘逐 之 至 外城 、
48005019	Sin	肉體 之 行為 已經 顯著 、 即 姦淫 、 邪淫 、 汚穢 、 邪侈 、
46003007	Grace	故 種 者 、 灌者 、 無何 、 惟長 之 者 、 上帝 也 、
46001007	Faith	以至 爾曹 仰望 吾 主 伊伊穌斯合 利斯托斯 之 顯示 者於 諸 恩賜 一 無 缺乏 、
44010043	Faith	衆 先知 為 彼 作証 、 使 凡 信 之 者 因 其名 得罪 赦 、
45002007	Faith	凡以 忍耐 於 行善 、 求 榮光 尊貴 及 無朽者 、 則 報 之 以 永遠 之 生命 、
44019004	Faith	葩韋泐曰 、 伊鄂昂 以 悔改 之 洗禮 授洗 、 謂 民曰 、 當信 後 我 而 來者 、 此 即 合利 斯托斯 、 伊伊穌斯 、
61002009	Violence	然則 主知 拯救 虔誠 之 人 、 脫 于 誘惑 、 而 看守 不義者 、 待審 判 日 以 受刑 、
58011016	Grace	然 彼等 戀幕 更 善 之國 、 即 在 天者 、 故 上帝 自稱 彼等 之 上帝 、 不以為恥 、 蓋 為 之 備 城耳 、
54004007	Recommendation	卑陋 及 老婦 之 虛 談 、 爾當避 之 、 為 練習 虔敬 、
44010048	Description	乃 命 彼等 因 伊伊穌斯合 利斯托斯 之 名 受洗 、 其後 彼等 請 撇特兒 留居 數日 、
45002019	Grace	然 自信 為 瞽者 之 相 、 在 暗者 之光 、
62002025	Grace	此 乃 彼 親自 許 我 等 之 約 許 、 即 永遠 之 生命 也 、
59003017	Description	惟 由上 之 智慧 、 乃 先 潔淨 後 安和 、 溫良 柔順 、 充滿 慈憐 及 諸善之果 、 不 偏 視 、 不 偽善 、
43003035	Faith	父愛 子 而 將 一切 付其手 、
61003009	Grace	主非遲 行其 許約 、 或者 以為 其 遲 、 乃 寬 忍 我等 、 不 欲 有 一 人 滅亡 、 但 欲 衆 人 皆 至 悔改 也 、
46007007	Grace	蓋 我 願 人人 皆 如 我 、 但 人 由 上帝 各 受 其 恩賜 、 一 如此 、 一如彼 、
46014001	Recommendation	爾曹 追求 愛 德 、 切慕屬神 之 恩賜 、 最 要者 、 惟 言 預言 、
47004006	Grace	因昔 上帝 命光 由 暗 而 照 、 今照於 我 等 之心 、 為 顯 上帝 榮光 知識 之 輝 在 伊伊穌斯合 利斯托斯 之 面 、
44018024	Description	有 一 伊 屋 叠亞 人名 阿坡 羅斯 生 于 阿列桑德利亞 、 大有 口才 、 能 通 聖經者 、 來 至 耶斐斯 、
58013012	Grace	故合 利斯托斯 為 藉 己 血 成 全民 、 受苦難 亦 於 城外 、
56002015	Recommendation	爾當 以此 言 之 勸 之 、 且 以 諸權督 責 之 、 勿 使 人 輕視爾 、
62004009	Grace	為此 上帝 之 愛 已 顯現 于 我等 、 係上 帝遣 其 獨生子 降世 、 為 我 等 藉彼 而 得 生命 、
43017024	Grace	父歟 、 彼 所 賜 我 者 、 願 我 所在 、 而 彼等 亦偕我 在 、 使 爾等 見 、 爾所賜 我 之 榮光 、 因爾 創世 之先 、 已 愛 我 矣 、
45003016	Sin	在 其 途即 殘敗 與 菑害 、
58004014	Faith	故我 儕既 有 大 司祭 首 上帝 子 伊伊穌斯 經歷 諸 天 者 、 全 當 持 守 我 等 之 承認 、
61001017	Grace	蓋 彼 由 上帝 父 受 尊貴 及 榮光 、 自 極美 之 榮光 中 有聲 來臨 之 曰 、 此 乃 我 之 愛子 、 我 所 喜悅 者 也 、
46012011	Description	此 一切 同為 一 神 所 行 、 隨 己 所欲 而 頒予 各 人 、
44018017	Violence	衆 希臘人 執宰 會堂 者 莎斯風 、 在 審判廳 前仆之 、 戞梨翁 毫不 以 之 為 意 、
43010039	Violence	於是 彼等 復 尋求 以 執 之 、 彼脫其手 而 去 、
47004016	Faith	故我 儕 不倦 、 我等 之人 在 外者 雖 朽 壞 、 在內 者 日 日新 、
43012003	Description	瑪利亞 取 純良 至 貴 之 香膏 一 斤 、 傅伊伊穌斯 之 足 、 以 已 髮 拭其足 、 香膏 之 香氣 滿 室 、
58011009	Faith	阿烏拉阿木 由 信寓 在 許約 之 地 、 如 在 異鄉 、 居於 幕 中 、 乃偕伊薩阿克亞适烏 、 即 同 一 許 約之 嗣業者 、
50003017	Recommendation	弟兄乎 、 爾曹 當效 我 亦 當視 諸 遵行 我 之 模範 、
48006002	Recommendation	爾曹 當 互相 負荷 、 如此 則 盡 合 利斯托斯 之 法律 、
59002024	Faith	爾曹 由此 而 觀 、 人 得 稱為 義 、 非獨 由 信 、 乃 由 行 也 、
45009014	Faith	然則 我 儕何 以 言 也 、 上帝 豈 有 不義乎 、 非也 、
45014001	Recommendation	信 弱者 爾曹 當 納 之 、 切 毋 爭論 意見 、
49004026	Recommendation	發怒 而 勿 致 犯罪 、 勿 含怒 至日 沒時 、
60003009	Recommendation	勿 以 惡報 惡 、 或 以 詬報詬 、 反 為 福言 、 蓋 知 爾等 蒙召 、 為 福 言之嗣 也 、
43008029	Grace	遣我者偕 我 在 、 父 不 遣 我 獨 在 、 因我 常 行 其所悅者 、
49006014	Recommendation	是 以 爾儕 以 眞實 束爾腰 、 以 義 甲 為 衣 、
58002009	Grace	乃見 伊伊穌斯 少 遜於 諸 天神 、 因 其 受死 、 而 以 榮光 及 尊貴 得 冠冕 、 致於 彼由 上帝 恩寵 為 衆而嘗死 、
50002013	Grace	蓋上 帝 循 其 甘願 、 在 爾等 中 乃 行 所願 所為者 、
43015011	Grace	我 以此 吿 爾等 、 為 我 之 喜 居 爾等 、 而 爾等 之 喜 將 充足 、
54001001	Description	葩韋泐 為 伊伊穌斯合 利斯托斯 之 宗徒 、 奉上 帝 吾 拯救者 、 我 所 望 之主 、 伊伊穌斯合 利斯托斯命諭 、
54002009	Recommendation	女子 所 衣 亦 當 合儀 、 有 廉恥 、 有 貞節 、 勿 以 編髮 、 或 金銀 珍貴 之 衣 為 飾己 、
43002015	Violence	乃 以 繩 為 鞭 、 逐 其 衆出 殿 、 以及 羊 牛 散 兌 錢 者 之 金 、 又傾其案 、
49002010	Grace	蓋 我 儕為彼 之 造物 、 乃 在 合利 斯托斯伊伊穌斯 內 被 造者 、 以 行 善事 、 即 上帝 為 我 等 所 備行之者焉 、
60004012	Recommendation	所 愛 者歟 、 勿 奇異 在 爾等 中 有火 煉乃遣 為 試探 爾等 者 、 如與 爾等 遭 奇異之事 、
49006017	Recommendation	再取 拯救 之 兜鍪 、 與 神靈 之 劍 、 即 上帝 之言 、
44007024	Violence	見 一 人 受虐 則 保護 之 、 為 受虐 者 報仇 、 殺耶吉撇特人 、
53003013	Recommendation	弟兄乎 、 爾曹 行善 勿倦 、
46016013	Faith	爾曹 當 儆醒 、 卓立 於 信 、 剛勇 且 堅固 、
44007043	Sin	爾等 領受 摩羅霍瓦之幕 、 與 爾等 上帝 列 木芳 之 星 、 即 爾等 所 造 之 像 為 拜 之 者 、 我 將 徙爾 等于 瓦微隆外 、
53002015	Recommendation	弟兄乎 、 故 爾曹 當 堅立 持 守 遺傳 、 是 由 我 等 言 或 書 所 學者 、
47005005	Grace	誠 為此 造成 我 等之 上帝 、 其 亦 以 神之聘質 予 我等 、
54002011	Recommendation	女子 當習 學 靜默 順從 、
54005019	Recommendation	有 訟長 老者 、 非二三 人為 証 、 則 勿 受之 、
45016016	Recommendation	爾曹 亦以 聖吻禮 互相 問安 、 合利 斯托斯 之 諸 教會 、 皆 問 爾等安 、
62003001	Grace	試 觀 父 賜 我 等 何等 之 愛 、 使我 等得 稱為 上帝之子 必 也 、 世 不識 我等 、 所 因 不 識 彼 也 、
60005005	Recommendation	爾曹 為 少者 順服 長老 、 彼此 咸宜 順服 、 以 謙卑 為 衣衣 之 、 因 上帝 敵 驕傲者 、 而 賜 恩寵 予 謙卑者 、
45003004	Faith	非也 、 上帝 有 信實 、 凡人 為 虛偽 、 如 所 載者云 、 在 爾言 時成 義 、 在爾 審判 時 獲勝 、
44009014	Violence	在 此 彼由 諸 司祭 首領 有權 、 以 縛凡 呼籲爾名者 、
61002001	Sin	昔時 民間 有 偽 先知 、 如在 爾中亦 將 有 偽師 、 其 以 滅亡 之 異端 傳入 、 違背 救贖 彼等 之 君宰 、 速 自取 滅亡 、
43005018	Violence	緣 此 伊 屋叠亞人 更 尋求 以 殺 之 、 因 彼 不第犯 穌博特 、 且 言 上帝 為 其父 、 以 己 與 上帝 作 平等 也 、
46011002	Faith	弟兄乎 、 我誇許 爾等 、 因 爾曹 記憶 我 之一切 、 而 守 我 所 授 爾等 之 遺傳 、
44002025	Faith	蓋 達 微德指 之 曰 、 我 先見 主恒 在 我 面前 、 因 彼 在 我 右 、 使 我 不 致 震動 、
60001023	Grace	蓋爾 等 重生 非 由 可 壞 之 種 、 乃 由 不 可 壞 者 也 、 即 生活 上帝 存於 世世 之言 、
59005016	Recommendation	爾曹 當 彼此 認過 、 互相 祈禱 、 則 可 得愈 、 蓋 義人 切實 之 祈禱 、 甚 有 大力 、
43006047	Faith	阿民 、 阿民 、 我 吿 爾等 、 信 我 者 有 永遠 之 生命 、
43014018	Grace	我 不 遺棄 爾等 為 孤子 、 我 來就 爾等 、
45003002	Grace	依凡 情形 有所長 也 、 蓋 首 要者 、 乃 上帝 之言託付 之 矣 、
49006005	Recommendation	僕役 依 肉身 以 敬畏 戰慄 、 順從 其主 、 用爾 心 樸實 、 如 順從 合利 斯托斯 、
45002004	Grace	抑爾 藐視 其 慈憐 寬容 及 恒 忍乎 、 不 知 上帝 之 慈 憐 導引 爾以歸 悔改乎 、
62005014	Faith	我 儕若順其旨 而 有 何 求 、 彼 必 聽 我等 、 此 乃 我 等 在 彼 所有 之 勇毅 也 、
45015013	Faith	願 可望 之 上帝 將 爾曹 充滿 諸 喜樂 及 安和 由 信 、 使 爾等 餘裕 于 冀望 、 藉聖 神 之 能力 也 、
43019041	Description	在 伊伊穌斯釘于 十字架 之 處 有 園 、 園中 有 新 墓 、 從未 葬人 、
45012020	Recommendation	是 以 爾之 仇敵 若 饑則飼之 、 渴 則 飲 之 、 蓋爾 等 如是 行者 、 則 如以 熱炭 攢聚 於其首 、
51003016	Recommendation	合 利斯托斯 之 言 豐於 諸 睿智 居於 爾等 中 、 是 以 爾等 亦相教 相勸化 、 以 聖詠 歌頌 屬 神 之 詩賦 由 爾等 心中 感恩 讚頌 主 、
51003019	Recommendation	夫歟 、 爾曹 當 愛爾婦 、 勿 待 之 苛虐 、
54005016	Recommendation	若信男 、 或 信女 、 家有 孀婦 、 則 當 自 供養 之 、 免 累及 教會 、 使 彼 能 得 供給 、 惟 真 孀婦 、
62005011	Grace	此 証即 上帝 所 賜 我等 永遠 之 生命 、 而 此 生命 在 其 子 也 、
62005012	Faith	有 上帝 子者 則 有 生命 、 無上 帝 子者 則 無生命 、
43008036	Grace	故 若 子 釋 爾等 為 自由 者 、 爾等 誠成 自由 者 、
49003013	Faith	故我 求 爾曹 勿 由 我 為 爾等 受苦難 而 冷淡 、 緣 為 爾等 榮光 也 、
45016018	Sin	蓋 此 者 所 事 非 吾 主 伊伊穌斯合 利斯托斯 、 乃 事 己 之 肚 腹 、 以 巧言 及 媚語 誘惑 樸實者 之心 、
45001029	Sin	彼等 充滿 諸 不義 、 姦淫 、 凶惡 、 貪婪 、 毒狠 、 盈滿 嫉妬 、 凶殺 、 爭闘 、 詭詐 、 刻薄 、
55001014	Recommendation	藉 居於 我 等中 之 聖 神 、 更 當 守 美 善 委託 、
48006008	Faith	種 於 肉者 、 則 由 肉 而獲 朽敗 、 種 於 神者 、 則 由 神 而 穫 永生 、
46010009	Recommendation	亦 勿 試探 合利 斯托斯 、 如 其中 有人 試探 之 、 而 被 蛇 所 滅 、
46013005	Recommendation	不妄行 、 不 求 利己 、 不 發怒 、 不 念 惡 、
43015022	Sin	若 我 未來 與 之言 、 則 彼等 無罪 、 然今彼 等于 其罪 無可辭 、
51004005	Recommendation	又 向 外人 乘其 時機 當行 以 智慧 、
45006006	Faith	因我 儕知 我 等 〔 曹少 〕 舊 之 人 與 之 同 釘 于 十字架 、 以 滅 罪身 、 使我 等 不復 為 罪 所 役 、
62003010	Sin	上帝 之子 、 與 魔鬼 之 子 、 由此 而 顯明 、 凡 行 不義者 、 非 由 上帝 、 不 愛 其 兄弟 者 亦然 、
45008007	Sin	緣 肉體 之 思念 對 上帝 為 仇 、 蓋 不 順服 上帝 之 法律 、 亦 不 能 也 、
44002026	Faith	緣 此 我 心 喜悅 、 我舌 快樂 、 我 肉體 安厝于 盼望 中 、
46010020	Sin	非也 、 但 列 邦 人 所 献 之 祭 、 祭 魔鬼 、 非 祭 上帝 、 我 不 欲 爾等 有分 於 魔鬼 、
44013001	Description	昂提鄂 吸亞 教會 中 、 有 先知 及 教師 數 人 、 即瓦兒 那 瓦 、 稱尼碣兒 之 錫哶翁 、 及乞 利湼亞人 魯乞乙 、 及 分封 王 伊 羅德 同學 之 瑪那伊泐 與 薩烏泐 、
49005006	Recommendation	無論 何 人 勿 以 虛言 誘 爾等 、 蓋 緣 此 等 之故 、 上帝 之 怒 臨於 悖逆 之 子 、
56001011	Sin	其口 當 拑閉 、 彼等 因 汚利 之 故 、 教 所 不當者 、 而 傾覆 全家 、
43013011	Sin	蓋 知 將 賣 之 者 、 緣 此 、 言 爾等 非盡皆潔者 也 、
43010001	Sin	阿民 、 阿民 、 我 吿 爾等 、 入 羊圈 不由 其 門 而由 他處 踰者 、 乃 竊盜 也 、 強盜 也 、
61002015	Sin	彼等 離 正道 而 入 迷途 、 從 沃莎 兒子 瓦剌 阿木 之 道 、 即 愛 不義 之 利者 、
44014005	Violence	迨異邦人 及 伊屋叠亞人 與其 有司 擁擠 為 淩辱 彼等 、 以 石擊 之時 、
43021017	Description	又 第三 次 向 之 曰 、 伊鄂 那 之 子 錫 孟歟 、 爾愛我乎 、 撇特兒 因 第三 次 問爾 愛 我乎 、 憂而語 之 曰 、 主歟 、 爾無所不知 、 知 我 愛爾 、 伊伊穌 斯語 之 曰 、 牧 我 之 羊 、
51003014	Recommendation	在此 諸事 上當 衣以愛 、 乃 為 全備 之 網領 、
43012023	Description	伊伊穌斯 答 之 曰 、 時至矣 、 為 人子 受 榮光 、
45002022	Sin	爾傳勿 竊 、 而 自 竊乎 、 爾言勿 姦淫 、 而 自 姦淫乎 、 爾惡 偶像 而 竊殿物乎 、
45007008	Sin	罪 藉 誡命 而 乘機 、 生諸 貪慾 於 我 內 、 蓋 無 法律 則 罪 死 也 、
44026017	Grace	今 我 拯救 爾脫伊屋叠亞民 、 及 異邦人 、 而今 我 遣爾往 就 之 、
56003003	Sin	昔我儕亦 為 無知者 、 不順者 、 迷惑者 、 嗜慾 及 佚樂 之 奴僕 、 處於 怨恨 及 嫉妬 、 為 可 惡者 、 而 互相 厭惡 、
54005021	Recommendation	我 在 上帝 及 主伊伊穌斯合 利斯托斯 並 被選 之 諸 天神 前 、 誡命 爾守 此 無 成見 毫 不 偏視 、
58010035	Recommendation	故 爾曹 勿失 勇敢 、 此 有 大 賞賜 也 、
46004002	Faith	所求 于家宰者 、 惟 欲 其 忠 也 、
44009043	Description	彼 在 伊鄂皮亞居皮 工錫孟 家 有 多日 、
46003016	Grace	豈不知 爾曹 乃 上帝 之 殿 、 而 上帝 之 神 居 爾等 中乎 、
58010019	Faith	弟兄乎 、 我 既 藉 伊伊穌斯合 利斯托斯 之 血 得 敢 勇 以 入於 聖所 、 是 由 重新 生活 之 途 、
43008021	Sin	伊伊穌斯復謂 彼等 曰 、 我 往 、 爾等 將 尋求 我 、 而 爾等 將 死于 爾等 罪中 、 我 往 之 所 、 爾等 不 能 來 、
51003012	Recommendation	故 爾曹 既為 上帝 所選 、 聖潔 蒙愛者 、 則 當 衣 以 慈悲 、 仁愛 、 謙遜 、 溫柔 、 恒恆忍 、
43012026	Faith	人 若 事 奉 我 必 從 我 、 我 所在 、 事 我 者 亦 在 、 人 若 事 奉 我 、 我 父 必 貴 之 、
54003004	Description	善於 齊家 、 教子 女 端莊 順服 、
52005011	Recommendation	彼此 當 勸慰 、 互相 建德 、 如 爾曹 已經 行者 、
62003011	Recommendation	蓋 此 乃爾 等 自始 所聞 之 命 、 使我 儕相愛 、
46007026	Recommendation	因今 時 之 危難 、 人居 素有 則 為善 、 我以為 美 、
43003001	Description	發利 些 乙 中 有 人 名 尼適 底木 、 為 伊 屋叠亞之宰 、
59002025	Description	如 妓女 拉阿烏納偵 使者 、 引 之 由 他 路 而 歸 、 非 由 行 而得 稱為 義乎 、
54002015	Faith	然 其 若 恒 居於 信 、 於 愛 、 於 聖潔 、 於 貞節 、 則 必 因 產子 而 得 拯救 、
44013017	Grace	此 民 之 上帝 選 吾 列祖 、 及 舉拔其民 在 旅 寓于 耶吉撇特 時 、 以 高 舉止 臂引 彼等 由之 出 、
44015008	Grace	知心 者 上帝 、 為 彼等 作証 、 賜之聖神如 我等然 、
59002011	Sin	蓋 言 勿 行 邪淫 、 亦 言 勿 殺人 、 若爾 未行 邪淫 而 殺人 、 則 亦 為 犯法者 、
43010028	Grace	我 將 賜 之以 永遠 之 生命 、 永不 滅亡 、 無能 奪 之 于 我 手 、
45016020	Grace	安和 之上帝 、 彼速 使薩 他 那 顛倒于 爾等 足下 、 吾 主 伊伊穌斯合 利斯托斯 之 恩寵 、 偕爾 等 在 焉 、 阿民 、
55003005	Sin	有 虔敬 之 貌 、 而 棄 其 實力 者 、 若 此 者 爾當 遠避 之 、
45012005	Description	亦 如是 、 我衆而 在 合利 斯托斯 內 為 一 身 、 各 相 為 肢體 、
56003008	Faith	此言 可信 、 小子 提 特乎 、 我欲爾 以此 確証 使 信上 帝 者務 行 善事 、 此 為 美 、 有益於 人 、
59002023	Faith	為 應 聖經 所載者云 、 阿烏拉 阿木信 上帝 、 而 此 歸 其 為 義 、 且 稱為 上帝 之友 、
59002001	Faith	我 弟兄乎 、 爾曹 當信 吾 榮光 之 主 伊伊穌斯合 利斯托斯 、 勿 以外 貌取 人 、
45003013	Sin	其喉 如 開啟 之墓 、 其 舌施 詭詐 、 其 唇 藏 蝮毒 、
49005028	Recommendation	是 以 夫當 愛 己婦 如 己身 、 愛 己 婦者 即 愛 己 、
45009030	Faith	然則 我 儕何 以 言 也 、 列 異人 不 追求 義 而 得 義 、 即由 信 之為義 、
54003009	Faith	保守 信教 之 奧義 於 潔淨 之 良心 、
54006002	Recommendation	若為 信教者 、 勿 因 其為 弟兄 、 即 藐視 之 、 當服 事 之 愈 勤 、 因受 其善 服事 、 是 為 信教 及 所 愛 者 、 爾當 以此 教訓 勸誠 、 為 偽 教
45003003	Faith	其中 有 不 信者 、 則 何歟 、 豈 彼等 之 不 信 能 廢 上帝 之 信乎 、
43019034	Violence	兵卒 中 有 一 以 槍刺 其脋 、 血 與 水 遂 流出 、
43015012	Recommendation	爾當 相愛 、 如 我 愛 爾等 、 此 乃 我 之 誡命 也 、
45006013	Recommendation	亦 勿 以 爾等 之 肢體 獻於 罪 為 不義 之 器 、 乃獻己 於 上帝 、 如 由 死 復活者 、 以 爾等 之 肢體 獻予 上帝 為 義 之 器 、
58010039	Faith	然 我 儕非屬 退後 為 沉淪 者 、 乃 屬 信為 靈魂 得 拯救者 也 、
45011026	Grace	如 所載者云 、 拯救者 由 錫翁 而 來 、 退亞适烏之不虔 、
52002015	Violence	乃 殺 主 伊伊穌斯 、 及其 諸 先知 、 又 逐出 我等 、 且不 取悅於 上帝 、 並 與 衆人 為敵 、
58010026	Sin	盖 我 儕若 得 其 理 之 知識 後 、 縱意 犯罪 、 則 無 復 有 贖罪 之 祭 、
49002006	Grace	又 偕彼 復活 、 而 藉合 利斯托斯伊伊穌斯 同 坐 於天 、
49004025	Recommendation	故 爾曹 當 去 妄誕 、 各向 其 親隣言眞實 、 因 我 衆 互相 為 肢體 、
48002005	Faith	然 我 儕未嘗 一時 容讓 服之 、 使 福音 之 眞理 、 恒 存於 爾等 中 、
46014013	Recommendation	是 以 言 方言 者 當 祈禱 、 為 譯解 之 、
44009001	Violence	薩烏泐 仍 以 恐喝 凶殺 向 主 之 門徒 出氣 、
43017013	Description	今 我 往 就爾 、 我 在 世 言 此 、 為 彼等 有 我 之 喜 樂于 內 、 盈滿 者 、
60004013	Recommendation	惟 爾曹 當 喜樂 、 因 與 合利 斯托斯 共 受 苦難 、 克 使 爾等 于 榮光 顯現 之時 、 亦 可 歡喜 踴躍 也 、
44011006	Description	我 注目 視之 、 見 內 有 地上 之 四 足 牲畜 、 野獸 、 昆蟲 、 及 天空 之 飛鳥 、
51003008	Recommendation	今 爾曹 亦 當 去 此 一切 、 即 忿怒 、 恚憾 、 怨恨 、 謗讟 、 口出 淫詞 、
44018003	Description	以其 同業者 、 即偕 彼等 作工 、 蓋 彼等 乃 製幕 為 業者 也 、
45006012	Sin	免罪 在 爾等 之 死 身 而 為王 、 致 爾等 徇其情 慾 、
53003012	Recommendation	如此 之人 我 儕以吾 主 伊伊穌斯合 利斯 托 斯命 、 且 勸 之 、 當 安靜 操作 、 食 己 之 餅 、
44007009	Sin	宗祖 嫉妬伊 鄂錫福 、 將 彼 賣 于耶吉撇特國 、 然 上帝 偕之 、
44011028	Description	其中 有 一 人 名 阿戞烏起 、 藉聖神徵 普天下 將 有 大 饑饉 、 當 克剌烏底亞楷薩 兒時 、 其 果 有 之 、
44020036	Description	言此畢 、 彼屈 其 膝同 衆 祈禱 、
48005024	Faith	凡屬 合利 斯托斯者 以 肉體 與 其情 其 欲 釘在 十字架 、
59001002	Recommendation	我 弟兄乎 、 爾等 陷于 種種 試誘 之時 、 當 以為 歡樂 、
62001006	Sin	我 儕若言偕彼 有 共 與 、 而 仍 履于暗 、 則 為 謊言 、 且不遵 真實 、
44010011	Description	見天 開 、 有 器 降 于 其 前 、 狀如 大袱 、 垂四角 下縋于 地 、
44002009	Description	吾葩兒福 、 密底亞 、 耶刺密 他人 、 居哶莎 坡 他 密亞 、 伊屋叠亞 、 喀葩多乞亞 、 彭特阿濟亞者 、
51001010	Faith	使 爾曹 堪行 符主 之 凡 所 悅 者 、 在 諸 善事 結果 、 且 長進 於 上帝 之 知識 、
54001018	Recommendation	吾 子 提摩 斐乙乎 、 按 昔有 預言 至爾 、 即 以此 命 託付於爾 、 俾爾符此 、 以 善戰 而 作戰 、
49002001	Grace	昔爾曹 緣 爾等 之 罪惡 愆尤 死者 、
46010021	Sin	致 爾曹 不 能 飲主之爵 、 及 魔鬼 之 爵 、 亦 不能分 受主 之 筵席 、 及 魔鬼 之 筵席 、
49005003	Recommendation	凡 姦淫 、 及 諸汚穢 、 與 貪婪 於 爾等 中 、 言之 亦 不 可 、 如 聖徒 所宜 、
56001015	Sin	於是 為 潔者 無 有 不潔 、 為 汚者 及 不信者 一無所潔 、 乃 彼等 之 知識 及 良心 被 汚矣 、
44009021	Description	凡 聞者 皆 奇異 曰 、 此 非 在 耶魯 薩利木 殘害 呼籲 斯 名 者乎 、 今來 至此 、 非為縛 之 拽 就 司祭 首乎 、
58008006	Description	今 彼 所得 更 善 之 職事 、 總因彼 為 在 尤善許 約 中 所 例定 極美 約之 中保 、
50001021	Faith	蓋 我 生為 合利 斯托斯 、 死 則 獲益 、
50001006	Faith	我 深信 於 爾等 中 始 作 善工者 、 必 成 之 、 直 至 伊伊穌斯合 利斯 托 斯 之 日 、
62005020	Faith	我儕知 上帝 之 子 來 、 而 以 智慧 賜 我等 、 使我 等 識真者 、 為 我 等 居 在 真 者 內 、 及 在 其 子伊伊穌斯合 利斯 托 斯 內 、 此 乃 真 上帝 、 及 永遠 之 生命 也 、
45012018	Recommendation	在 爾等 中間 若 有 能者 、 則 可 與 衆人 處 安和 、
58010023	Faith	我 儕當 持 守 堅固 之 望 、 不移 之 承認 、 蓋許 約者 誠信 也 、
43014027	Grace	我 以 安和 遺 爾等 、 我 之 安和 予 爾等 、 我 所 予 爾等者 、 非 若 世 之所予 、 爾等 之 心 勿 慌擾 、 勿 驚懼 、
47005006	Faith	故我 儕恒勇 、 且知 已 居於 身 、 必 離 於 主 、
43012047	Grace	若 誰 聞 我 言而不信 、 我 不 審判 之 、 因我 來非 為 審判 世 、 乃 為 拯救世 、
62003012	Sin	勿 學 喀英 、 乃 屬 凶惡者 、 而 殺 其 弟 、 殺 之 何故 、 因 其事 屬 凶惡 、 而 其 弟者 屬義 、
58011012	Description	故 由 一 人 、 雖 如 死者 而 生育 、 蕃衍 如 天 星 之 多 、 如 海邊 沙 之 無數 、
54001017	Faith	尊敬 及 榮光 歸於 不 可 壞 不 可 見 萬 世 之 君 、 獨 一 睿智 之 上帝 於世世 、 阿民 、
44006001	Description	當 其日 、 門徒 加增 、 希臘 僑寓者 向 耶烏雷乙 人 有 怨言 、 因 其 孀婦 于 日日 之 施濟 、 被 輕視 故 也 、
60002021	Grace	蓋爾曹 見 召 、 即為 此 也 、 因 合 利斯托斯 亦 為 我 等 受苦難 、 予 我 等 遺留 模範 、 使我 等 隨其跡 、
53003010	Recommendation	蓋 我 儕在 爾等 中 之時 、 以 此 命 爾等 、 人 若 不 願 操作 、 則 不 可食 、
43003016	Grace	蓋上 帝 如此 愛世 、 直 至 賜 其 獨生子 、 免 凡 信 之 者 于 滅亡 、 惟有 永遠 之 生命 、
44019015	Description	邪神 對 之 曰 、 伊伊穌斯 我 知 之 、 葩韋泐 亦 識 之 、 然爾曹 誰耶 、
44027002	Description	我儕欲 駛過 阿錫亞 之地 、 遂 登 阿德拉 密特 之 舟 開往 、 與 我 等同 行者 、 有莎倫之瑪楷多尼亞人 、 名 阿 列克 桑德兒 、
58013003	Recommendation	爾曹 當 記念 被 囚者 、 如 爾曹偕 彼等 同囚 、 當念 受苦 難者 、 如在 爾等 本身 、 信服 合利 斯托斯 及 順從 教師 ［ ＃ ］ 別 之言
51003017	Recommendation	凡 無論 所為 、 所言 、 所 行 、 皆 當 因 主伊伊穌斯合 利斯托斯 之 名 行 之 、 藉彼 感謝 上帝 父 、
48006006	Recommendation	受 教者 當 以 其 所有 分 施教者 、
44007005	Description	在 此 未 賜 之 嗣業 及 一 步 之 地 、 約 許以 之 賜彼 、 及其 後裔 為業 、 時彼 尚 未 有 子 、
44007019	Description	彼惡 謀 吾 族 、 困苦 我 列祖 、 使 棄 其 男孩 、 不 許 存活 、
43020003	Description	撇特兒 與 他 門徒 、 遂 出 、 亦 往 就 墓 、
44024016	Faith	於是 我 自勉力 對 上帝 對 世人 常 存 不 虧 之 良心 、
65001013	Description	乃 海 之 狂 狼 、 自 起 汚沫 、 乃 流蕩 之 星 、 有 永遠 幽暗 之 冥 、 為 之 而 存守 、
48001012	Description	蓋 我 所 受 非由人 、 亦 未 學之 、 乃 由 伊伊穌斯合 利斯托斯 之 默示 、
45007005	Sin	蓋 我 儕於 肉體 之時 、 罪惡 之 慾 藉 法律 所 顯者 動乎 四體 、 以致 為 死 結果 、
54002007	Faith	我 為之 立為 傳教者 及 宗徒 、 我 在 合利 斯托斯 言 真實 而無謊 、 我 為 列邦 人之 教師 、 於 信德 於 真理 、
62003024	Faith	守 其 誡命 者 居于 彼 、 而 彼 亦 居 之 、 彼居 我 等內 、 我儕乃 由 所 賜 我 等 之 聖神 而 知 之 也 、
46010024	Recommendation	凡人 勿 求 己益 、 乃 各 當 求人益 、
45012016	Recommendation	彼此 同意 、 心志 勿 高 、 乃 順從 謙卑 、 勿 自恃 為智 、
49004031	Recommendation	凡 苦 很 、 恚憾 、 忿怒 、 諠譟 、 謗讟 、 及 凡 毒 惡 皆 當 去 之 於 爾等 中 、
51001025	Faith	為 之 我 作 執事 、 是 循 上帝 定制 、 即 因 爾等 所 賜 我 者 、 為 盡 傳 上帝 言 耳 、
47004015	Grace	蓋 一切 皆 為 爾等 、 使 豐餘 之 恩寵 藉 多 人 感謝 、 致 溢出 上帝 之 榮光 、
43006056	Faith	食 我 體及 飲我血者 、 則 彼 在 我 、 我 亦在彼 、
43011027	Faith	其曰 、 誠哉 主歟 、 我信爾乃合 利斯托斯 上帝 之子 來 于世者 、
44002042	Faith	彼等 居守宗徒 之 教訓 、 交際 、 及 擘餅 、 與 祈禱 、
58001009	Grace	爾愛義德 而 惡不法 、 故爾 之 上帝 以 喜油傅爾 上帝歟 、 勝於 爾之同侶 、
44012002	Violence	以 劍 殺 伊 鄂昂之兄亞適烏 、
55002016	Recommendation	汚穢 之 虛誕 爾當避 之 、 由此 使不虔 之 事 愈 增 、
62003015	Sin	凡 憎惡 弟兄者 、 乃 為 殺人者 、 爾曹 知凡 殺人者 、 其內 無 永遠 之 生命 、
43021015	Faith	彼等 食 之時 、 伊伊穌斯 向 錫孟撇特兒曰 、 伊鄂 那 之 子 錫 孟歟 、 爾愛 我 過于此衆乎 、 其語 之 曰 、 主歟 、 然也 、 爾知 我愛爾 、 彼 向 之 曰 、 牧我之羔 、
46012008	Grace	蓋 於 彼賜 智慧 言 由 神 、 於 他 知識 言 、 因 同 一 神 、
44007013	Description	再遣 之時 、 伊 鄂錫福 使 弟兄 識己 、 且 伊 鄂錫福 之 族 被 發拉翁 所知 、
60003010	Recommendation	蓋 凡 愛 生命 見 善 德 日 者 、 則 當 止其舌 于 惡 、
44004032	Description	信 之 衆庶 一 心 一 靈 、 無 一 人 謂 其 所有者 屬己 、 乃 以 所有者 悉 為 公用 、
46015003	Grace	昔我 以 所 受者 初授 爾等 、 即 合 利斯托斯 為 我 等 之罪 而 死 、 如 經 所 載 、
44013048	Faith	異邦人 聞此 歡喜 、 榮光 主 之言 、 凡 預定 為 永遠 之 生命 者 皆 信焉 、
50004009	Recommendation	爾曹 所學 、 所 受 、 所聞 、 所 見於 我 者 、 皆 當 行 之 、 則 安和 之上 帝 必偕 爾等 在 焉 、
53003015	Recommendation	然勿 視 之 如 仇敵 、 當 勸 之 如 弟兄 、
51002008	Recommendation	弟兄乎 爾曹 當愼 、 勿 為 人 以 理學 空術 所 誘 、 如 爾等 循 人 遺傳 、 世 之 元 行 、 非遵合 利斯托斯 也 、
50003014	Faith	向標 準直 趨 、 欲得 於 伊伊穌斯合 利斯托斯 由 上帝 召 之 褒賞 、
56002014	Faith	彼 為 我 等 捨己 、 以 救贖 我 等 脫 於凡 不 信 、 又 潔淨 我 等 為 其 所選 之 民 、 熱心 為 善事者 、
43005024	Faith	阿民 、 阿民 、 我 吿 爾等 、 聽我 言 而 信遣 我 者 得 永遠 之 生命 、 不 來 受 審判 、 乃 出 死 移入 生命 、
50003019	Sin	其終 即 滅亡 、 其 上帝 乃 肚 腹 、 共 以 辱 為 己 榮 、 彼等 所思者 屬地 也 、
54003006	Sin	但 非 新進 教者 恐 其 自高 、 陷於 魔鬼 之 罪 、 而 與 之 同刑 、
65001003	Recommendation	所 愛 者歟 、 我 既 慇懃 以 書 達 爾等 、 為 我 等 共 得 之 拯救 、 可 見於 我 書 內 必 當 勸 爾等 、 使 爾等 為 信教 竭力 、 即 始終 傳授 於 聖徒者 、
44004002	Description	慍彼等 教訓 民及 引伊伊穌斯 、 傳 亡人 復活 之故 、
43004046	Description	伊伊穌斯 復來 戞利 列亞 之 喀那 、 即 先 從 水 作 酒 之 處 、 在 喀撇兒 那 屋木 有 一 王 之 臣 、 其 子 病 、
45012011	Recommendation	以 殷勤 勿 怠惰 、 居心 則 熱 、 且 事 奉主 、
60001008	Faith	爾曹 雖 未 見 伊伊穌斯 而 愛 之 、 今 仍 未 見之 、 而已 信之 、 乃 以 不 可 言 榮光 之 喜 而 喜 耳 、
62004013	Grace	彼 由 其 神賜 我等 、 則 我 等 由此 而 知 居于 彼 內 、 彼 亦 居 我 等內 、
43019029	Description	在 彼置器 盛 滿 醋 、 有 人 以 海絨蘸 滿 醋 、 朿 以 牛膝草 遞至其口 、
51001013	Grace	彼拯 我 等於 黑暗 之 權 、 而 遷於 其所 愛子 之 國 、
45016017	Recommendation	弟兄乎 、 爾等 中 有 人 起 分 爭 及 為 誘惑者 、 以 反 爾等 所學 之 教 、 我 勸 求 爾等 宜愼 防 之 、 且躱避之 、
45012007	Recommendation	或 事奉 、 則 處在 事奉 、 或 教訓 、 則 處在 教訓 、
43016023	Faith	阿民 、 阿民 、 我 吿 爾等 、 凡爾 等 因我 名 所求 于 父 者 、 彼 將 賜 爾等 、
59004017	Sin	故知 行善 而 不 行者 、 即為 有罪 、
47005002	Faith	我 等 處 此 而 嘆息 願 以 吾 在 天之屋為衣 、
48006004	Recommendation	各 當 省察 、 如是 則 其所 誇者 、 不 在 他人 、
46007036	Recommendation	若 人為 其 處女 思 不合宜 、 在 其 年 已 及 實 之時 、 而 如是 居守 、 則 隨意 而行 、 嫁 之 無罪 、
43016002	Violence	人 將 逐 爾等 出 會堂 、 且 時 將至 、 凡 殺 爾等 者必 以 此 為 事奉 上帝 、
43018023	Description	伊伊穌斯 答 之 曰 、 我 言 若 惡 、 則 作証 其 惡 、 若 善 何 批 我乎 、
50004003	Recommendation	爾為 我 眞實 之 侶 、 我求爾 扶助 之 、 因 彼等 偕我 竭力 傳 福音 、 與 克梨門特 、 其餘 偕 我 同 勞者 、 其名 被 錄於 生命 冊 、
45006002	Sin	我 儕為 罪 而 死 、 豈可 又 於 其中 而生乎 、
48004030	Recommendation	聖經 何云 、 當 將 婢及 其 子 逐出 、 蓋婢 之子 不 得 與 自 主婦 之 子 共 嗣業 焉 、
54006009	Sin	圖 富有者 陷於 誘惑 網羅 、 與 無知 有害 之 多 慾 中 、 即 溺 人 於 沉淪 及 滅亡 者 也 、 教訓 提摩 斐乙
46008003	Faith	人 能 若 愛 上帝 、 此 人為 彼 所 識 、
45003009	Sin	然則 何歟 、 我儕 有 強 勝乎 、 毫 無 也 、 蓋 我 儕 預先 指証 伊 屋叠亞人 及 希臘人 皆 伏罪 下 、
44007041	Sin	當 其時 、 乃 造 犢像 、 獻祭 于 像 前 、 且 歡喜 于 其 手 之 事 、
47005011	Faith	我 儕既 知 主 可畏 、 則 勸勉 人 、 惟 我 等 顯明 於 上帝 前 、 又 望 顯明 、 於 爾等 之 良心 、
49002003	Sin	昔我儕亦 皆 在 其中 、 縱 我 等 肉體 之 慾 、 行 我 等 肉體 及 意念 之 所欲 、 且 依 本性 為 屬怒 之子 、 與 他人 無異 、
44002040	Recommendation	彼 又 以 他 多言 作証 、 而 勸 之 曰 、 當 自救 由此 邪世 、
45008013	Faith	蓋爾曹 若徇 肉體 而 生 、 則 必死 、 若以 神靈 滅 死 肉體 之 行為 、 則 必 生 、
45010011	Faith	因 聖經云 、 凡 信 之 者 必不致於 羞恥 、
45001008	Faith	首先 我 賴伊伊穌斯合 利斯托斯 為 爾衆 感謝 吾 上帝 、 因 爾等 之 信 傳揚 于 普世 、
52001004	Faith	且 所 愛 之 弟 兄乎 、 我 知 爾等 為 上帝 所 選者 、
60004008	Recommendation	最 要 篤於 相愛 、 蓋 愛 掩蔽 多 罪 、
44027001	Description	既 擬定 使 我等 開 駛往 伊 他 利亞 、 遂 將 葩韋泐 及 他 囚數 人 、 交付 阿烏固斯特隊 之 一百夫長 、 名油梨乙 、
60002002	Faith	如 甫生 之 嬰孩 、 當 愛 靈 明 純良 之 乳 、 為 爾等 由之 生長 、 以 得 拯救 、
59001027	Faith	蓋 在 上帝 及 父 之前 、 純潔 與 無玷 之 虔誠 、 即顧瞻 孤寡 于 其 患難 之際 、 且 在 世 自守 、 不 為 世俗 所 汚 、
51002004	Recommendation	我 言 此 恐 有 人 以 巧言 迷惑 爾等 、
44007058	Violence	拽 之 出 城外 、 以 石擊 之 、 作証者 解 其 衣 置于 少者 足下 、 名薩烏泐 、
45015011	Faith	又 萬 列 邦乎 、 當 讚美 主哉 、 萬民乎 、 讚揚 之哉 、
45011036	Faith	因 萬 有 由之 、 藉 之 、 屬之 、 願 榮光 歸 之 、 至于 世世 、 阿民 、
43001029	Faith	明日 伊鄂昂見伊伊穌斯 來就 己 乃 曰 、 顧 、 上帝 之羔 、 負世 之罪 者 、
58011031	Description	妓女 拉阿烏由信 以 平安 接納 偵探 、 而 送 彼等 於 他 路 、 故 不 與 不 信者 偕亡 、
43010010	Grace	竊盜 來 特為 偷 、 為 殺 、 為 滅 、 我 來 為 其 有 生命 、 而 有餘 、
50003020	Faith	惟 我 之 國 在 天 、 我儕待 拯救者 、 吾 主 伊伊穌斯合 利斯托斯 由 彼 而 來 、
45015007	Recommendation	故 爾曹 當 互相 接納 、 如 合 利斯托斯 以 上帝 之 榮光 接納 爾等 、
44021024	Recommendation	爾携 此 人 同行 潔禮 、 代為 捐 費 、 俾得 剪髮 、 如此 、 則 衆知 前 所聞于爾者 、 歸于 烏有 、 乃爾自 亦遵 法律 而行 之 也 、
45004012	Faith	亦 為受 割禮 者 之父 、 不 獨 為 受 割禮 者 、 乃 為 依 吾 祖 阿 烏拉阿木 在 未受 割禮 時 信德 之跡 而 行者 、
44001026	Description	予 彼等鬮 、 鬮落于 瑪特肥亞 、 遂 與 十一 宗 徒同列 、
45004007	Grace	又 云 、 福哉 、 其 不法 得 赦 、 其 罪惡 蒙 飾者 、
59004009	Recommendation	當 自 悲哀 痛哭 、 使 爾等 之 笑 變成 哭 、 爾等 之 樂 變成 憂 、
64001011	Recommendation	所 愛 者歟 、 爾曹 勿 效惡 、 乃 效 善 、 行善 者 屬 上帝 、 但 行 惡者 未 得 見 上帝 、
45004011	Faith	彼得 受 割禮 之 號 、 即 在 未受 割禮 者 、 因 信 而 稱為 義 之 印 、 於是 其 既為 凡 未 受 割禮 而 信者 之父 、 並 歸為 彼等 為義 、
45006007	Grace	蓋 死者 離 罪 、 已 稱為 義 、
47004010	Faith	我 身常 負 主伊伊穌斯 之 死狀 、 為 伊伊穌斯 之 生命 亦 顯 在 吾等 之 身 、
50002021	Sin	因 衆惟 求 己 事 、 不 求 合利 斯托斯伊伊穌斯 之 事 、
58011011	Faith	薩兒拉 由 信 雖 胎荒 尚 得 懷妊 之 力 、 其 生育 非 依其 年 、 蓋 彼 知許 約者 、 為 可信 也 、
43006039	Grace	此 乃遣 我 者 父 之 旨 、 即為 凡 彼 所 予 我 者 、 我 不 滅 其一 、 乃 末日 復活 之 、
46008006	Faith	至 我 儕有 獨 一 上帝 父 、 萬 物 皆 由之 、 而 我 儕亦歸之 、 又 有 一 主 伊伊穌斯合 利斯托斯 、 萬物 皆 藉 之 、 我儕亦藉之 、
52003006	Description	今 提 摩斐乙 由 爾等 來就 我 等 、 報 爾等 嘉音 以 爾等 之 信 及 愛 、 又 爾等 當 懷念 我 等 、 且懇見 我等 、 如 我 等 之欲 見 爾等 、
60005004	Grace	迨牧長 顯現 之時 、 爾等 必得 榮光 不朽 之冠 、
47003012	Faith	我 儕有 如是 之 兾望 、 更 毅然 而行 、
61002012	Sin	彼等 如 天然 無言 之 獸 、 生為 擒執 、 而 宰滅者 、 其衷 不 知 毁謗 、 以 己 之 敗壞 而 滅亡 、
43012006	Sin	彼 言 此 、 非 為 顧慮 貧 人 、 因 其 偷盜 、 帶有 金篋 、 而 携 所 投贮者 、
62004016	Faith	我 儕識 且 信 、 愛 乃 上帝 與 我 等 所有 、 我儕 已 識且 信 之 、 上帝 即 愛 也 、 居于 愛 者 即 居于 上帝 、 而 上帝 亦 在 彼居 之 、
44011019	Description	因 在 斯帖芳 後 所 成 之 窘逐 、 而 諸奔散者 皆 周遊 至 肥尼乞亞 、 乞普兒 、 昂提鄂 吸亞 、 除伊屋叠亞人 之外 、 未 有 一 人 不 傳 以 言 、
54006006	Faith	然 虔敬 與 知足 為 大 益 也 、
60002020	Faith	蓋爾 等 犯罪 見 打 而 能忍 、 有 何 名譽乎 、 然若 行善 、 及 受苦 而 忍耐 、 此 則 為 上帝 所嘉 、
58009015	Grace	緣 此 、 彼 為 新約 之 中保 、 因 其 死為贖前 約 時 所犯 之 諸 罪 、 使 蒙 召者 受 永遠 嗣業 之 許約 、
45006001	Sin	然則 何 信 也 、 我儕可恒 居于 罪 、 使 恩寵 愈 多乎 、 非也 、
49005004	Recommendation	或 淫詞 、 浮言 、 戲謔 類 、 非 所 宜 、 莫若 感謝 、
45004016	Faith	於是 、 由 信 為 依 恩寵 使 約許 成為 堅固 于諸 後裔 、 即 不 獨 於 屬 法律者 、 乃 亦 屬 我 衆 之 父 阿 烏拉阿木 之 信者 、
44028018	Description	彼等 審判 我 、 見 我 無一 當 死 之 罪 、 欲 釋放 我 、
45009016	Grace	如是 非 由 所 願者 、 亦非 由 趨奔者 、 乃 由 矜卹之 上帝 也 、
46010008	Sin	我 儕勿 淫行 、 如 其中 有 人 淫行 、 在 一 日 之間 殞 二萬三千 人 、
45007023	Sin	然 我 見 在 我 肢體 之中 別 有 一 法律 、 乃 與 我 智慧 之 法律 對戰 、 使我 擄掠 我 肢體 中 罪惡 之 法律 、
58006001	Faith	故我 儕姑舍 合 利斯托斯 言之 初學 、 而 進於 完全 、 不復 立基 、 若 悔改 肆行 、 信從 上帝 、
46016011	Recommendation	故 無論何 人 毋 藐視 之 、 爾當以 安和 送彼 以 前行 、 使 彼 可 就 我 、 蓋 我 與 弟兄 候之來 、
59002014	Faith	我 弟兄乎 、 若 人 自 謂 其 有信 而無行 、 何益之 有 、 信 能 拯救 之乎 、
43007025	Description	耶魯 薩利木 中 有 人 曰 、 此 非 彼等 尋求 以 殺 者乎 、
43020022	Faith	言 此 吹噓 、 謂 彼等 曰 、 受聖神哉 、
45010003	Sin	蓋 彼等 不識 上帝 之義 、 而 尋求 以 立 一 己 之義 、 致 不 順服 上帝 之義 、
62005010	Faith	凡 信上 帝子 者 于 己有 証 、 不 信 上帝 者 則 彼 成為 謊言者 、 蓋 不 信 上帝 為 其 子 作 証之作証 、
43014012	Faith	阿民 、 阿民 、 我 吿 爾等 、 信 我 者 、 我 所 行 之事彼 亦 將 行 之 、 且 行 大于 此 者 、 因我 往 就 我 父 、
56002009	Recommendation	勸 奴僕 當 順服 其主 、 在 凡事 取其悅 、 勿 違 其言 、
58012015	Recommendation	爾曹 當 謹愼 、 恐 有 人 失 上帝 之 恩寵 、 恐 有苦 根初萌 、 而 為害 、 由之 多 人 得 汚穢 、
54003007	Recommendation	亦 當 有 令聞 於 外人 、 免 陷於 怨聲 及 魔鬼 之 網 、
49004007	Grace	然 我 儕蒙 恩寵 、 各 循 合 利斯 托 斯 所 賜 之量 、
49006006	Recommendation	勿 如 要譽 人者 、 在 目前 服事 、 惟 如 合 利斯托斯之僕 、 由 心 遵行 上帝 之 旨 、
60003016	Recommendation	且 存有 善德 之 良心 、 為 在 凡 毁謗 爾等 如 行 惡者 、 及 在 何 凌辱 爾等 為 合利 斯托斯 有 善行者 、 將 得 羞愧 、
43006040	Faith	此 乃遣 我 者 父 之 旨 、 即 凡 見 子 而 信 之 者 、 有 永遠 之 生命 、 而 我 于 末日 復活 之 、
44012023	Violence	忽主 之 天神 擊 之 、 因 彼 不 歸 榮光 於 上帝 、 遂為 蟲所噬 而 氣絕 、
47001003	Grace	被 福 言者 、 係 吾 主 伊伊穌斯合 利斯托斯 之 上帝 及 父 、 即 慈 憐 之 父 、 亦 為 諸慰之 上帝 、
54001006	Sin	有 人 棄此 、 轉向 虛誕 、
45001016	Faith	蓋 我 不 以 合利 斯托斯 之 福音 為 羞恥 、 因 係 上帝 之 能力 、 為 拯救 凡 信者 、 先 伊 屋叠亞人 、 次耶梨 那人 、
46003011	Description	蓋 除 所 置之 基 、 即伊伊穌斯合 利斯托斯外 、 無人 能 置 他 基 、
49005033	Recommendation	爾曹 各 當 愛 己 妻 如 己 、 而 婦當畏其夫 、
51002013	Grace	為 爾等 曾 因 諸 罪 、 及 身無 受 割禮 而 死者 、 而 偕彼 復生 、 今赦 我 等 之 諸 罪 、
54004014	Recommendation	在 爾之 恩賜 、 即 昔於 預言 、 以 長老 之 按手 所授爾者 、 切勿 輕忽 、
52005016	Recommendation	當 常 歡樂 、
52004014	Faith	蓋 我 儕若信伊伊穌斯 死 而 復活 、 則 上帝 亦 將 因 伊伊穌斯 而 安息 死者 偕彼必 携 至 、
62004015	Faith	凡 承認 伊伊穌斯 為 上帝 之 子 者 、 則 上帝 必 在 彼居 之 、 彼 亦 在 上帝 居 之 、
49004022	Recommendation	即 脫 爾等 依素昔 行為 之 舊人 、 朽於誘感者 、
43010009	Grace	我 即 門 也 、 凡 由 我 入 者 、 必 得救 、 且 入 且出 、 而 得 草場 、
58011037	Violence	被 石擊 、 被 鋸解 、 遇 拷問 、 被 劍 殺 、 衣 綿羊 山羊 之 皮 而 流離 、 忍受 窮乏 患難 困苦 、
62002029	Faith	爾曹 若 知 彼 為 義 、 則 知 凡 行 義者 、 乃 由 彼 而 生 也 、
44013047	Grace	蓋 主 如是 命 我 等 云 、 我立爾 為 異邦人 之光 、 使爾 成 拯救 直至 地極 、
47004002	Faith	棄隱昧之恥 、 不 行 詭譎 、 亦不混 上帝 之言 、 惟 彰顯 眞實 、 向 凡人 之 良心 、 於 上帝 面前 、 質 己 、
44002033	Description	被 上帝 之 右手 上舉 、 而 由 父 受 聖 神 之 許約 、 以此 降注 、 乃今 爾等 所見所聞者 、
51003010	Recommendation	當 衣 新人 、 即 復 新 於 知識者 、 循 所 造 之 之 像 、
43011004	Faith	伊伊穌斯聞 之 曰 、 此 病 不 至死 、 乃 為 上帝 之 榮光 、 使 上帝 子 因此 受 榮光 、
45001017	Faith	蓋 其中 上帝 之義 由 信 進 信 而 開顯 、 如 所 載者云 、 義者 由 信 得 生 、
43019017	Description	彼負 其 十字架 而出 、 至 一 所 、 名 髑髏處 、 耶烏雷乙言 、 名 郭泐郭 發 、
45012006	Faith	我 儕依所 賦 我 等 之 恩寵 、 有 不齊 之 賦畀 、 故在 預言 亦 依 信德 之量 、
49005015	Recommendation	是 以 當視 而 愼所行 、 勿 如 無 智者 、 乃 如 有 智者 、
45010012	Grace	伊屋叠亞人 、 及 希臘人 、 並 無 區別 、 蓋衆人 之主 惟一 耳 、 其 豐盛 臨 凡 呼籲 之 者 、
45010004	Faith	蓋 法律 之 終 在 合利 斯托斯 、 使凡 信者 以 得 稱義 、
50004006	Recommendation	切勿 憂慮 、 於凡 事 以 祈禱 求告 、 且 感謝 、 而 告 爾等 之 所求 者 於 上帝 、
46010006	Faith	此 者 可 為 我 鑒 、 使我 等 勿 嗜 惡 、 如 彼等 所 嗜者 、
52004006	Recommendation	於此 事 對 己 之 兄弟 、 毋 執理 貪利 、 蓋主 為此 等 報復 一切 者 、 如 我 儕先明 告 爾等 、 且 證據 詆律之 、
47005017	Faith	是故 凡 在 合利 斯托斯者 則為 新 受 造物 、 陳舊 已 逝 、 顧 、 一切 成 新 也 、
43005020	Faith	蓋 父 愛子 以 己 凡 所 行者 示 之 、 將 以 大于 此 者 示 之 、 使 爾等 奇異 、
49004028	Recommendation	竊盜 者 勿復 竊盜 、 寧服 勞 、 親手 作 善工 、 得以 周濟 貧乏 、
57001022	Recommendation	且爾必 為 我 當備 一 所 、 蓋 我 冀望 藉爾 等 之 祈禱 我 將 為 爾等 蒙賜 、
58013009	Recommendation	勿 為 各 種 異教 淆惑 、 但 以 恩寵 堅固 心乃善 、 總不 以 飲食 、 夫行之者 、 由之 從未 得益 也 、
52005012	Recommendation	弟兄乎 、 我儕求 爾等 當 認於 爾等 中服 勞者 、 因 主 之 首領 、 及 教訓 爾等者 、
43009022	Description	其父 母 言 此 、 懼伊屋叠亞人 故也 、 蓋 伊 屋叠亞 人相 議 已 定 、 若 有 人 承認 彼 為 合利 斯托斯 、 將由 會堂 黜之 、
50003003	Faith	蓋 割禮 、 即 我 儕乃 以 神事 奉 上帝 、 且 因 合利 斯托斯伊伊穌斯為誇 、 所 不 恃 於 肉體 、
62003023	Faith	彼 之 誡命 乃 此 、 即 當 信 其 子伊伊穌斯合 利斯托斯 之 名 、 且 依 其 所 賜 我 等 之 誡命 、 彼此 相愛 、
46014020	Recommendation	弟兄乎 、 爾曹 於心 勿似 孩提 、 於惡 則 似 孩提 、 然於心 則 似 成人 、
59005013	Recommendation	爾等 中 誰 受苦乎 、 當 祈禱 、 誰 安樂乎 、 當 歌頌 、
58012012	Recommendation	故 爾曹 當 扶持 所 乏 之 手 所 弱 之 膝 、
60001017	Recommendation	爾等 若 稱 不 徇情面 、 乃 循 各 人 之所行 而 審判者 為 父 、 則 當 儆惕度 爾等 寄世 之時 、
58010036	Recommendation	爾曹 必須 忍耐 、 為 爾曹 遵行 上帝 之 旨 後 、 可受 許約 、
58011001	Faith	信 所 望 之 準 的 、 為 未 見 者 之 確証 、
49004017	Recommendation	故我 信 此 以 主戒 勸 爾等 、 勿復 行 如 他 列邦人 、 狥 其 心志 之 虛偽 而行 、
51002016	Recommendation	是以 人 勿 因 或 飲物 、 或 食物 、 或 節期 、 或 新月 、 或 安息日 故 、 而 竞議 爾等 、
44020010	Description	葩韋泐 下 、 伏于 其上 、 而 抱 之 曰 、 勿 慌擾 、 蓋 其 靈 尚 在 其內 、
55002010	Faith	緣 此 、 我 為 被 選者 忍耐 一切 、 亦 為 彼等 由 合 利斯托斯伊伊穌斯 得 拯救 、 並 得 永遠 之 榮光 、 虛 同 論 為 信教 之危
60005014	Recommendation	爾曹 當 以 愛德 接吻 之 禮 互相 問安 、 安和 予爾衆 在 伊伊穌斯合 利斯托斯者 、 阿民 、 撇特兒 前 公書 終 其中 有 五 章 堂 中 有 六 節誦
49005021	Recommendation	當於 上帝 之 敬畏 、 彼此 順服 、
61003017	Recommendation	所 愛 者歟 、 爾等 既 預知 之 、 則 必 當 謹慎 、 恐為 無道 者 之 迷惑 所 引誘 、 而 失 己 之 堅固 、
51003018	Recommendation	婦歟 、 爾曹 當 順己夫 、 如在 主所宜 、
54005020	Recommendation	犯罪者 當 在 衆前 責 之 、 使 他 衆抱懼 、
45014013	Recommendation	故我 儕絕 不 互相 議論 、 爾曹 寧 以 定議 、 即 勿 以 躓蹶 、 或 引誘 置于 弟兄 前 、
45002010	Grace	惟 榮光 尊貴 安和 加于 凡 行 善者 、 先 伊 屋叠亞人 、 次耶梨 那人 、
58011034	Violence	滅火勢 、 避 劍刃 、 弱 為 強 、 勇於 戰 、 潰敵隊 、
48006017	Faith	總之 、 人 勿 煩擾 我 、 因我 身負 吾 主 伊伊穌斯合 利斯托斯 瘡痍 、
65001020	Faith	所 愛 者歟 、 爾等 當 以 至聖 之 信教 而 建 、 藉聖 神 而 祈禱 、
45012002	Recommendation	勿 效乎 此世 、 惟 爾曹 以 爾曹 智慧 之 維新 而 自 變化 、 為 爾等 明辯 上帝 之 旨 、 是 何 良善 、 忻悅 而 完全 者 、
46015009	Sin	蓋 我 於宗徒 中為 最 小者 、 乃 不堪 稱為 宗徒 、 因我 窘逐 上帝 之 教會 、
62002015	Recommendation	勿 愛 世界 及 凡在 世界 者 、 人 若 愛 世界 、 則 父 之 愛 不 在 其内 、
45002001	Sin	是以 凡爾 議人 、 而 無可辭 、 蓋爾 以 何議人 、 適 以 之 罪 己 、 因爾 所 議者 、 自行 亦同 、
48002009	Description	亞適烏 、 乞發 、 伊鄂昂 、 稱為 柱 者 、 知 所 賦 我 之 恩寵 、 則 以 右手 施 我 及 瓦兒 那 瓦 、 為 交 親 之 徵 、 使我 等 往 就 各 列 邦 人 、 而 彼等 往 就 受 割禮 者 、
43019023	Description	兵卒 釘 伊伊穌斯 後 、 取其 外衣 為 四分 、 每 兵 卒 得 一 分 、 以及 裹衣 、 裹 衣 無縫 、 乃 自上 渾織者 、
45002021	Sin	然爾 教訓 他人 、 何不先 教訓 自己乎 、
46006019	Faith	爾曹 豈不知 爾等 之 身 係 殿 、 屬居 爾等 中 聖神 、 即 爾等 由 上帝 所 受者 、 而 爾曹 非屬 己者 、
47005014	Grace	蓋 合 利斯托斯 之 愛 勉勵 我 等 如此 思想 之 時 、 若 一 人 既 代 衆死 、 則 衆 皆 死 、
58003001	Faith	是以 聖弟兄乎 、 爾曹 共 分 同 受 天 召者 、 則 當 深思 吾 所 承認 之 欽 使者 、 及 司祭 首 、 即是 伊伊穌斯合 利斯托斯 也 、
44020035	Recommendation	我 于凡 事 示 爾等 、 當 如是 勤勞 、 以 扶持 荏弱者 、 且 當 記憶 主 伊伊穌斯 之 言 、 蓋 彼 自云 、 施 較受 更為 有福 、
58013004	Recommendation	衆當 以 婚姻 為 貴 、 牀第無 玷污 、 邪淫 姦淫者 上帝 必 審判 之 、
43020005	Description	俯視 乃見 枲佈 置焉 、 而 未 入 、
46002010	Grace	上帝 以 其 神 顯示 予 我 等 矣 、 蓋 神 鑒察 一切 及 上帝 之 深奧 、
50002029	Recommendation	爾曹 當 因 主 盡歡 喜 而 接之 、 當 敬重 此 等 之人 、
51003020	Recommendation	子歟 、 爾曹 當 凡事 孝順 爾等 之 父母 、 蓋 此 乃 主 所 悅 、
47001012	Faith	蓋 依 我 等 良心 之 証 、 我等 之所誇 、 即 我 儕於 樸實 及 屬 上帝 之 眞實 、 非 於 肉身 之 智慧 、 乃 於 上帝 之 恩寵 居於 世界 間 、 惟 在 爾等 中 更 如是 、
43014021	Faith	有 我 誡命 而 守 之 者 、 是 乃 愛 我 、 愛 我 者 、 必 見 愛 于 我 父 、 我 亦 將 愛 之 、 且 親 顯現 於 彼 、
51002023	Sin	此 有 其 智慧 之 名 、 任意 之事奉 、 及 謙遜 、 竞 不 惜 身 、 不 重 肉體 之 保養 而已 、
64001006	Recommendation	彼等 在 教會 前 証爾 之 愛 、 爾若堪合 上帝 者 、 饋贐 之 而 行 、 善 矣 、
55002023	Recommendation	愚魯弗 學之 辯論 、 爾當 遠避 之 、 因 知 爭競 由是 而生 、
47003018	Faith	我 儕皆 以 露面 如對 鏡 得 觀 主 之 榮光 、 於 其 像 必得 變化 、 由 榮光 進 榮光 、 如 由 主 之神然 、
58009014	Grace	况合利 斯托斯 血 更 藉 聖神獻己 為 無玷於 上帝 使我 良心 得 潔淨 脫 死 行事 、 為 事 奉 生活 眞實 之 上帝 、
44011017	Grace	故 若 上帝 以 平等 之 賦畀 賜 彼等 、 如 我 等 信主伊伊穌斯合 利斯托斯者然 、 我 何人 、 能 阻止 上帝耶 、
49004030	Faith	勿 使 上帝 之 聖神憂 、 爾曹 由之 得 印 誌在 救贖 之 日 也 、
62003007	Recommendation	小子歟 、 勿 為 人 所惑 、 爾等 行義者 即為 義人 、 如 彼 為 義然 、
62004001	Recommendation	所 愛 者歟 、 勿 信 凡 神 、 乃 當 試探 諸神 、 係由 上帝 出否 、 蓋有 多 偽 先知 出于 世界 矣 、
44013038	Grace	列位 弟兄乎 、 爾等 當知 、 乃 由 彼 傳 爾等 罪赦 、
50003001	Recommendation	總之 、 吾 弟 兄乎 、 爾曹 當 因 主 而 歡喜 、 蓋 我 書 此 達 爾等 、 為 我 無煩 、 而為 爾等 有益 、
46011034	Recommendation	若有 飢者 可食 于 其家 、 免 爾等 聚集 以 受 定罪 也 、 餘者迨 我 來時 、 則 再 理 之 、
43018031	Description	批刺特 謂 彼等 曰 、 爾曹 取之 、 按 爾等 之 法律 審判 之 、 伊屋叠亞 人語 爾曰 、 我儕無權 殺人 、
46012031	Faith	爾曹 當 切望 恩賜 之 大者 、 然 我 將 示 爾等 以至 上 之 道 也 、
58007026	Description	如此 、 司祭 首 為 我 等 所 許 、 乃 聖潔 無惡無玷 、 遠離 罪人 、 高於 諸天 、
50004013	Faith	我 賴 使 我 有力 者 、 伊伊穌斯合 利斯托斯 能 為 一切 、
52004003	Recommendation	蓋上帝 之 此 旨 為 爾等 聖潔 、 即 爾曹 自成 淫行 、
51004002	Recommendation	當 恆 祈禱 、 其間 宜儆 醒 感謝 、
44007029	Description	摩伊 些 乙 因此 言 奔逃 、 而 在 瑪底阿木為僑寓者 之地 、 在 彼生 二 子 、
46011007	Description	是 以 男 不當 蒙首 、 因 其 為 上帝 之 像 及 榮光 、 故 也 、 但 女 為 男 之 榮光 也 、
51003015	Faith	願 上帝 之 安和 宰於 爾等 之心 、 為此 爾曹 蒙召 成為 一體 、 且 當 感恩 、
58002010	Grace	盖 彼 所 宜 、 一切 因之 、 一切 而 由之 、 乃 引導 多子 於 榮光者 、 藉 苦難 成全 為 彼衆 拯救 之 君 、
59004001	Sin	爾等 中 戰鬬 爭競 由何而來 、 非 由 此乎 、 即由 爾等 百 體中 戰爭 之 情 慾乎 、
46005001	Sin	確 聞 爾等 中 有 淫亂 、 如此 之 淫亂 在 異邦人 中 亦 未 之 有 也 、 即有 某 人 烝 其 父 之 繼室 、
46010013	Faith	試探逮 爾等 、 無非 屬 人者 耳 、 上帝 可信 、 其 不 容 爾等 受試 探 過於 所能 、 乃 在 試探 之時 、 為 爾等 開脫 出路 、 致爾 等能 擔當 、
44020029	Violence	蓋 我 知 我 去 後 、 必有 殘酷 之 狼 入 爾等 中 、 不 惜 其 群 、
53001004	Faith	致 我 儕在 上帝 之 諸 教會 為 爾等 自誇 、 盖爾曹 以 爾等 之 忍耐 及 信德 、 竟 受 諸窘 逐 患難 、
62004012	Faith	從未 有 人 得見 上帝 者 、 若 我 儕 相愛 、 則 上帝 必 居于 我 等內 、 而 其 愛在 我等 中 得 成全 、
48001001	Description	葩韋泐 為 宗徒 非 由人 等 、 亦非 藉人 、 乃 藉 伊伊穌斯合 利斯托斯 及 由死 復活 之 之 上帝 父 、
58012003	Recommendation	蓋爾曹 當 思想 、 由 罪人 於 己 忍受 如此 橫逆 者 、 以免 爾曹 疲倦 喪膽 、
45006005	Faith	蓋 我 儕若 與其 死狀 而 接合 、 乃 效 其 復活 亦 必 接合 、
45015010	Recommendation	又 曰 、 列 邦乎 、 偕其民 而 同樂哉 、
54004001	Sin	神明 言 末世 必 有 人 背信 、 聆納 誘惑 之 賭 神 、 及 魔鬼 之 教 、
56003001	Recommendation	爾當 提醒 彼等 順服 衆 執政者 、 秉權者 、 以備 凡 善事 、
61003005	Sin	蓋 彼等 不 慾知 元始 以上 帝 之言 而 有天 亦 有 地 、 乃 出於 水 、 賴 于 水合成 、
60003018	Grace	盖 合 利斯托斯 一 次 為 我 等 之罪 受苦 、 乃義者 代 不義者 、 為 引導 我等 至 上帝 前 、 依 身受 死 、 以 神 而 生 、
61002021	Sin	蓋 彼等 寧 以 不 識 義道 、 強 如 識者 反復 所 傳 彼等 之 聖命 為 美 、
53003006	Recommendation	弟兄乎 、 我儕因 吾 主 伊伊穌斯合 利斯托斯 之 名 命 爾等 遠離 諸妄行 弟兄 、 與 不 遵由 我 等 所 受之 遺傳者 、
45005012	Sin	故 緣 一 人 之罪 入 世界 、 緣罪 有 死 、 則 死 亦 如是 入于 全人 、 因 在 彼皆 犯罪 矣 、
58011033	Faith	由 信 征服 諸國 、 行 公義 、 受 許約 、 箝獅口 、
47004009	Faith	遇窘逐 而 不 見棄 、 遇傾仆 而 不 滅亡 、
59004004	Sin	姦淫 之 男女乎 、 豈不知 與世 為 友者 、 即對 上帝 為 仇敵 、 故 凡 欲 與 世為 友者 、 即 與 上帝 為 仇敵 、
44016006	Description	經過 福利 吉亞 及 戞剌 提亞 之境 、 聖神 禁止 彼等 在 阿錫亞 傳教 、
45010006	Faith	然 由 信 之義 、 如此 云 、 在 爾心勿言 、 孰 能 升天 、 即使 合利 斯托斯 下降耶 、
62005001	Faith	凡 信 伊伊穌斯 為 合利 斯托斯者 、 乃 由 上帝 而生 、 凡 愛 生 之 者 、 亦 必 愛 由 其 所 生者 也 、
48005026	Recommendation	勿慕 虛榮 、 勿 相 激怒 、 勿 相 嫉妬 、
54005001	Recommendation	為 孀婦 不 可 責斥 耆老 、 乃 諫勸 之 如 父 、 少者 如 弟兄 、
60002012	Recommendation	爾曹 于 列邦 中 有 善行 、 致 彼等 因何 而 毁謗 爾等 如 行 惡者 、 曾 見 爾等 之 善行 、 必 在 眷顧 之 日 榮光 上帝 、
50003006	Sin	論 熱心 、 則 窘逐 上帝 之 教會 、 論 法律 之義 、 則 無 玷者 、
43004052	Description	彼 問 其 何時 始愈 、 對 曰 、 昨日 第七 時 熱退 、
43019031	Violence	時 乃 備穌 博 特 之 日 、 伊屋叠亞人 、 免 在 穌博特 存 掛 遺體 於 十字架 上 、 因其 穌博 特為 大 日 、 則 求 批刺 特為 彼等 折 脛骨 、 而 取之下 、
43019012	Description	自是 批刺特 尋求 以 釋放 之 、 伊屋叠亞人 呼曰 、 爾若 釋放 此 人 、 則 非楷薩兒 之友 、 凡 成 己 為 王者 、 即叛楷薩兒 、
43014001	Faith	爾等 之心 、 勿 慌擾 、 當信 上帝 亦 當信 我 、
50001028	Faith	即 於凡 事 不 為 仇敵 恐懼 、 此 乃 彼等 滅亡 之 徵 、 而為 爾等 拯救 之 徵 、 由 上帝 也 、
43015016	Grace	非 爾等 選 我 、 乃 我 選 爾等 、 且立 爾等 、 使 爾等 往 而 結實 、 且 爾等 之實恒 在 、 為 爾曹 凡 因 我 名 所求 于 父 者 、 彼 將 賜 爾等 、
58011004	Faith	阿韋泐 由 信 獻祭 於 上帝 、 較喀英 為 義 、 由 之 得 証 其 為 義 、 如 上帝 亦 証其 儀物 、 彼死 而 尚 言 、
46004001	Recommendation	是以 人 當視 我 等 為 合利 斯托斯 之 執事 、 及 上帝 機密 之家宰 、
46010014	Recommendation	是 以 吾 所 愛 者 、 宜避 拜 偶像 之事 、
45012021	Recommendation	爾勿 為 惡 所 勝 、 乃 以 善 勝 惡 也 、
55002014	Recommendation	爾當 以此 提醒 之 、 在 主 前 誡諭之 、 勿 爭論 、 是 毫 無 益但 足惑 亂 聽者 、
59004008	Recommendation	爾儕宜 親近 上帝 、 則 上帝 必 親近 爾等 、 有罪 者 當 淨手 、 有 貳心 者 當 洗心 、
59002009	Sin	若 爾等 以外 毛取人 、 則 為 罪 、 被 法律 所 譴責 、 即 犯法者 、
52004007	Grace	蓋上 帝召 我 等 非為 汚穢 、 乃 為 聖潔 、
45001018	Sin	蓋上帝 之 怒 自天而開顯 、 攻 諸 人 之不虔 不義 、 乃 固執 眞實 於 不義 中 者 、
62004007	Faith	所 愛 者歟 、 我儕當 彼此 相愛 、 蓋 愛 由上 帝出 、 凡 愛 人者 係由 上帝 而生 、 且識 上帝 、
62002009	Sin	人言 自居 于 光明 、 而 憎其 兄弟 、 則 此 人 尚 在 黑暗 、
60004014	Grace	爾等 若 因 合 利斯托斯 之 名 被詬 、 則 爾等 為有 福矣 、 因 榮光 神上 帝 神 安息 于爾 等中 、 故 為 彼等 所 謗讟 、 而 為 爾等 所 榮光 、
44021019	Grace	葩韋泐 問 彼等 安 、 將 上帝 藉己 之 職事 所成 于 異邦人 中 者 、 一一 述之 、
43008046	Sin	爾等 中 誰 責 我 為 罪 、 若 我 言 真理 、 爾曹 何 不 信 我 、
58010017	Grace	又 曰 、 我 不復 記憶 彼等 之 罪惡 及 不 法律 、
46001005	Grace	緣 爾等 因彼 富有 于 一切 、 即 於凡 言語 、 及 凡 智慧 、
45015030	Recommendation	弟兄乎 、 我 緣 我 主 伊伊穌斯合 利斯托斯 及 聖神之愛 、 求 爾等 同 我 竭力 、 為 我 祈禱 上帝 、
43007020	Violence	民 答 之 曰 、 爾有 魔鬼 、 誰 尋求 以 殺爾耶 、
45003025	Grace	上帝 預 立定 、 藉信 與其 血 預薦 之為 復 和 之 祭 、 以 顯施 己義 、 致 得 原有 之罪赦 、
43018018	Description	僕與 下役 等 因 寒熾炭 、 立 向 而 煖 、 撇特兒 亦 彼等 立向 而 煖 、
49006011	Recommendation	披上帝 全 分之甲胄 、 為 爾等 克敵 魔鬼 之 詭計 、
43013037	Faith	撇特 兒語 之 曰 、 主歟 、 胡 為 今 不 能 從爾 、 我 願為 爾捨 我 之 生命 、
50004007	Faith	則 上帝 之 安和 乃 超越 凡 知識者 、 彼於 合利 斯托斯伊伊穌斯 保守 爾等 之心 、 爾等 之 念 、
59003009	Faith	以 之福言 上帝 父 、 亦 以 之 詛咒 依 上帝 肖像 所 造 之 人 、
46005010	Sin	然非概 指 此 世 之 淫 行者 、 或 貪婪者 、 或 強奪者 、 或 拜 偶像者 、 若然 、 則 爾曹 必湏 出世界 、
44026009	Sin	昔我 亦 以為 那 作 列特人 伊伊穌斯 之 名 、 當 以 多方 攻 之 、
61002014	Sin	其目 充滿 姦淫 及 不息 之罪 、 引誘 不堅 之 心 、 其 心 習慣於 貪婪 、 斯 乃 被 詛咒 之 子 也 、
43010012	Description	傭者 其 非 牧者 、 其 羊 非屬 己者 、 見 狼 來 、 則 棄 其 羊 而 逃 、 狼 即 攫之 、 而 衝散 羣羊 、
59001019	Recommendation	於是 我 所愛 之 弟 兄乎 、 凡人 當速 于 聽 、 遲于 言 、 緩 于 怒 、
46009014	Recommendation	主亦 如是 命傳 音者 、 由 福音 而 生活 、
43012046	Grace	我 係 光 來世 、 使 凡 信 我 者弗 居于 暗 、
43005014	Description	厥後 、 伊伊穌斯 遇之 于 殿 、 向 之 曰 、 顧 、 爾已得 痊愈 、 勿復 犯罪 、 恐 所 遭 尤甚 、
46016014	Recommendation	爾中 一切 以 愛 而 成 、
43014015	Recommendation	爾等 若 愛 我 、 必 守 我 誡命 、
58012025	Recommendation	愼勿 抗拒 所 命者 、 蓋 若 彼等 抗拒 在 地傳 命者 、 不 得 免刑 、 况我儕 抗拒 由 天 傳命者耶 、
48004008	Sin	昔時 、 爾曹 不識 上帝 、 所 事 諸 上帝 非本 來者 、
44003026	Grace	上帝 興起 其 子伊伊穌斯 、 先為 爾等 遣之福 言 爾等 、 使 爾等 由 爾等 之 諸 惡 轉 囘焉 、
44010039	Violence	彼 在 伊屋叠亞 地 及 耶魯 薩利木 所 行者 、 我儕皆 為 之作証 、 人 懸 之 于 木殺焉 、
46001010	Recommendation	弟兄乎 、 我 藉 我 主伊伊穌斯合 利斯托斯 之 名 勸求 爾等 、 為 爾等 所言 皆 同 、 且 爾等 中 勿 分 爭 、 惟 爾等 當 一心一意 相合 、
51001021	Sin	將 爾等 素 遠離 及徇心 注意 於 惡事 為 仇敵者 、
55002022	Recommendation	爾當 遠避 幼年 嗜 慾 追求 義德 、 信教 仁愛 和睦 於凡 由 清心 呼籲主者 、
51003001	Faith	於是 爾曹 若 與 合利 斯托斯 同 復活 、 則 當 尋求 在 上者 、 即 合 利斯托斯 在 彼坐於 上帝 之 右 、
43004010	Grace	伊伊穌斯 答 之 曰 、 倘爾知 上帝 之 賦畀 、 及 向 爾言 、 請予 我 飲者 為 誰 、 則爾 將 反 求之 、 彼必 以 活水 予爾 、
51003004	Grace	爾等 之 生命 、 迨合 利斯托斯 顯 現時 、 則 爾曹 亦 必 與 之 同 顯現 於 榮光 中 、
43020031	Faith	惟載 此 使 爾等 信伊伊穌斯 為 合利 斯托斯 、 上帝之子 也 、 且 信 、 則 因 其名 而 有 永遠 之 生命 、
62004006	Faith	我 儕係 屬 上帝 、 凡識 上帝 者 即 聽 我等 、 夫 不 屬 上帝 者 弗聽 我等 、 真實 之 神 與 詭譎 之 神 、 我儕 由 此而識 、
65001012	Description	此 類 在 爾等 之 晚餐 相愛 、 為 汚垢者 與 爾等 同 食 、 肥己 而 無 忌憚 、 然 此 乃 無水 之 雲 、 被 風 所 飄 、 乃 秋後 無果 之 樹 、 再 死 根株 盡拔 、
44005015	Description	人 以 患病 者舁 出于 街衢 、 置于 床榻 、 冀撇特兒過 、 其為 影 庇蔭 、
49006016	Faith	爾曹 首先 取 信德 之 盾 、 以 之 克 滅 凶惡 者 之 諸 火箭 、
51003023	Recommendation	凡爾曹 所為者 、 盡心 當 為之 、 如 行於 主 、 然非人 也 、
58012016	Recommendation	恐 有行 淫者 、 或 不 虔敬者 、 乃 如 伊薩烏者 、 即 以 一 食 賣 長子業 、
43018040	Sin	故 爾曹 願 我 為 爾等 釋放 伊 屋 叠亞人 之王乎 、 衆復 呼曰 、 非此者 、 乃瓦拉瓦 、 夫瓦拉瓦 、 盜賊 也 、
55003004	Sin	奸詐 賣友者 、 放肆 者 、 自銜者 、 專 好 宴樂者 、 不 愛 上帝 者 、
50002009	Grace	故 上帝 高升 之 無上 、 賜 之 以 名 、 超乎 諸 名 之上 、
61001016	Description	蓋 我 儕曾 以 吾 主 伊伊穌斯合 利斯托斯 之 能力 與 降臨 宣告 予 爾等 、 非 從 巧飾 之 虛誕 、 乃 親自 所見 其 威嚴 者 、
61003016	Sin	在 其 諸 書 亦 如是 論述 之 、 其中 有 難 明 之 處 、 乃 不 學者 及不堅者 謬解 之 、 以及 他 書然 、 彼等 自取 其 滅亡 、
44014014	Description	宗徒瓦兒 那 瓦葩韋泐 聞 之 撕裂 己 衣 、 衝入 衆庶 中 、 呼曰 、
45015008	Faith	我 言伊伊穌斯合 利斯托斯 為受 割禮 者 成為 執事 、 緣 上帝 之 眞實 以 成就 所 賜 列祖 之 許約 、
59001026	Sin	若爾 等中 有 人 自以為 虔誠 而不勒制其舌 、 乃 自欺 其心 、 則 其 虔誠 徒然 、
43015020	Recommendation	爾曹 宜 記憶 我 所 吿 爾等 之言 、 即僕 不大于 其主 、 人 若 窘逐 我 、 亦必窘 逐 爾等 、 若 守 我 言 、 亦 必 守 爾等 之言 、
43008031	Faith	伊伊穌斯 向 所 信 之 伊 屋叠亞人曰 、 爾等 若 恆居 我 言 、 則 誠 為 我 門徒 、
44007011	Description	飢饉 及 大 患難 臨 至 耶吉撇特 及 哈那昂 之 全 地 、 我 列祖 絕糧 、
63001004	Faith	我見爾之 諸子 中 有 從 真理者 、 如 我 儕由 父 所 受之 誡命 、 則 我 不 勝 歡喜 、
54005008	Faith	人 若 不 顧慮 屬 己 、 獨 於 家族者 、 是 背 乎信 、 而 較 其 不 信者 更 惡 、
58010022	Faith	則 我 儕以 誠心 及 全 信心 被 撢灑 去 惡念 、 身 被 洗淨 以 淨水 、 而 得 進 之 、
48001023	Description	即 聞 我 素窘逐 我 等 者 、 今 亦 傳 其 先 所 殘害 之 教 、
44027034	Recommendation	故我 勸 爾等 取食 、 是 為 資助 爾等 之 拯救 、 蓋爾 等中 致 一 髮 亦不隕于 首 也 、
56002002	Recommendation	即 勸 老人 當 謹愼 、 端莊 、 廉潔 、 於信 、 於 愛 、 於 忍 皆 當 醇正 、
44017030	Recommendation	故 上帝 不 介意 其 無知 之 時代 、 今 命衆 人 隨 在 悔改 、
43019025	Description	在 伊伊穌斯 之 十字架 旁 、 立有 其母 、 其母 妹克烈鄂葩 之 瑪利亞 、 及 瑪格達 刺 之 瑪利亞 、
46008009	Recommendation	即 當 愼防 、 恐爾 等 之 自由 為 軟弱 者 之 躓蹶 、
44013034	Grace	致彼 由 死 中 復活 不復 歸于 朽壞 、 為 之 又 如此 云 、 我 將 賜 爾等 以 達微德所 許定者 為 實 、
43014020	Faith	其 日 、 爾等 必知 、 我 在 父 、 而 爾等 在等 、 我 亦 在 爾等 、
62002003	Faith	我 儕若守彼 之 誡命 、 由此 知 是 我 儕識 之 、
43008024	Sin	故我 語 爾等 云 、 爾等 將 死于 爾等 罪中 、 蓋爾 等 若 不 信 是 我 、 則 必 死于 爾等 罪中 、
58012017	Description	盖爾 等 知 其後 、 彼欲嗣福言 而 反 見棄 、 雖 涕泣 求之 、 其 父 仍 不 改意 、
43007012	Description	在 民 中為 彼 有 多 怨言 、 或 曰 、 善人 也 、 或 曰 、 否 、 乃 迷惑 民耳 、
44011021	Faith	主之手偕 彼等 在 、 有多 信 而 歸於 主者 、
52002004	Faith	乃 如 我 儕被 上帝 試探 、 為 可 堪 受 託於 福音者 、 則 我 儕如此 言之 、 不 取悅於 人 、 乃 取悅於 試 採 我 等心 之上 帝 也 、
46015057	Grace	感謝 上帝 、 其 藉吾 主 伊伊穌斯合 利斯 托 斯 賜 我 等 得勝 、
54005005	Faith	真 孀婦 獨居 者 惟 仰望 上帝 、 晝夜 恒 當 居 守 籲吿 及 祈禱 、
43016024	Grace	至今 爾等 尚未 因我 名 而 求 、 求 則 必得 、 致 爾等 之 喜樂 充足 矣 、
46007021	Recommendation	爾為 奴僕 而蒙 召 、 勿 以為慮 、 若 能 為 自主 、 從 之 更妙 、
65001019	Sin	此 自 離別 、 屬 血氣 而 無 神靈 、
48001006	Sin	我 奇異 爾等 如此 速離 、 被 合利 斯托斯 之 恩寵 所 召 爾等 者 而 遷於 他 福音 、
58012014	Recommendation	爾曹 務 與 衆人 和睦 、 亦 求 聖潔 、 除此之外 無人 得見 主 、
43021006	Description	彼語 之 曰 、 爾曹 投網 於 舟右 、 必 有 所得 、 遂 投下 、 而 不 能 舉 之 、 因 魚 多 之 故 也 、
46007019	Recommendation	受 割禮 、 無何 也 、 不 受 割禮 、 亦無何 也 、 惟守 上帝 之 誡命 、
45012008	Recommendation	或 勸慰 則 處在 勸慰 、 施濟者 以 直樸 、 治理 者 以 慇懃 、 矜憐者 以 樂意 、
44019002	Faith	向 之 曰 、 爾曹 信後 曾 受 聖 神否 、 伊 等 吿 之 曰 、 聖神 有否 、 我儕 未 之 聞 也 、
53003014	Recommendation	若 有 人 不 聽從 我 等 所 書 之 言 、 則 當 記 其人 、 勿 與 之交 、 使 彼自愧 、
46015050	Sin	弟兄乎 、 我 以此 吿 爾等 、 血 與 肉 不能嗣 上帝 之國 、 朽者 亦 不 能 嗣不朽者 、
43006027	Recommendation	爾等 勿 為 可 朽 之 糧 而 勞 、 乃 為 存于 永遠 生命 之 糧 而 勞 、 即 人子 所 將 賜 爾等者 、 蓋 父 上帝 曾 印 此 也 、
59004003	Sin	爾曹 祈求 而 不 得 、 因 爾等 妄求 、 為 爾等 情慾 之 供 用 、
49005020	Faith	因 吾 主 伊伊穌斯合 利斯托斯 之 名 為 一切 常 感謝 上帝 父 、
48003006	Faith	即如阿 烏拉 阿木信 上帝 而 歸之為義 、
45008009	Faith	若 上帝 之 神 居於 爾等 中 、 則 不 在 肉體 、 乃 在 神靈 、 若 人 無 合利 斯托斯 之 神 者 、 乃 非 其 所屬 、
45011023	Faith	彼等 若 不 終 存於 不信 、 亦 必 見 接 、 因 上帝 能 接 之 也 、
44024014	Faith	但 我 承認 於爾 前者 、 即 此 乃 我 所 遵 之 道 、 而 彼等 謂之 為 異端 也 、 我 真 實事 奉 吾 列祖 之 上帝 、 誠信 凡 法律 與 先知 之所載 、
45013008	Recommendation	無論 何人 、 除 相愛 之外 、 毫 不 可 虧負 之 、 蓋 愛 人者 盡遵 法律 矣 、
48003013	Grace	合 利斯托斯 已 救贖 我 等 脫 法律 之 詛咒 、 即為 我 等 所成 之 詛咒 、 蓋 載 云 、 凡 懸於 木 者 全 服 詛咒 矣 、
48001013	Sin	爾儕 已 聞 我 素 在 伊屋叠亞教 中 所 行者 、 即 極力 窘逐 上帝 之 教會 、 而 殘害 之 、
44008009	Description	有 人 名 錫孟 、 素 于 城中行 邪術 、 迷惑 薩瑪列亞 之 邦 人 、 自矜 為 大 、
50003010	Faith	為 彼 與其 復活 之 能力 、 其 受 苦難 之 分 受 、 而 效 其 死 、
54005022	Recommendation	勿遽撫手 於 何人 、 勿 與 人 共 罪 、 當 自守 以潔
56002003	Recommendation	勸 老婦 容止 亦 當 合乎 聖潔 、 勿讒毀 、 勿 嗜酒 、 以 善 教誨 、
46007038	Recommendation	故嫁 其處 女者 所 行 、 善 也 、 不 嫁 者 所 行 、 更 善 也 、
59001022	Recommendation	且 爾等 當為 行 言者 、 不第聞 之 者 、 係 自欺 也 、
43007001	Violence	厥後 、 伊伊穌斯 巡行 戞利列亞 、 蓋 不 欲 巡行 伊屋叠亞 、 因 伊 屋叠亞人 尋求 以 殺 之 、
46001030	Grace	爾曹 由 彼 而 屬在伊伊穌斯合 利斯托斯 、 其 由 上帝 為 我 等 已成 智慧 、 稱義 、 成聖 、 救贖 、
43013005	Description	後 注水 于 盤 、 始 洗 門徒 之 足 、 以 所朿之巾拭 之 、
44022004	Violence	我 曹亦 窘迫 斯道 、 以致 之 於 死 、 無論 男女 縛而解 之于 牢獄 、
43007043	Description	自 微福列 耶木達微德所 居 之 鄉 而來耶 、 故 為 彼成 爭論 於民 中 、
60005002	Recommendation	爾曹 牧 在 爾中 上帝 之 群 羊 而 監督 之 、 非 以 勉強 、 乃 以 情願 、 順 上帝 非 貪利 、 乃 熱 以 心 、
46015056	Sin	死 之 螫 、 罪 也 、 罪 之 力 、 法律 也 、
59005004	Sin	穫爾 田傭 之 工值 、 乃 被 爾等 所扣者 、 其 呼籲 及 刈者 之 喊 告 直達 主 薩瓦 鄂福 之 耳 、
60002001	Recommendation	故 爾曹 當棄 一切 惡毒 、 一切 詭譎 偽善 嫉妬 、 及 諸 誹謗事 、
46007039	Recommendation	婦為 法律 所 繫者 、 在 夫生 之時 、 若 夫 死 、 則 得 自主 、 其 可 隨意 而 嫁 、 惟於 信主者 而已 、
55002018	Sin	彼等 迷失 於 眞理 、 言 復活 已 過 、 致 傾圮 數 人 之 信 、
48005006	Faith	蓋 在 合利 斯托斯伊伊穌斯 受 割禮 、 不 受 割禮 、 皆 毫 無 益 、 惟 由 信 因 愛 而行耳 、
58005009	Grace	既 成全 、 即為 凡 順服 彼者 成為 永遠 拯救 之 原 、
46016001	Recommendation	論 為 聖徒集 捐資 、 我 曾 如何 命戞 剌提亞 諸 教會 、 爾曹 亦 當 如是 而行 、
49005022	Recommendation	婦歟 、 爾曹 當 順服 己夫如主 、
43008012	Faith	伊伊穌 斯語 彼等 曰 、 我 乃 世 之光 、 從 我 者 不 得 行于 暗 、 乃 將 有 生命 之光 、
65001017	Recommendation	惟 所 愛 者歟 、 爾等 當 記憶 吾 主 伊伊穌斯合 利斯托斯 之 宗徒 所 預言者 、
44017025	Grace	並不 受 人手 事奉 、 如 有 何 需者 、 乃 自 以 生命 呼吸 與 一切 賜衆 、
62005009	Faith	我 儕若 受 人 之 証 、 則 上帝 之 証尤 大 、 蓋 此 為 上帝 之 証 、 即 彼 為 其 子 所作証 者 也 、
45013014	Faith	惟 以 吾 主 伊伊穌斯合 利斯托斯 為 衣 、 不 為 肉體 思慮 、 以致 放 縱情慾 、
58011030	Description	耶利鴻 之 城垣 由 信 以 七 日 之 廵 後 傾圮 、
44019011	Grace	上帝 藉 葩韋泐 之 手 行 非常 之 異能 、
43008034	Sin	伊伊穌斯 答 之 曰 、 阿民 、 阿民 、 我 吿 爾等 、 凡 作 罪者 、 即為 罪 之 奴隸 、
62004011	Faith	所 愛 者歟 、 上帝 既 如此 愛 我等 、 則 我 儕亦 當 相愛 、
44002028	Grace	爾曾示我 以 生命 之 道 、 以 喜樂 充滿 我 于爾 面前 、
54004013	Recommendation	專練 誦讀 、 勸諭 、 教訓 、 以待 我 來
47004008	Description	我 儕徧 受 患難 而不阨窮 、 遇 顛沛 而 不 失望 、
44002013	Description	或者嘲 戲 之 曰 、 彼等 酣乾 酒 耳 、
45012014	Recommendation	窘逐 爾等者 、 爾福 言之 、 福言哉 、 勿 詛咒 、
43017026	Grace	我 以 爾名 顯示 彼等 、 且 將 復示 之 、 為 爾愛 我 之 愛將 在 彼等 、 而 我 亦 在 彼等 、
45008032	Grace	其 上帝 不惜 己子 、 乃 為 我 等 付 之 矣 、 豈 不 以 一切 偕彼 賜予 我等乎 、
65001018	Sin	蓋 彼等 為 爾等 曾 告 之 曰 、 末期 必 有 嘲笑者 、 縱 其 不 虔敬 之 私 慾而行 、
45011018	Recommendation	勿 對 枝誇 、 若誇 、 則 非爾托根 、 而 根托爾 、
47001024	Faith	非 為 轄制 爾等 之 信 、 乃 為 助 爾等 之 喜樂 、 蓋爾曹 以 信 而立焉 、
43011001	Description	有 病者 名剌咂兒 、 由 微發尼 亞乃 瑪利亞 瑪兒發 姊妹 之 村 者 、
52004008	Sin	故凡 拒 者 非 拒 人 、 乃 拒 上帝 、 即 以 其 聖神賜於 我等者 、
62004002	Faith	上帝 之 神 、 與 詭譎 之 神 、 由此 可 知 之 、 凡 神 承認 伊伊穌斯合 利斯托斯 於 身而體 來者 、 此由 上帝 也 、
65001008	Sin	此 輩 夢想 者 亦 若是 、 汚穢其身 、 藐視 執政 、 謗讟 尊者 而無懼 、
60003011	Recommendation	及其 口于 詭譎 之言 、 爾當避 惡行 善 、 尋求 安和 而 隨從 之 、
51001023	Faith	若 爾等 立基堅 止於 信 、 而 不移 失於 福音 之 望 、 乃爾 等 已 聞 所 傳於 天下 萬物 者 、 即 我 葩韋泐 為 之 作 執事 、
43008059	Violence	故 彼等 取石欲 擊 之 、 然伊伊穌斯隱避 出殿 、 自 彼等 中 經過 而 去 、
49004024	Recommendation	為 衣 新人 、 乃 按 上帝 、 於眞理 之義 及 聖潔 造者 、
44013030	Description	然 上帝 由 死 復活 之 、
43010011	Description	我 係 善 牧 、 善 牧者 為 羊捨 其 生命 、
49003002	Grace	爾曹 已 聞 上帝 恩寵 之 定制 、 乃 因 爾等 之 故而 賜於 我 者 、
56003010	Recommendation	異端 人 一 次 二 次 儆戒 之後 、 則屏絕之 、
43010019	Description	緣 此 言 、 在 伊 屋 叠亞人 中間 復起 爭論 、
43003033	Faith	有 受 其 証者 、 以 印 上帝 為 真實 、
61003014	Recommendation	所 愛 者歟 、 爾曹 望候之 、 在 彼 前 勉力 顯為無玷 無疵 於 安和 、
53003001	Faith	總之 、 弟兄乎 、 爾曹 當 為 我 等 祈禱哉 、 欲 主 之言 流行 而得 榮光 如 於爾中然 、
47004014	Faith	因 知 使 主伊伊穌斯 復活者 亦 使我 等 藉伊伊穌斯 復活 、 幷偕 爾等 前立 、
59005014	Recommendation	爾等 中 誰 有 病乎 、 當請 教會 之 長 老等 、 為 之 祈禱 、 因 主 之名 、 以 油傅 之 、
44007023	Description	迨及彼 滿 四十 歲 之時 、 于 其 心起意 、 望 顧 其 弟兄 伊斯拉伊泐 之 人 、
44023027	Violence	此 人 被 伊屋叠亞人 所 執 、 而 欲 殺 之 、 後 知 其為 羅馬人 、 率兵 卒 趨 拯救 之 、
44019029	Description	舉 城 盈滿 擾亂 、 執葩韋泐 之 同 行者 、 瑪楷多尼亞人 、 戞伊 乙 及 阿利斯 他 兒合 、 衆 同 心 衝擁 、 入 觀 劇塲 、
44003014	Sin	然 爾等 背棄 聖義 之 人 、 而 求 為 將 殺人者 賜予 爾等 、
44015009	Faith	彼等 與 我 等 間 毫 無 分別 、 惟藉 信德 潔淨 其 心 、
46011028	Recommendation	於是 、 人 當 自省 、 然後 可食 此 餅 、 可 飲此爵 、
46015058	Faith	故 吾 所 愛 之 弟 兄乎 、 當 堅固 不 搖 、 常勵進 主事 、 因 知 爾等 之 功勞 在 主 面前 、 非徒 然也 、
46004016	Recommendation	故我 求 爾等 、 宜效 我 、 如 我 效合 利斯托斯 、
46001021	Faith	蓋世 以其 智慧 不 識 上帝 于 上帝 智慧 、 然 上帝 甘願 以 傳教 之 愚 拯救 諸 信者 、
60003001	Recommendation	婦人歟 、 爾曹 亦 如是 當 順服 己夫 、 倘其中 有 不順服 言者 、
47005020	Recommendation	故我 儕因合 利斯托斯奉使 、 如 上帝 藉 我等 而 勸 爾等 、 我儕因合 利斯托斯 求 爾等 、 宜復 和 於 上帝 也
44002024	Description	然 上帝 釋死之縲絏 復活 之 、 因 彼 不 能 被 死 所 拘留 、
59002007	Sin	彼等 非謗讟 爾等 被 稱 之 美 名乎 、 若 爾等 遵守 王 綱領 法 、
54003003	Description	勿 好酒 、 勿 毆人 、 勿 圖 汚利 、 乃 當 溫和 、 不 爭 競 、 不 貪婪 、
43004014	Grace	然飲 由 我 所 賜 之水者 、 不 渴 于 永世 、 乃 我 所 予 之 水 、 於 其中 將成 泉源 、 湧至 永遠 之 生命 、
62002005	Faith	誰 守 其 言者 、 則 在 其中 有 上帝 之 愛 實 成全 之 、 由是 可知 、 我儕 在 彼 也 、
59002008	Recommendation	如 經所載者云 、 愛爾親鄰 如 己 、 行 之 則 善 矣 、
47004005	Faith	蓋 我 儕所傳者 非 己 、 乃 主 合 利斯托斯伊伊穌斯 也 、 而 我 儕因合 利斯托斯 為 爾等 之僕 、
46015033	Recommendation	爾曹 勿 自欺 、 惡 交 壞 善 習 也 、
58013020	Grace	願 安和 之上帝 、 即使 吾 主 伊伊穌斯合 利斯托斯 、 乃 因 其 永 約 之 血 、 為 羣羊 之 大 牧 、 由 死 中 復活者 、
50001027	Recommendation	惟 爾曹 符合 利斯托斯 之 福音 當 度生 、 則 我 或 來 見 爾等 、 或 在 遠離 聞爾 等 之事 、 爾等 一神 堅立 、 一心 為 福音 之 信 而 共 戰 、
46006014	Grace	如 上帝 使 主已 復活 、 亦 以 其 能力 使 我等 復活 、
55001006	Recommendation	因此 我 提醒 爾熱慕 上帝 之 恩賜 、 即 藉 我 撫手 所在爾者 、
60004006	Grace	蓋 於是 、 亦 傳 福音 于 死者 、 為 彼等 依人 以 身受 審判 、 依 上帝 以 神得生 、
46007023	Recommendation	爾曹 被 價值 所購者 、 勿 為 人 奴僕 、
46010010	Recommendation	爾曹 亦 勿 怨凟 、 如 其中 有人 怨凟 、 而 滅 於 全 滅 者 、
47002017	Faith	蓋 我 儕 不 似 多 人 、 混傳 上帝 之言 、 乃 由 誠實 、 乃 由 上帝 、 我儕 在 上帝 面前 於 合利 斯托斯 而言 也 、
45015001	Recommendation	我儕 堅固 者當 擔待 不堅固 者 之 弱 、 勿 求 悅己 、
50002024	Faith	且 我 賴主而信 、 我 亦 將 速 就 爾等 、
60004003	Sin	蓋爾 等 過度 生 之日 、 已 足 矣 、 從 異邦人 之意 、 履于邪侈 、 縱慾 、 沉湎 、 饕餮 、 及 行 可 醜 之 拜 偶像 、
44023005	Recommendation	葩韋泐曰 、 弟兄乎 、 我 不 知 其為 司祭 首 、 蓋 所 載者云 、 勿 誹謗 爾民 中 之上 位 者 、
53001003	Faith	弟兄乎 、 我儕當 為 爾等 恒 感謝 上帝 、 是 合宜 也 、 因 爾等 之 信 愈長 、 爾眾 中 互相 之 愛 彌增 、
46012002	Sin	當 知 爾曹 原為 異邦人 之時 、 曾 向 無言 之 偶像 、 如被 牽 而 往 、
49005025	Recommendation	夫歟 、 爾曹 當 愛 己婦 、 如 合 利斯 托 斯 愛 教會 、 而 為之 捨己 、
45012017	Recommendation	無論 何 人 勿 以 惡報 惡 、 於 衆 人前 專心 行善 、
60005006	Recommendation	故 爾曹 當 自卑 、 服 上帝 大能 之 手下 、 為 屆期 彼 高 舉 爾等 、
44014017	Grace	然彼 為 己 不住 作 証者 、 即 施恩 慈 、 自 天 為 我 等 降雨 、 在 豐稔 時 、 以 飲食 及 喜樂 充滿 我等 之心 、
54003011	Recommendation	其妻 亦 當 端正 、 勿 讒毀 、 當 謹慎 、 凡事 忠信 、
44012020	Description	伊 羅德 怒 提兒 及 錫東 之 民 、 伊 等同 心來 就 之 、 聯合 王 之內 侍臣 烏剌斯特 求和 、 因 其 境賴 屬 王 之 地 得 糧 、
43008049	Sin	伊伊穌斯 答對 、 我 非有 魔鬼 、 我 乃 尊 我 父 、 而 爾等 辱我 、
43006018	Description	風 大吹 、 海揚波 、
45008018	Faith	蓋 我 以為 今時 之 苦難 、 與 將 顯現 於 我 等中 之 榮光 不堪 比之 也 、
62002012	Grace	孺子歟 、 我 書 達 爾等 、 緣爾 等 之罪 、 因 其 名 而 得 赦 、
55001009	Grace	上帝 拯救 我等 、 且 以 其 聖召召 我等 、 非 按 我等 行事 、 乃 按 其 甘願 及 恩寵 、 即在 萬古 之 先 因 合 利斯托斯伊伊穌斯 所 賜 我等者 、
43019006	Violence	時 司祭 首 與 下役 見之 、 則 呼曰 、 釘 之 十字架 、 釘之于 十字架 、 批刺 特向 彼等 曰 、 爾曹 取之 、 而 釘 十字架 、 蓋 我 在 彼 未 見 一 罪 、
60001010	Grace	先知 曾 預言 爾等 蒙恩寵者 、 索求 此 拯救 而 研究 之 、
63001007	Sin	蓋有 多 煽惑 人者 已 入于 世界 、 不 承識伊伊穌斯合 利斯托斯 於 身體 而 來 、 此 乃 煽惑 人者 、 與 昂提合 利斯托斯 也 、
44024005	Sin	蓋 我 儕見 此 人 、 如 流毒 滋事 、 擾亂 天下 之 伊 屋叠亞人 、 為 那 作 列特 異端 之 首領者 、
54003016	Grace	誠然 、 大哉 虔敬 之 奧義 、 上帝 顯現 於 肉身 稱 義 於 聖神 、 為 天神 所見 、 被 傳 於 列邦 見 信於 天下 、 而 升于 榮光 矣 、
61003013	Faith	然 我 儕依其 之 約 許以 望候 新 天 新地 、 即 義 之 居所 、
58010010	Grace	我儕 由此 旨 、 藉伊伊穌斯合 利斯托斯 肉體 之一 次 獻 而 得 成全 、
52001002	Faith	我 儕恒 為 爾衆 感謝 上帝 、 且 祈禱 紀念 、
54006001	Recommendation	為 眾 奉 教人 之 奴僕 凡在 軛下 之 奴僕 、 當 為主 盡 諸般 堪宜 尊敬 、 免 上帝 之 名 與 教見謗 、
51003009	Recommendation	勿 相 誑言 、 盖爾曹 已 脫 舊人 與 其所行 、
48003008	Grace	然 聖經 預見 上帝 使 列邦人 、 由 信 而 稱為 義 、 故預 傳 福音 於阿烏拉阿木曰 、 萬民 由爾 而 受福言 、
58012005	Recommendation	爾曹 忘記 如 對子 所 吿 爾等 之 勸慰 曰 、 吾 子 勿 輕視 主 之 懲治 、 在 彼責爾 之時 、 勿 喪膽 、
58013017	Recommendation	爾曹 當 順從 誠服 爾等 之 教師 、 蓋 彼等 為 爾等 之 靈魂 儆醒 如 擔責 以 言 回覆 者 、 俾彼等 欣然 行 之 勿 嘆息 、 蓋 此 為 爾等 無益 、
44013019	Description	在 哈那昂 地 滅絕 七 邦 、 乃鬮 分 其 地 、 予 彼等 為 嗣業 、
54006003	Faith	若 有 人 傳 異教 而 不 從 吾 主 伊伊穌斯合 利斯托斯 醇正 之言 、 及 虔敬 之 教者 、
63001010	Recommendation	人 若 來 就 爾等 而 不 携 此 道 、 則 爾曹 勿 接 之 于 家 、 亦 勿 問 其安 、
47001005	Grace	因 合 利斯托斯 之 苦 難於 我 等 如何 豐裕 、 而 我 等 之 安慰 由 合 利斯托斯 亦 如是 豐裕 、
65001011	Sin	禍哉 、 彼等歟 、 因 走 喀英 之 路 、 專向 瓦剌阿木 利欲 之 迷惑 、 效適 雷 乙 之 悖逆 而 滅亡 、
65001010	Sin	然 此 輩 毀謗 其 所 不知 、 所知 依其 本性 、 如無 言之獸 、 乃 以 此 自取 敗壞 、
58011007	Faith	諾乙 由 信 蒙 上帝 之 默示 、 於 未 見 之 事 、 遂 敬畏 而 備 方舟 、 拯救 其家 、 由 之 罪 世 、 及 循信 成為 義 之 嗣子 、
58009006	Description	既 如此 設備 、 則 衆 司祭 常 入 前 幕 、 以 行事 奉 、
44007051	Sin	強項 不 受 割禮 之 心耳者歟 、 爾等 常 叛逆 聖神 、 爾等 之 列祖 如是 、 爾曹 亦 如是 也 、
54001009	Sin	蓋 知 此 法律 、 非 為 義人 而 設 、 乃 為 不法者 、 不服者 、 不 虔者 、 犯罪者 、 放肆 者 、 邪穢者 、 弑父母 者 、 殺人者 、
46005009	Recommendation	我 曾 遺書 達 爾等 、 勿 與 淫行 者交 、
48001015	Grace	以其 恩寵 召 我 之上 帝 已 自我 母 胎 簡 選 我 、
45007015	Description	蓋 我 所 行者 我 不 知 之 、 因我 所欲 者 我 不 行 之 、 我 所 惡者 、 反 行 之 、
61003018	Faith	惟 爾等 當 長成 於 恩寵 、 及 吾 主 拯救 者 伊伊穌斯合 利斯托斯 之 知識 、 願 榮光 歸 之 、 自今 至 永世 之 日 、 阿民 、 撇特兒 後公書 終 其中 有 三 章 堂 中 有 五節誦
46004010	Description	我 儕因合 利斯托斯而愚 、 爾曹 因 合 利斯托斯而智 、 我 儕輭弱 、 爾曹 堅強 、 爾曹 享榮 、 我儕處辱 、
60005009	Faith	當 以 堅信 抵禦 之 、 因 知爾 弟兄 在世 、 亦 必 同 受 此 等 之 苦難 也 、
51003022	Recommendation	僕歟 、 爾曹 當於 凡事 、 順從 爾等 屬 肉體 之主 、 莫如 取悅於 人者 只 在 目前 服役 、 當 以 樸實心 、 且 敬畏 上帝 、
46002012	Grace	我儕所 受者 、 非斯 世 之神 、 乃 由 上帝 之 神 、 使我 等 能知 上帝 所 賜予 我等者 、
59005001	Recommendation	嗚呼今 富者乎 、 當 哀 哭號 泣 、 因 苦難 將臨 于 爾等 矣 、
54006011	Recommendation	爾為屬 上帝 之 人 、 當 避之哉 、 宜求 義德 、 虔敬 、 信德 、 仁愛 、 忍耐 、 溫柔 、
59005005	Sin	爾等 在 地上 奢侈 宴樂 、 肥養 爾等 之心 、 如被 屠宰 之 日 、
60003007	Recommendation	夫歟 、 亦當偕 居 依理 、 如 坤類 柔弱 之 器 恭敬 之 、 如 恩寵 生命 之 同 嗣業者 、 為 爾等 之 祈禱 無所阻 也 、
54002012	Recommendation	我 不許 女子 授教 、 挾制 其夫 、 惟當 靜默 、
46001009	Faith	上帝 乃 召 爾等 、 為 分 受 於 其 子 吾 主 伊伊穌斯合 利斯托斯 、 其 乃 誠信 也 哉 、
48005013	Recommendation	弟兄乎 、 爾曹 蒙召 以 得 自由 、 勿 以 爾等 之 自由 為 縱 肉體 之 機會 、 惟 以 愛 而 互相 服事之 、
59002012	Recommendation	爾等 如此 所言 、 亦 如此 所 行 、 如 依 自由 之 法律 而將 受 審判者 、
46012005	Faith	職事 有 殊 、 而 主 同一 、
45009005	Description	彼等 有 列祖 、 亦 由 彼等 有 合利 斯托斯 依 肉體 而出 、 乃 在 萬 有 上 之 上帝 、 係 被 福 言者 、 於 永世 、 阿民 、
47001006	Description	我 儕若 受 苦難 、 則 為 爾等 之 安慰 及 拯救 、 即 成 於 爾等 藉 爾等 忍耐 同 受 我 等 所 受之 苦難 、
47001021	Faith	堅固 我等 偕爾 等 在 合利 斯托斯者 、 並膏 我 等 者 上帝 也 、
44010015	Recommendation	聲 又 向 之 曰 、 上帝 所 潔淨 者 、 爾勿 以為 汚穢 、
43014023	Faith	伊伊穌斯 答 之 曰 、 誰 若 愛 我 、 必 守 我 之言 、 我 父 亦 必 愛 之 、 且 我 等 來 就 之 、 在 彼 而作 宅第 、
62004010	Grace	非我 儕愛 上帝 、 乃 彼 曾 愛 我等 、 乃遣其子 為 我 等 罪復 和 之 祭 、 愛 即 在 此 也 、
62001007	Faith	我 儕若履 于 光明 、 亦如彼 親自 于光明然 、 則 我 儕彼此 有 共 與 、 而 其 子伊伊穌斯合 利斯托斯 之 血 必 滌除 我 等於 諸罪 、
48004007	Grace	故爾 既 不 為奴 、 乃 為 子 也 、 既 為 子 、 則 由 伊伊穌斯合 利斯托斯 為 上帝 之 嗣子 、
58001008	Faith	論及子 、 則 曰 、 上帝歟 、 爾之 寶座 至於 世世 、 爾國 之 權柄 、 為 正直 之 權柄 、
43010033	Sin	伊屋叠亞人 答 之 曰 、 我等 非為 善事 以 石擊爾 、 乃 為 謗凟 、 因爾本 為人 、 而 以 己 為 上帝 、
47004001	Faith	緣 此 我 儕蒙 恩惠 有 此 職事 、 而 不倦 、
58013006	Faith	故我 儕可 毅然 曰 、 彼 乃 我 佑助者 、 我 無所畏 、 人行 於 我 何 、
45014003	Recommendation	食者 藐視 不 食者 、 不 食 勿 議論 食者 、 蓋上 帝 皆 納 之 、
45015005	Grace	願 忍耐 及 安慰 之上 帝 賜 爾等 彼此 同意 、 循合利 斯托斯伊伊穌斯 、
58007027	Description	不似 他 司祭 首 、 日日 須 當 獻祭 、 先為 己 罪 、 後 為 衆民 、 蓋 彼 獻己 一 次 成就 之 、
62003017	Sin	誰 有 今世 之 產業 、 而 見 其 兄弟 窮乏 、 竞 為 之 閉塞 其心 、 上帝 之 愛 安能 在 其中 、
47005008	Faith	是 以 我 儕有勇 、 且寗 願 離身 、 而 偕主居 、
60002011	Recommendation	所 愛 者歟 、 我 勸 爾等 如 旅客 及 僑寓者 、 防祛 肉體 之 私慾 、 乃 攻 己 靈魂者 、
60002017	Recommendation	敬重 衆人 、 愛 諸 兄弟 、 敬畏 上帝 、 尊貴 君王 、
44007025	Description	以為 屬 己 之 弟兄 必 覺悟 、 是 上帝 藉 其 手施 之 拯救 、 而 彼等 不 覺悟 也 、
50003002	Violence	當 愼防犬類 、 當愼 防行 惡人 、 當愼 防 割禮 、
56001016	Sin	彼等 自 言識 上帝 、 而 其 行 違之 、 原為 可 惡者 、 不 順服 者 、 絕 於凡 善事者 、
45010002	Faith	蓋 我 為 彼等 作証 、 彼 等於 上帝 有 熱心 、 然 非 循 其 知識 也 、
47001004	Grace	彼 安慰 我 等于 吾 諸 憂患 、 使我 等 亦 能以 上帝 慰我之慰而 安慰 凡 遭 憂患者 、
55002015	Recommendation	務立 己 於 上帝 前 為 可嘉者 、 為 無愧 之 工作 、 善 治 眞理 之 言者 、
53002004	Description	此 為 悖逆 者 自 高 、 超越 凡 稱為 上帝者 、 或 崇拜者 、 甚至 彼 坐 於 上帝 之 殿 如 上帝 、 示己 為 上帝 、
49006004	Recommendation	爾儕 為 父者 、 亦 不 可 激爾 子怨怒 、 乃 以 主 之 教 及訓 養育 之 、
45008037	Grace	我 儕乃 在 此 一切 大獲全勝 、 惟 藉 愛 我 等 者耳 、
44026014	Violence	我 衆皆 仆地 、 聞 有聲 以 耶烏雷乙語 向 我 言 曰 、 薩烏泐 、 薩烏泐 、 何窘逐 我 、 爾踏莿而行 難 矣哉 、
46013006	Faith	不 喜 非 義 、 乃 喜 眞實 、
59001021	Recommendation	緣 此 當 屛祛 諸汚穢 及 諸惡 之 餘 、 以 溫柔 而受 栽培 之 言 、 乃 能 拯救 爾等 靈魂者 、
46003006	Grace	我 種 之 、 阿坡 羅斯 灌 之 、 惟 上帝 長 之 、
43015014	Recommendation	爾等 若 遵行 我 所 誡命 爾等 者 、 即為 我 之 朋友 、
62005021	Recommendation	小子歟 、 爾曹 當自 防於 偶像 、 阿民 、 伊鄂昂前公書 終 其中 有 五 章 堂 中 有 七 節誦
55003006	Sin	屬 若 輩 者 有 潛入 人家 、 引誘 無 約束 之婦 、 乃 溺於 罪 、 被 惑於 種種 之 私 慾者 、
49004015	Faith	我 儕乃 誠實 於 愛 、 當 生長 一切 於 彼 、 即 首 合 利斯托斯 也 、
49004003	Faith	務 守 神 之 同 一 在 安和 之 維繫 、
44009005	Description	彼曰 、 主歟 、 爾為誰 、 主曰 、 我 乃爾 所 窘逐之伊伊穌斯 、 爾踏莿行 難 矣 、
60003015	Recommendation	爾等于 心中 以 主 上帝 為 聖 、 爾等 為 凡 詰問 爾等 所 望 之 緣由 、 當 常備 溫柔 及 敬畏 、 而 回答 之 、
44007033	Recommendation	主向 之 曰 、 脫爾足之履 、 蓋爾 所立 之 處 乃 聖地 也 、
62002024	Faith	故 爾等 自元始 所 聞者 、 當恒 存于 爾等 中 、 若 爾等 自元始 所 聞者 、 則 恒 存于 爾等 中 、 爾等 亦 恒 居于 子及父 也 、
43008051	Faith	阿民 、 阿民 、 我 吿 爾等 、 人 若 守 我 言 、 則 永 不 見 死 、
46006013	Recommendation	食 為 腹 、 腹 為 食 、 然此與彼 、 上帝 將 悉 廢 之 、 身 非 為 淫 、 乃 為主 、 主 亦 為 身 、
45006011	Faith	如是 爾曹 亦以 已 為 罪 而 死者 、 乃 為 上帝 在 吾主伊伊穌斯合 利斯托斯 而 生 、
47002014	Faith	感謝 上帝 、 因彼 常使 我等 賴合利 斯托斯伊伊穌斯得凱勝 、 且 藉 我等 以其 知識 之 氣味 、 發現 於 遍處 、
62001005	Grace	此 乃 我 儕所聞 於 彼 、 而 傳于 爾等 之 福音 、 因 上帝 是 光 、 在 彼 無 一 暗 、
43006037	Grace	凡為 父 所 予 我 者 必 來 就 我 、 來就 我 者 我 不 逐 之 於外 、
58013001	Recommendation	弟兄 之 愛 宜存爾 等中 、 勿 忘 柔遠人 、
58007025	Grace	是以 凡賴 彼 就 上帝 前者 、 彼 能 十全 拯救 之 、 因 彼 恒生 、 為 彼等 作 轉達 、
43019015	Violence	彼等 呼曰 、 取哉 、 取哉 、 釘之于 十字架 、 批刺特 謂之 曰 、 將 爾等 之王 釘于 十字架 、 可乎 、 司祭 首 答對 、 楷薩兒 之外 、 我儕無王 、
45011005	Grace	今 亦 如是 、 依 恩寵 之所 選者 、 遺 餘者 獲 保存 、
45012010	Recommendation	以 悌弟 彼此 溫愛 、 以 長長 彼此 謙讓 、
45008014	Faith	蓋 凡 被 上帝 之 神 所 導者 、 斯乃 為 上帝子 、
45008017	Faith	若為子 、 則 必 為嗣 、 既為 上帝 之嗣 、 即 與 合利 斯托斯 同 為嗣 、 我儕若 與 彼同 苦難 、 為 偕彼 亦 必 同 榮光 、
54005017	Recommendation	善 治 之 長老 、 堪 當 倍 敬 之 、 更 在 勞碌 於 言及 教者 、
46008007	Sin	然 人非 皆 有 此 知識 、 或 人 以 良心 識 偶像 者 、 至今 而 食 如屬 献 偶像 之物 、 則 其 良心 因 輭弱 、 而 見汚穢 、
43015002	Grace	凡 在 我 之 枝 而 不結實 、 彼 去 之 、 而 凡 結實 者 、 必修 淨 之 、 使 其 結實 益繁 、
60005003	Recommendation	勿 於 分属者 為主 、 可為 群 羊 遺 成 其 模範 、
52004013	Recommendation	弟兄乎 、 為 死者 我 弗願 使 爾等 不知 、 免 耳 爾曹 憂悼 、 如 其他 無 盼望者 、
58011029	Description	伊斯拉伊泐人 由 信 、 彼等 過 紅海 行 如行 陸地 、 耶吉撇特人 試行 之 、 則 沉溺 焉 、
44007020	Description	其間 摩伊 些 乙 生而 被 上帝 所 悅 、 于 其 父 家 養育 三月 、
58005002	Grace	此 能 體卹 無知 及 迷失 者 、 因 彼 自 亦 被 輭弱 所 纏 、
45013012	Recommendation	夜 已 過 、 晝已 近 矣 、 故我 儕當除 昏暗 之 行為 、 而 衣 光明 之 甲胄 、
49006009	Recommendation	主人 亦 當 如此 向 之 而 行 、 勿 壓力 之 、 可知 在 爾等 之上 、 在 彼等 之上 、 在天 亦 有主 、 在 彼 無 偏 情 也 、
45012015	Recommendation	與 喜樂 者 同 喜樂 、 與 哭泣者 同 哭泣 、
45002005	Sin	然循爾之 剛愎 不 悔改 之 心 、 為 已 積藏 忿怒 至 上帝 之 怒 及其 公義 審判 顯現 之 日 、
44014019	Violence	適 彼等 毅然 辯論 、 有數 、 伊屋叠亞人 自昂提鄂 吸亞 及 伊適尼亞來 動衆 庶離 彼等 、 曰 、 彼等 毫無 眞言 、 惟 虛妄 耳 、 調唆 衆庶 以 石擊葩 韋泐 、 以為 彼 已死 、 曳出 城外 、
43013021	Description	伊伊穌斯 既 言 此 、 傷心 作証 而 曰 、 阿民 、 阿民 、 我 吿 爾等 、 爾等 中 一 人 將 賣 我 矣 、
48003022	Faith	然 聖經 關閉 萬 人 皆 於 罪下 、 為 許約 由 信伊伊穌斯合 利斯托斯 而 賜予 諸 信者 、
58003014	Faith	蓋 我 儕皆 為 合利 斯托斯 之 分 受者 、 克 將 原始 之 本性 堅守 至終 、
45008010	Faith	若合利 斯托斯 在 爾等 中 、 則 肉體 為 罪 而 死 、 神靈 為 義 而 生 、
44007052	Sin	有何 先知 爾等 之 列祖 不 窘逐之乎 、 彼等 殺 預言 義人 之 來者 、 而今 爾等 將 彼 已 賣 而 殺 之 、
48005021	Sin	怨恨 、 兇 凶殺 、 沉湎 、 饕餮 以及 等類 、 我 先 告 爾等 、 今 再 告 爾等 、 凡 行 此 行者 必不得嗣 上帝 之國 、
43012036	Faith	爾等 乘 有光 、 信光 、 為 爾等 成光 之 子 、 伊伊穌斯 言 此 遂 去 離 彼等 而 隱 、
58003002	Faith	彼盡 忠於 立 之 者 前 、 如 摩伊 些 乙 在 其 全家然 、
56003006	Grace	彼 以 其因 吾 拯救者 伊伊穌斯合 利斯托斯豐注 於 我等 、
44004036	Description	時 有 列微 特 人生 于 乞利普名伊 鄂錫乙 、 宗徒 稱之為 瓦兒那瓦者 、 譯即 勸慰 之子 、
48006009	Recommendation	我儕 行善 無倦 、 若 不 廢弛 、 屆期 必 收 、
48002019	Faith	我 由 法律 而為 法律 已死 、 使我 可 為 上帝 而生 、 我 與 合利 斯托斯 同 釘於 十字架 、
60002016	Recommendation	因 爾曹 得 自由 者 、 然勿 以 自由 為 掩惡 、 因 乃 上帝 之 僕也 、
54004010	Faith	蓋 我 等 為此 服勞 受辱 、 因我 儕 仰望 生活 之 上帝 、 彼 為 衆人 拯救者 、 特為 信者 、 為 拯救 道之 進步
58010029	Sin	况踐蹋 上帝 之 子 以 約 之 血 、 藉 之 自得 成 聖者 、 而 不 之 為 聖 、 又 侮慢 恩寵 之神 、 爾曹 思之 、 其人 當 受之刑 何其 重哉 、
43020021	Grace	伊伊穌斯復 向 彼等 曰 、 安和 予 爾等 、 如 父曾遣我 、 我 亦 將遣 爾等 、
65001016	Sin	此輩 為怨 人者 、 不知足 者 、 縱 其 慾而行 、 其 口出 矜誇 之言 、 而 為 其 利謟媚 於人 、
44022016	Recommendation	今爾 何 遲緩乎 、 起哉 、 呼籲 主 之名 領洗 、 以 滌洗爾之諸罪 、
55002024	Recommendation	然主之僕 不 可爭競 、 惟 以 柔和 待 衆 人 、 善 施 教訓 、
51002005	Faith	蓋 我 身 雖 遠離 、 而 神則偕爾 等在 、 喜 見 爾等 秩然 有序 、 並 堅信 合 利斯托斯 也 、
60003012	Sin	蓋 主 之 目顧眷 義人 、 其 耳聽 其 祈禱 、 然主之面 反對 惡者 、
53002013	Faith	然主 所 愛 之 弟 兄乎 、 我儕當 為 爾等 恆謝 上帝 蓋 上帝 自 始揀簡 爾等 、 為 得 拯救 於神之成聖 、 及 眞理 之 信 、
44002038	Faith	撇特兒 向 之 曰 、 悔改哉 、 爾等 因 伊伊穌斯合 利斯托斯 之 名 、 各 當 領洗 、 致 得罪 赦 、 即將 受 聖神之賦畀 、
52005015	Recommendation	愼之 、 勿 以 惡報 惡 、 對 彼此 及 衆人 、 乃 當 常 追求 善 、
45001027	Sin	男子 亦然 、 棄婦女 順性 之用 、 嗜慾 相熾 、 男 與 男作 羞愧 之 事 、 在 己 身受 其 迷謬 為 應得 之 報 、
50002018	Recommendation	為此 爾曹 亦 當 歡喜 、 且 與 我 同 歡喜 、
44003019	Recommendation	故 悔改 轉回哉 、 致 爾等 之罪 得 抹 淨 、
43006054	Faith	食 我 體 而 飲我血者 、 則 有 永遠 之 生命 、 而 我 于 末日 復活 之 、
43019011	Sin	伊伊穌斯 答對 、 若 不 自上 授爾 、 則爾 對 我 無 有 一 權 、 緣 此 解交 我 于爾者 、 其罪 更 大 、
59002017	Faith	如是 信 若無行 、 乃 自為 死者 也 、
45008003	Sin	蓋 在 其中 法律 因 肉體 輭弱 而 無力 、 故 上帝 遣其子 於 罪體 之 肖像 、 即 緣 罪 之 故 、 而 在 肉體 中 定罪 、
60003014	Recommendation	爾等 若為 義 而 受 苦難 、 則 為 有 福矣 、 勿懼 勿 驚 其 威赫 、
51003021	Recommendation	父歟 、 爾曹 勿 激怒 爾等子 、 恐 其 灰心 、
62002022	Sin	謊言者 誰乎 、 豈非 承認 伊伊穌斯合 利斯托斯者耶 、 此 即 昂提合 利斯特 、 不 承認 父 與 子者 、
46011027	Sin	故凡 不 合宜 而 食 此 餅 、 或 飲主之爵 、 必 負罪 于 主之體 及 血 、
59002020	Faith	虛誕 之人歟 、 爾欲知無行之信乃 為 死者耶 、
43018003	Description	故 伊 屋 達 帶兵 卒 一 隊 、 及 屬 司祭 首 與 發利 些 乙 之下 役 、 以 火炬 、 以 燈燭 、 以 器械 、 而 來 至 此處 、
53003003	Grace	然主 誠信 、 其 必 堅定 爾等 保護 爾等於 凶惡 也 、
44007021	Description	後 棄之 、 被 發 拉翁 之 女 取之 教養 為 己 子 、
44026021	Violence	緣 此 伊 屋叠亞人 執 我 於 殿 、 欲裂 殺 我 、
55004004	Sin	彼等 背 聽 眞理 、 而 轉向 虛談 、
43006064	Faith	然爾 等中 有 不 信者 也 、 蓋伊伊穌斯自始 知 不 信者 皆 誰 、 將 賣 之 者 為 誰 、
43013026	Description	伊伊穌斯 答對 、 我蘸片 餅 予 之 者 、 即是 、 乃蘸片 餅 予 錫孟 之 伊 屋 達 伊斯 喀利鄂特者 、
54006020	Recommendation	嗚呼 、 提摩 斐乙歟 、 爾當守 所 托付 於爾者 、 夫汚穢虛 談及 偽稱 知識 之 辯駁 、
44017005	Violence	然 不 信 之 伊 屋叠亞人 嫉妬 、 帶領 市井 之 匪類 數人 、 成羣 在 城 攪亂 、 突至伊阿松家 、 尋求 曳出 彼等 就 民前 、
62005016	Sin	人 若 見 兄弟 犯罪 不 至死 、 則 可 為 之 求 、 而 上帝 將 以 生活 賜 之 、 惟 犯罪 不致于 死者 也 、 有罪 致 死者 、 我 不 言 當 為 之 求 也 、
43013020	Faith	阿民 、 阿民 、 我 吿 爾等 、 接 我 所 遣者 、 即 接待 我 、 接待 我 者 、 即 接待遣 我 者 也 、
58012028	Faith	故我 儕既 受 不 可 震 之國 、 則 當 保守 上帝 所 悅 者 、 由之 有 虔誠 寅畏 而 事 奉 之 、
44019013	Description	有 遊行 誦咒者 數 伊 屋叠亞人 、 乃 有 邪神 者 、 起用 主伊伊穌斯 之 名 、 曰 、 吾 藉 葩韋泐所傳之伊伊穌斯 詛咒 爾等 、
44015040	Grace	葩韋泐 選 錫剌 、 而為 諸 兄弟 託之于 上帝 之 恩寵 同往
63001008	Recommendation	爾曹 當 自慎 、 免 爾等 勤勞 所得者 、 以 得 完全 之 賞賜 、
44008021	Sin	在 此言 、 與 爾無分 無鬮 、 因爾 之心 在 上帝 面前 不 正 也 、
43017010	Faith	屬 我 者 、 亦屬爾 、 屬爾者 、 亦 屬 我 、 且 我 受 榮光 在 彼等 、
45003012	Sin	皆 失迷 同為 無用 、 無 有 善者 、 致 一 亦 無 、
50002003	Recommendation	凡事 勿 分 爭 、 勿 求 虛榮 、 乃 互相 謙遜 以 尊人 較 己 為 大 、
60004007	Recommendation	萬 有 之 終 伊邇 、 故當 謹慎 且 警醒 以 祈禱 、
44014026	Grace	自 彼開 駛往 昂提鄂 吸亞 、 即 此 彼等 昔託于 上帝 之 恩寵 為 行今 所 已 成 之事 、
46007028	Recommendation	倘爾若娶 非 獲罪 、 處女 若 嫁 、 亦非 獲罪 、 但 如此 者 其 身 遭難 、 然 我 憐惜 爾等 也 、
49006012	Sin	因我 儕之戰 征 、 非 對 血氣 、 乃 對 首領 權柄 、 今世 幽暗 之 王 、 空中 之 諸 惡神 也 、
59001005	Recommendation	若爾 等中 有 人 智慧 不足 、 但 求 上帝 乃 徑情不咎而賜眾者 、 則 必 賜 之 、
52005019	Recommendation	爾等 勿 撲滅 神 、
58009002	Description	蓋 第一 之 幕 所設 、 乃 稱為 聖所 、 其內 有 燈台 與 案 、 並 供薦 之 餅 、
62005013	Faith	我 既 書 此 達 爾等 信上 帝子 之 名 者 、 使 爾等 知且 信上 帝子 之 名 者 、 且 有 永遠 之 生命 、
43007018	Faith	由 自己 而 言者 、 乃 尋求 己 之 榮 、 惟 尋求 遣之 者 之 榮 、 斯 為 真實 、 在 其 內 無 不義 、
47004007	Grace	但 我儕 有 此 實 、 藏 於 土器 為 莫大 之 能 、 非 由 我 等 乃 由 上帝 、
45012019	Recommendation	所 愛 者歟 、 毋 為 己 報復 、 勿 為 赫怒而留 地步 、 蓋 載 者云 、 主曰 、 報復 在 我 、 我 必 報應 、
43008054	Faith	伊伊穌斯 答對 、 若 我 自榮 、 我 之 榮光 則 無 、 有 我 父 榮光 我 者 、 即 爾曹 所言為爾 之上 帝 也 、
45014020	Recommendation	勿 因 食物 敗壞 上帝 之 事 、 蓋 凡 物皆潔 、 然為躓礙 而 食者 、 與 之為 惡也
43019040	Description	彼等 取伊伊穌斯 之 遺體 、 以 枲布 加 香料 裹 之 、 如 伊 屋叠亞人禮 以 埋葬 之 、
58010034	Faith	蓋爾曹 體恤 我 之 縲絏 、 人 奪 爾等 之 產業 、 爾曹 喜 受之 、 因 爾曹 知 在 天為 已 有 愈 義恆 存 之 產業 、
44013023	Grace	上帝 按 所 許者 、 由此 裔 為 伊斯拉伊泐民 興起 拯救者 、 伊伊穌斯 、
46002009	Faith	但如 載者云 、 上帝 為 愛 之 者 所 備 、 乃 人 目 未 見 、 耳 未 聞 、 亦 未 入 人心 、
45008011	Grace	若使 伊伊穌斯 由 死 復活 之 神 居于 爾等 中 、 則 使 伊伊穌斯 由 死 復活者 必 以 所 居於 爾等 中者 、 其 聖神 復生 爾等 屬死 之 身體 、
45008016	Faith	此 本神 與 我 等 之神 同作証 、 是 我 儕為 上帝之子 、
48006007	Recommendation	勿 自欺 、 上帝 不可汚漫 慢 也 、 人 所 種 者何 、 所收者 亦 何 、
45011022	Grace	故 上帝 之恩 慈乃 向 蹶躓者 則 嚴厲 、 向爾 則 恩慈 、 惟爾 存在 上帝 之恩慈 、 否 、 則爾亦見斫矣 、
59005007	Recommendation	故吾 弟 兄乎 、 爾等 恒忍 、 以待 主 降臨 、 顧 農夫 望 之 嘉產 、 為 之 恆 忍耐 、 迨得 前後 之 雨 、
55001016	Grace	顧主 賜 慈 憐 於 鄂尼錫 縛兒家 、 盖 彼 屢次 安慰 我 、 不 以 我 之 縲絏為恥 、
62002028	Faith	小子歟 、 爾曹 當恒 居 彼 、 為 我 儕至彼 顯現 在 其 降臨 之時 、 得 毅然 、 且 無 可 愧于 其 前 、
48005016	Recommendation	我 言 爾曹 當 以 神 而行 、 然勿 成 肉體 之 慾 、
54001015	Grace	其 可信 、 全 可 堪受 、 伊伊穌斯合 利斯托斯 降世 為 拯救 罪人 、 在 其中 我 為首 、
49006010	Faith	我 弟兄乎 、 始終 爾曹 以主 及其 力之 大能 而 堅固 、
46010012	Recommendation	故 自以為 立者 宜愼 、 勿倒 、
58010014	Grace	蓋 彼 以 一 次 之 獻 成全 被 成 聖者 於 永遠 、
43010031	Violence	伊屋叠亞人 復取 石 欲 擊 之 、
46011003	Description	我 又 欲 爾等 知合 利斯托斯 、 為 凡 男 之 首 、 男 為 女 之首 、 上帝 為 合利 斯托斯 之 首 、
58011036	Violence	又 他 者受 淩辱 、 鞭朴 、 縲絏 、 囹圄 之 試 、
58006019	Faith	我儕 有 此 為 靈如錨 、 堅定 不動 、 而 入幔內
49005011	Recommendation	闇昧 無 果實 之事 、 勿 共 與 之 、 惟當 責 之 、
59004011	Recommendation	弟兄乎 、 勿 相 毁謗 、 毁謗 兄弟 、 或 審判 兄弟 者 、 乃 毁謗 法律 、 又 審判 法律 也 、 但爾 審判 法律 、 非行 法律 者 、 乃 自為 審判者 也 、
58003006	Faith	然合 利斯托斯 在 其家 乃 為 子 、 而 我 儕乃 其家 、 若 我 儕至終 克 堅守 勇敢 及 可誇 之 望 、
45012009	Recommendation	愛 無 偽 、 惡惡 親善 、
48003020	Description	中保 非 惟一 、 上帝 乃 一 也 、
43019010	Description	故批 刺 特 謂 彼曰 、 爾不言乎 、 豈不知 我 又 權 釘爾于 十字架 、 亦 有 權 釋放 爾乎 、
44008032	Description	其所 讀 之 經文 如 左 、 如 羊 被 牽就 屠 、 而 如 羔對剪 其 毛者 竟 無 作聲 、 彼不啓其口 亦 如此 、
44013021	Description	自是 彼等 求 立王 、 上帝 賜 彼等 薩烏泐 、 乃乞莎烏 之 子 、 即韋尼阿民 支派 之 人 、 歷 四十 年 、
56001010	Sin	蓋有 多 人 為 不順從 、 虛 談 者 、 欺惑者 、 於 受 割禮 者 尤甚 、
44010012	Description	其中 有 地上 四足 牲畜 、 野獸 、 昆蟲 、 及 天空 之 飛鳥 、
43017022	Grace	我 將 爾所賜 我 之 榮光 、 我 已 賜 彼等 、 為 彼等 為 一 、 如 我 儕為 一 然 、
55001013	Faith	當 將爾 所聞 於 我 醇正 言之 模範 、 持 守 於 信 及 愛 、 即 在 合利 斯托斯伊伊穌斯者 、
43002006	Description	在 彼 有 六 石甕 、 依 伊 屋叠亞之潔俗 設 者 、 各 容 約 二三 斗 、
46015034	Recommendation	爾曹 當 醒悟 、 合義 勿 犯罪 、 蓋爾 等中 有 不識 上帝 者 、 我 言 此 以 愧 爾等 、
49004002	Recommendation	以 諸 謙遜 、 溫柔 、 恒忍 、 因 愛 互恕 、
65001023	Recommendation	或者 以 敬畏 拯救 之 、 如 脫離 火中 、 爾曹 以 敬畏 責備 之 、 當惡 如 被 肉身 所 汚 之 衣 、
45008028	Grace	且 我 儕知 愛上 帝者 、 即 依其 預定 而蒙 召者 、 大都 輔助于 善 、
45016019	Recommendation	蓋爾 等之 順服 已 聲聞 于 衆 、 故我 為 爾等 歡喜 、 但願 爾等 於 善 則 智慧 、 於 惡 則 愚魯 、
58009004	Description	有 金 香爐 、 有 四 面 包金 之 約櫃 、 有 盛芒 那 之 金樽 、 阿阿隆 萌芽 之 杖 、 有 誡 約 之 石板二 、
45003027	Faith	然則 誇詡 安在 、 被 除 矣 、 以 何 法律 、 是 行之者乎 、 非也 、 乃 以 信 之 法律 也 、
43014010	Faith	爾不信 我 在 父 、 父 在 我乎 、 我 所 吿 爾等 之言 、 非 由 己 而言 、 然 在 我 內 之 父 、 親 行 其事 、
44016022	Violence	衆庶 齊 起 攻 彼等 、 上官褫 彼等 之 衣 、 命 杖 之 、
43013034	Recommendation	我 予 爾等 新 誡命 、 即 爾等 當 相愛 、 如 我 愛 爾等 、 爾等 當亦 如是 相愛 、
47005001	Grace	蓋 我 等 知 吾 屬地 之 幕 屋 既 壞 、 則 我 儕有 上帝 所 造 、 非 手 所 造 之 屋 、 乃 永遠 在 天者 、
43012044	Faith	伊伊穌斯呼曰 、 信 我 者 非 信 我 、 乃信遣 我 者 、
44009013	Description	阿那尼亞 答對 、 主歟 、 我 由 多 衆聞 此 人 在 耶魯 薩利木 與 爾諸聖 而行 若許 之 惡 、
55003002	Sin	蓋 人 將 自愛 、 貪婪 、 驕傲 、 矜慢 、 誹謗 、 逆親 、 辜恩 、 不 虔敬 、 無情誼 、
45005009	Grace	故我 儕今 因 其 血既 稱為 義 、 况藉 彼得救 脫于其赫怒耶 、
45014014	Sin	我 賴主伊伊穌斯 明知 且 深信 、 凡 物 本 無 不潔者 、 若 人 以 何物 為 不潔 、 則 與 彼為 不潔 、
54004006	Faith	爾以此 勸 弟兄 則 可 為 伊伊穌斯合 利斯托斯 之 良善 執事 、 受信 德 之 言及爾 所 從 之 善 教 養育 、
