cya	/mounts/Users/student/yehao/public_html/data/Taxi1500-c_v2.0/cya_CYAAVV.api.txt
wbp	/mounts/Users/student/yehao/public_html/data/Taxi1500-c_v2.0/wbp_wbp.ebible.txt
kmg	/mounts/Users/student/yehao/public_html/data/Taxi1500-c_v2.0/kmg_kmg.png.txt
wer	/mounts/Users/student/yehao/public_html/data/Taxi1500-c_v2.0/wer_wer.png.txt
kmu	/mounts/Users/student/yehao/public_html/data/Taxi1500-c_v2.0/kmu_kmu.png.txt
lbk	/mounts/Users/student/yehao/public_html/data/Taxi1500-c_v2.0/lbk-x-bible.txt
bqp	/mounts/Users/student/yehao/public_html/data/Taxi1500-c_v2.0/bqp_BQPSIM.cloud.txt
pol	/mounts/Users/student/yehao/public_html/data/Taxi1500-c_v2.0/pol_polsz.ebible.txt
mcf	/mounts/Users/student/yehao/public_html/data/Taxi1500-c_v2.0/mcf_MCFWBT.cloud.txt
yut	/mounts/Users/student/yehao/public_html/data/Taxi1500-c_v2.0/yut-x-bible.txt
fuh	/mounts/Users/student/yehao/public_html/data/Taxi1500-c_v2.0/fuh_FUHSIM.api.txt
khs	/mounts/Users/student/yehao/public_html/data/Taxi1500-c_v2.0/khs_khs.ebible.txt
hau	/mounts/Users/student/yehao/public_html/data/Taxi1500-c_v2.0/hau_hausa.ebible.txt
yle	/mounts/Users/student/yehao/public_html/data/Taxi1500-c_v2.0/yle_YLETBL.cloud.txt
yss	/mounts/Users/student/yehao/public_html/data/Taxi1500-c_v2.0/yss_yss-yamano.png.txt
caf	/mounts/Users/student/yehao/public_html/data/Taxi1500-c_v2.0/caf_CAFWBT.cloud.txt
gqr	/mounts/Users/student/yehao/public_html/data/Taxi1500-c_v2.0/gqr-x-bible.txt
emi	/mounts/Users/student/yehao/public_html/data/Taxi1500-c_v2.0/emi_emi.png.txt
cuc	/mounts/Users/student/yehao/public_html/data/Taxi1500-c_v2.0/cuc_CUCTBL.api.txt
mee	/mounts/Users/student/yehao/public_html/data/Taxi1500-c_v2.0/mee_MEETBL.api.txt
bdd	/mounts/Users/student/yehao/public_html/data/Taxi1500-c_v2.0/bdd_BDDPNG.cloud.txt
arz	/mounts/Users/student/yehao/public_html/data/Taxi1500-c_v2.0/arz-x-bible.txt
knf	/mounts/Users/student/yehao/public_html/data/Taxi1500-c_v2.0/knf-x-bible.txt
ngp	/mounts/Users/student/yehao/public_html/data/Taxi1500-c_v2.0/ngp_1043.biblecom.txt
aer	/mounts/Users/student/yehao/public_html/data/Taxi1500-c_v2.0/aer_1746.biblecom.txt
daa	/mounts/Users/student/yehao/public_html/data/Taxi1500-c_v2.0/daa_DAAWYI.api.txt
otq	/mounts/Users/student/yehao/public_html/data/Taxi1500-c_v2.0/otq_OTQTBL.api.txt
cym	/mounts/Users/student/yehao/public_html/data/Taxi1500-c_v2.0/cym-x-bible-salesbury.txt
maj	/mounts/Users/student/yehao/public_html/data/Taxi1500-c_v2.0/maj_MAJBTT.cloud.txt
ctu	/mounts/Users/student/yehao/public_html/data/Taxi1500-c_v2.0/ctu_859.biblecom.txt
quh	/mounts/Users/student/yehao/public_html/data/Taxi1500-c_v2.0/quh-x-bible-1993.txt
tmd	/mounts/Users/student/yehao/public_html/data/Taxi1500-c_v2.0/tmd_tmd.ebible.txt
otn	/mounts/Users/student/yehao/public_html/data/Taxi1500-c_v2.0/otn_OTNWBT.cloud.txt
ita	/mounts/Users/student/yehao/public_html/data/Taxi1500-c_v2.0/ita-x-bible-2009.txt
tzo	/mounts/Users/student/yehao/public_html/data/Taxi1500-c_v2.0/tzo_TZOSAN.cloud.txt
zaw	/mounts/Users/student/yehao/public_html/data/Taxi1500-c_v2.0/zaw_ZAWMVR.api.txt
akh	/mounts/Users/student/yehao/public_html/data/Taxi1500-c_v2.0/akh_akh.png.txt
dah	/mounts/Users/student/yehao/public_html/data/Taxi1500-c_v2.0/dah_dah.png.txt
ixl	/mounts/Users/student/yehao/public_html/data/Taxi1500-c_v2.0/ixl_IXIWBT.api.txt
bqc	/mounts/Users/student/yehao/public_html/data/Taxi1500-c_v2.0/bqc-x-bible.txt
lac	/mounts/Users/student/yehao/public_html/data/Taxi1500-c_v2.0/lac_LACTBL.api.txt
kje	/mounts/Users/student/yehao/public_html/data/Taxi1500-c_v2.0/kje-x-bible.txt
gun	/mounts/Users/student/yehao/public_html/data/Taxi1500-c_v2.0/gun_GUNWBT.api.txt
ron	/mounts/Users/student/yehao/public_html/data/Taxi1500-c_v2.0/ron-x-bible-cornilescu.txt
hrv	/mounts/Users/student/yehao/public_html/data/Taxi1500-c_v2.0/hrv_hrv.ebible.txt
yuw	/mounts/Users/student/yehao/public_html/data/Taxi1500-c_v2.0/yuw_yuw.png.txt
meu	/mounts/Users/student/yehao/public_html/data/Taxi1500-c_v2.0/meu_meu.png.txt
kdl	/mounts/Users/student/yehao/public_html/data/Taxi1500-c_v2.0/kdl_KDLWBT.cloud.txt
boa	/mounts/Users/student/yehao/public_html/data/Taxi1500-c_v2.0/boa-x-bible.txt
guo	/mounts/Users/student/yehao/public_html/data/Taxi1500-c_v2.0/guo-x-bible.txt
mqj	/mounts/Users/student/yehao/public_html/data/Taxi1500-c_v2.0/mqj_MQJWBT.cloud.txt
rwo	/mounts/Users/student/yehao/public_html/data/Taxi1500-c_v2.0/rwo_RWOKAR.cloud.txt
nya	/mounts/Users/student/yehao/public_html/data/Taxi1500-c_v2.0/nya_1618.biblecom.txt
chz	/mounts/Users/student/yehao/public_html/data/Taxi1500-c_v2.0/chz_CHZWBT.api.txt
cpu	/mounts/Users/student/yehao/public_html/data/Taxi1500-c_v2.0/cpu_CPUWBT.cloud.txt
azb	/mounts/Users/student/yehao/public_html/data/Taxi1500-c_v2.0/azb_azb.ebible.txt
bnp	/mounts/Users/student/yehao/public_html/data/Taxi1500-c_v2.0/bnp_bnp.png.txt
kbm	/mounts/Users/student/yehao/public_html/data/Taxi1500-c_v2.0/kbm_kbm.png.txt
mpx	/mounts/Users/student/yehao/public_html/data/Taxi1500-c_v2.0/mpx_mpx.png.txt
suk	/mounts/Users/student/yehao/public_html/data/Taxi1500-c_v2.0/suk_SUKTBL.api.txt
smk	/mounts/Users/student/yehao/public_html/data/Taxi1500-c_v2.0/smk_SMKWBT.cloud.txt
chk	/mounts/Users/student/yehao/public_html/data/Taxi1500-c_v2.0/chk-x-bible.txt
asm	/mounts/Users/student/yehao/public_html/data/Taxi1500-c_v2.0/asm_1882.biblecom.txt
cha	/mounts/Users/student/yehao/public_html/data/Taxi1500-c_v2.0/cha-x-bible-1908.txt
qxh	/mounts/Users/student/yehao/public_html/data/Taxi1500-c_v2.0/qxh_QXHWBT.api.txt
caa	/mounts/Users/student/yehao/public_html/data/Taxi1500-c_v2.0/caa_CAAWBT.api.txt
swh	/mounts/Users/student/yehao/public_html/data/Taxi1500-c_v2.0/swh_swhulb.ebible.txt
aai	/mounts/Users/student/yehao/public_html/data/Taxi1500-c_v2.0/aai_aai.png.txt
zar	/mounts/Users/student/yehao/public_html/data/Taxi1500-c_v2.0/zar_ZARTBL.api.txt
fue	/mounts/Users/student/yehao/public_html/data/Taxi1500-c_v2.0/fue_FUESIM.api.txt
zac	/mounts/Users/student/yehao/public_html/data/Taxi1500-c_v2.0/zac_ZACSIM.cloud.txt
gub	/mounts/Users/student/yehao/public_html/data/Taxi1500-c_v2.0/gub-x-bible.txt
sxb	/mounts/Users/student/yehao/public_html/data/Taxi1500-c_v2.0/sxb_SXBWBT.cloud.txt
mlh	/mounts/Users/student/yehao/public_html/data/Taxi1500-c_v2.0/mlh_MLHPNG.cloud.txt
ese	/mounts/Users/student/yehao/public_html/data/Taxi1500-c_v2.0/ese_ESEWBT.cloud.txt
azg	/mounts/Users/student/yehao/public_html/data/Taxi1500-c_v2.0/azg_AZGTBL.api.txt
myk	/mounts/Users/student/yehao/public_html/data/Taxi1500-c_v2.0/myk_MYKWBT.api.txt
wed	/mounts/Users/student/yehao/public_html/data/Taxi1500-c_v2.0/wed_wed.png.txt
als	/mounts/Users/student/yehao/public_html/data/Taxi1500-c_v2.0/als_ALSSHQ.cloud.txt
nhw	/mounts/Users/student/yehao/public_html/data/Taxi1500-c_v2.0/nhw_NHWTBL.api.txt
mwp	/mounts/Users/student/yehao/public_html/data/Taxi1500-c_v2.0/mwp_1399.biblecom.txt
nog	/mounts/Users/student/yehao/public_html/data/Taxi1500-c_v2.0/nog-x-bible.txt
crx	/mounts/Users/student/yehao/public_html/data/Taxi1500-c_v2.0/crx-x-bible.txt
aby	/mounts/Users/student/yehao/public_html/data/Taxi1500-c_v2.0/aby_aby.png.txt
wrk	/mounts/Users/student/yehao/public_html/data/Taxi1500-c_v2.0/wrk_wrk.ebible.txt
eng	/mounts/Users/student/yehao/public_html/data/Taxi1500-c_v2.0/eng-x-bible-kingjames.txt
bmh	/mounts/Users/student/yehao/public_html/data/Taxi1500-c_v2.0/bmh_bmh.png.txt
bvr	/mounts/Users/student/yehao/public_html/data/Taxi1500-c_v2.0/bvr_bvr.ebible.txt
sus	/mounts/Users/student/yehao/public_html/data/Taxi1500-c_v2.0/sus_susa.ebible.txt
rmc	/mounts/Users/student/yehao/public_html/data/Taxi1500-c_v2.0/rmc_rmc.ebible.txt
mbc	/mounts/Users/student/yehao/public_html/data/Taxi1500-c_v2.0/mbc_MBCWBT.cloud.txt
hop	/mounts/Users/student/yehao/public_html/data/Taxi1500-c_v2.0/hop-x-bible.txt
ssx	/mounts/Users/student/yehao/public_html/data/Taxi1500-c_v2.0/ssx_ssx.png.txt
meq	/mounts/Users/student/yehao/public_html/data/Taxi1500-c_v2.0/meq_MEQWBT.api.txt
naf	/mounts/Users/student/yehao/public_html/data/Taxi1500-c_v2.0/naf_NAFTBL.cloud.txt
tur	/mounts/Users/student/yehao/public_html/data/Taxi1500-c_v2.0/tur_TUR008.cloud.txt
tgl	/mounts/Users/student/yehao/public_html/data/Taxi1500-c_v2.0/tgl-x-bible-1905.txt
kyf	/mounts/Users/student/yehao/public_html/data/Taxi1500-c_v2.0/kyf_KYFWBT.api.txt
tbc	/mounts/Users/student/yehao/public_html/data/Taxi1500-c_v2.0/tbc_tbc.png.txt
cbs	/mounts/Users/student/yehao/public_html/data/Taxi1500-c_v2.0/cbs_CBSWBT.cloud.txt
mpp	/mounts/Users/student/yehao/public_html/data/Taxi1500-c_v2.0/mpp_mpp.png.txt
cub	/mounts/Users/student/yehao/public_html/data/Taxi1500-c_v2.0/cub_CUBWBT.api.txt
car	/mounts/Users/student/yehao/public_html/data/Taxi1500-c_v2.0/car_CARBSS.api.txt
top	/mounts/Users/student/yehao/public_html/data/Taxi1500-c_v2.0/top_TOPWBT.cloud.txt
mib	/mounts/Users/student/yehao/public_html/data/Taxi1500-c_v2.0/mib_MIBWBT.cloud.txt
dgc	/mounts/Users/student/yehao/public_html/data/Taxi1500-c_v2.0/dgc_DGCWBT.cloud.txt
nmw	/mounts/Users/student/yehao/public_html/data/Taxi1500-c_v2.0/nmw_nmws.png.txt
wnu	/mounts/Users/student/yehao/public_html/data/Taxi1500-c_v2.0/wnu_wnu.png.txt
tel	/mounts/Users/student/yehao/public_html/data/Taxi1500-c_v2.0/tel_1895.biblecom.txt
yap	/mounts/Users/student/yehao/public_html/data/Taxi1500-c_v2.0/yap_1919.biblecom.txt
apy	/mounts/Users/student/yehao/public_html/data/Taxi1500-c_v2.0/apy-x-bible.txt
xnn	/mounts/Users/student/yehao/public_html/data/Taxi1500-c_v2.0/xnn-x-bible.txt
tuo	/mounts/Users/student/yehao/public_html/data/Taxi1500-c_v2.0/tuo_TUOWBT.api.txt
bea	/mounts/Users/student/yehao/public_html/data/Taxi1500-c_v2.0/bea_1664.biblecom.txt
msk	/mounts/Users/student/yehao/public_html/data/Taxi1500-c_v2.0/msk_MSKWBT.cloud.txt
mav	/mounts/Users/student/yehao/public_html/data/Taxi1500-c_v2.0/mav_MAVWBT.cloud.txt
plt	/mounts/Users/student/yehao/public_html/data/Taxi1500-c_v2.0/plt-x-bible-1865.txt
bao	/mounts/Users/student/yehao/public_html/data/Taxi1500-c_v2.0/bao-x-bible.txt
mya	/mounts/Users/student/yehao/public_html/data/Taxi1500-c_v2.0/mya-x-bible-1835.txt
xsi	/mounts/Users/student/yehao/public_html/data/Taxi1500-c_v2.0/xsi-x-bible.txt
aze	/mounts/Users/student/yehao/public_html/data/Taxi1500-c_v2.0/aze-x-bible-latin.txt
ngu	/mounts/Users/student/yehao/public_html/data/Taxi1500-c_v2.0/ngu_NGUTBL.api.txt
nwi	/mounts/Users/student/yehao/public_html/data/Taxi1500-c_v2.0/nwi_NWIWBT.api.txt
trc	/mounts/Users/student/yehao/public_html/data/Taxi1500-c_v2.0/trc-x-bible.txt
pri	/mounts/Users/student/yehao/public_html/data/Taxi1500-c_v2.0/pri_PRIWBT.cloud.txt
quc	/mounts/Users/student/yehao/public_html/data/Taxi1500-c_v2.0/quc_quctt.ebible.txt
cbu	/mounts/Users/student/yehao/public_html/data/Taxi1500-c_v2.0/cbu_CBUWBT.cloud.txt
aso	/mounts/Users/student/yehao/public_html/data/Taxi1500-c_v2.0/aso_aso.png.txt
urt	/mounts/Users/student/yehao/public_html/data/Taxi1500-c_v2.0/urt_urt.png.txt
fuf	/mounts/Users/student/yehao/public_html/data/Taxi1500-c_v2.0/fuf_FUFPBT.api.txt
kgf	/mounts/Users/student/yehao/public_html/data/Taxi1500-c_v2.0/kgf-x-bible.txt
tod	/mounts/Users/student/yehao/public_html/data/Taxi1500-c_v2.0/tod_1380.biblecom.txt
mio	/mounts/Users/student/yehao/public_html/data/Taxi1500-c_v2.0/mio_MIOWBT.api.txt
waj	/mounts/Users/student/yehao/public_html/data/Taxi1500-c_v2.0/waj_waj.png.txt
chq	/mounts/Users/student/yehao/public_html/data/Taxi1500-c_v2.0/chq-x-bible.txt
ktm	/mounts/Users/student/yehao/public_html/data/Taxi1500-c_v2.0/ktm_ktm.png.txt
gym	/mounts/Users/student/yehao/public_html/data/Taxi1500-c_v2.0/gym-x-bible.txt
zam	/mounts/Users/student/yehao/public_html/data/Taxi1500-c_v2.0/zam_ZAMILM.cloud.txt
ztq	/mounts/Users/student/yehao/public_html/data/Taxi1500-c_v2.0/ztq_ZTQTBL.api.txt
mbh	/mounts/Users/student/yehao/public_html/data/Taxi1500-c_v2.0/mbh_mbh.png.txt
aln	/mounts/Users/student/yehao/public_html/data/Taxi1500-c_v2.0/aln-x-bible.txt
ipi	/mounts/Users/student/yehao/public_html/data/Taxi1500-c_v2.0/ipi_ipi.png.txt
hns	/mounts/Users/student/yehao/public_html/data/Taxi1500-c_v2.0/hns-x-bible.txt
mbb	/mounts/Users/student/yehao/public_html/data/Taxi1500-c_v2.0/mbb_928.biblecom.txt
kue	/mounts/Users/student/yehao/public_html/data/Taxi1500-c_v2.0/kue_KUEPNG.api.txt
aom	/mounts/Users/student/yehao/public_html/data/Taxi1500-c_v2.0/aom_aom.png.txt
qvs	/mounts/Users/student/yehao/public_html/data/Taxi1500-c_v2.0/qvs-x-bible.txt
ons	/mounts/Users/student/yehao/public_html/data/Taxi1500-c_v2.0/ons_ons.ebible.txt
nif	/mounts/Users/student/yehao/public_html/data/Taxi1500-c_v2.0/nif_NIFWBT.cloud.txt
srn	/mounts/Users/student/yehao/public_html/data/Taxi1500-c_v2.0/srn_SRNBSS.api.txt
kwf	/mounts/Users/student/yehao/public_html/data/Taxi1500-c_v2.0/kwf-x-bible.txt
csy	/mounts/Users/student/yehao/public_html/data/Taxi1500-c_v2.0/csy_csy.ebible.txt
sll	/mounts/Users/student/yehao/public_html/data/Taxi1500-c_v2.0/sll_sll.png.txt
mic	/mounts/Users/student/yehao/public_html/data/Taxi1500-c_v2.0/mic_MICCBS.cloud.txt
tnc	/mounts/Users/student/yehao/public_html/data/Taxi1500-c_v2.0/tnc_1110.biblecom.txt
gux	/mounts/Users/student/yehao/public_html/data/Taxi1500-c_v2.0/gux_gux.ebible.txt
nvm	/mounts/Users/student/yehao/public_html/data/Taxi1500-c_v2.0/nvm_nvm.png.txt
nbq	/mounts/Users/student/yehao/public_html/data/Taxi1500-c_v2.0/nbq-x-bible.txt
bpr	/mounts/Users/student/yehao/public_html/data/Taxi1500-c_v2.0/bpr_BPRWYI.api.txt
apu	/mounts/Users/student/yehao/public_html/data/Taxi1500-c_v2.0/apu-x-bible.txt
opm	/mounts/Users/student/yehao/public_html/data/Taxi1500-c_v2.0/opm_opm.png.txt
bhl	/mounts/Users/student/yehao/public_html/data/Taxi1500-c_v2.0/bhl_bhl.png.txt
mqb	/mounts/Users/student/yehao/public_html/data/Taxi1500-c_v2.0/mqb_MQBWBT.api.txt
tcz	/mounts/Users/student/yehao/public_html/data/Taxi1500-c_v2.0/tcz_tczchongthu.ebible.txt
enm	/mounts/Users/student/yehao/public_html/data/Taxi1500-c_v2.0/enm-x-bible-bishop.txt
ape	/mounts/Users/student/yehao/public_html/data/Taxi1500-c_v2.0/ape_apeB.png.txt
deu	/mounts/Users/student/yehao/public_html/data/Taxi1500-c_v2.0/deu-x-bible-luther1545letztehand.txt
mgh	/mounts/Users/student/yehao/public_html/data/Taxi1500-c_v2.0/mgh_MGHPBT.api.txt
cme	/mounts/Users/student/yehao/public_html/data/Taxi1500-c_v2.0/cme-x-bible.txt
tnk	/mounts/Users/student/yehao/public_html/data/Taxi1500-c_v2.0/tnk_TNKWBT.api.txt
mwc	/mounts/Users/student/yehao/public_html/data/Taxi1500-c_v2.0/mwc_mwc.png.txt
xla	/mounts/Users/student/yehao/public_html/data/Taxi1500-c_v2.0/xla_xla.png.txt
kek	/mounts/Users/student/yehao/public_html/data/Taxi1500-c_v2.0/kek-x-bible-1988.txt
vid	/mounts/Users/student/yehao/public_html/data/Taxi1500-c_v2.0/vid_VIDPBT.api.txt
eus	/mounts/Users/student/yehao/public_html/data/Taxi1500-c_v2.0/eus-x-bible-navarrolabourdin.txt
usa	/mounts/Users/student/yehao/public_html/data/Taxi1500-c_v2.0/usa_usa.png.txt
nss	/mounts/Users/student/yehao/public_html/data/Taxi1500-c_v2.0/nss_nss.png.txt
mcd	/mounts/Users/student/yehao/public_html/data/Taxi1500-c_v2.0/mcd_MCDWBT.cloud.txt
qvc	/mounts/Users/student/yehao/public_html/data/Taxi1500-c_v2.0/qvc-x-bible.txt
zia	/mounts/Users/student/yehao/public_html/data/Taxi1500-c_v2.0/zia_zia.png.txt
moh	/mounts/Users/student/yehao/public_html/data/Taxi1500-c_v2.0/moh-x-bible.txt
snn	/mounts/Users/student/yehao/public_html/data/Taxi1500-c_v2.0/snn_SNNWBT.api.txt
qve	/mounts/Users/student/yehao/public_html/data/Taxi1500-c_v2.0/qve_QVETBL.api.txt
gmv	/mounts/Users/student/yehao/public_html/data/Taxi1500-c_v2.0/gmv_GMVWBT.cloud.txt
yad	/mounts/Users/student/yehao/public_html/data/Taxi1500-c_v2.0/yad-x-bible.txt
gdr	/mounts/Users/student/yehao/public_html/data/Taxi1500-c_v2.0/gdr_gdr.png.txt
ewe	/mounts/Users/student/yehao/public_html/data/Taxi1500-c_v2.0/ewe_ewe.ebible.txt
dgz	/mounts/Users/student/yehao/public_html/data/Taxi1500-c_v2.0/dgz_dgz.png.txt
not	/mounts/Users/student/yehao/public_html/data/Taxi1500-c_v2.0/not_NOTWBT.cloud.txt
yby	/mounts/Users/student/yehao/public_html/data/Taxi1500-c_v2.0/yby_yby.png.txt
mto	/mounts/Users/student/yehao/public_html/data/Taxi1500-c_v2.0/mto_MTOWBT.cloud.txt
lbb	/mounts/Users/student/yehao/public_html/data/Taxi1500-c_v2.0/lbb_lbb.png.txt
cle	/mounts/Users/student/yehao/public_html/data/Taxi1500-c_v2.0/cle_CLETBL.api.txt
ptp	/mounts/Users/student/yehao/public_html/data/Taxi1500-c_v2.0/ptp_ptp.png.txt
kpx	/mounts/Users/student/yehao/public_html/data/Taxi1500-c_v2.0/kpx_KPXTBL.cloud.txt
ceg	/mounts/Users/student/yehao/public_html/data/Taxi1500-c_v2.0/ceg-x-bible.txt
aoj	/mounts/Users/student/yehao/public_html/data/Taxi1500-c_v2.0/aoj_AOJFIL.cloud.txt
gla	/mounts/Users/student/yehao/public_html/data/Taxi1500-c_v2.0/gla-x-bible.txt
agn	/mounts/Users/student/yehao/public_html/data/Taxi1500-c_v2.0/agn_AGNWPS.api.txt
arb	/mounts/Users/student/yehao/public_html/data/Taxi1500-c_v2.0/arb-x-bible.txt
ruf	/mounts/Users/student/yehao/public_html/data/Taxi1500-c_v2.0/ruf_RUFPBT.api.txt
kwd	/mounts/Users/student/yehao/public_html/data/Taxi1500-c_v2.0/kwd_KWDWBT.cloud.txt
quw	/mounts/Users/student/yehao/public_html/data/Taxi1500-c_v2.0/quw-x-bible.txt
nyu	/mounts/Users/student/yehao/public_html/data/Taxi1500-c_v2.0/nyu-x-bible.txt
aaz	/mounts/Users/student/yehao/public_html/data/Taxi1500-c_v2.0/aaz_aaz.ebible.txt
kto	/mounts/Users/student/yehao/public_html/data/Taxi1500-c_v2.0/kto_KTOPNG.cloud.txt
xtd	/mounts/Users/student/yehao/public_html/data/Taxi1500-c_v2.0/xtd_XTDTBL.api.txt
nld	/mounts/Users/student/yehao/public_html/data/Taxi1500-c_v2.0/nld_nld1939.ebible.txt
poi	/mounts/Users/student/yehao/public_html/data/Taxi1500-c_v2.0/poi_POIWBT.cloud.txt
qxo	/mounts/Users/student/yehao/public_html/data/Taxi1500-c_v2.0/qxo_qxoNT.ebible.txt
klt	/mounts/Users/student/yehao/public_html/data/Taxi1500-c_v2.0/klt_klt.png.txt
abt	/mounts/Users/student/yehao/public_html/data/Taxi1500-c_v2.0/abt_abt-maprik.png.txt
sri	/mounts/Users/student/yehao/public_html/data/Taxi1500-c_v2.0/sri_SRIWBT.api.txt
mca	/mounts/Users/student/yehao/public_html/data/Taxi1500-c_v2.0/mca_MCAWBT.cloud.txt
kpw	/mounts/Users/student/yehao/public_html/data/Taxi1500-c_v2.0/kpw_kpw.png.txt
gah	/mounts/Users/student/yehao/public_html/data/Taxi1500-c_v2.0/gah_gah.png.txt
hmo	/mounts/Users/student/yehao/public_html/data/Taxi1500-c_v2.0/hmo-x-bible.txt
por	/mounts/Users/student/yehao/public_html/data/Taxi1500-c_v2.0/por-x-bible-almeidaatualizada.txt
cgc	/mounts/Users/student/yehao/public_html/data/Taxi1500-c_v2.0/cgc_CGCTBL.api.txt
wrs	/mounts/Users/student/yehao/public_html/data/Taxi1500-c_v2.0/wrs_wrs.png.txt
bvd	/mounts/Users/student/yehao/public_html/data/Taxi1500-c_v2.0/bvd_1901.biblecom.txt
vmy	/mounts/Users/student/yehao/public_html/data/Taxi1500-c_v2.0/vmy_VMYTBL.api.txt
tpi	/mounts/Users/student/yehao/public_html/data/Taxi1500-c_v2.0/tpi_tpi.png.txt
plu	/mounts/Users/student/yehao/public_html/data/Taxi1500-c_v2.0/plu_PLUWBT.cloud.txt
bef	/mounts/Users/student/yehao/public_html/data/Taxi1500-c_v2.0/bef_BEFWBT.api.txt
kyq	/mounts/Users/student/yehao/public_html/data/Taxi1500-c_v2.0/kyq_KYQWBT.cloud.txt
soy	/mounts/Users/student/yehao/public_html/data/Taxi1500-c_v2.0/soy_SOYSIM.api.txt
bxh	/mounts/Users/student/yehao/public_html/data/Taxi1500-c_v2.0/bxh_bxh.png.txt
pjt	/mounts/Users/student/yehao/public_html/data/Taxi1500-c_v2.0/pjt_PJTBSA.api.txt
cof	/mounts/Users/student/yehao/public_html/data/Taxi1500-c_v2.0/cof-x-bible.txt
agu	/mounts/Users/student/yehao/public_html/data/Taxi1500-c_v2.0/agu_AGUNVS.api.txt
wmw	/mounts/Users/student/yehao/public_html/data/Taxi1500-c_v2.0/wmw_WMWWYI.api.txt
mbj	/mounts/Users/student/yehao/public_html/data/Taxi1500-c_v2.0/mbj_MBJWBT.cloud.txt
yre	/mounts/Users/student/yehao/public_html/data/Taxi1500-c_v2.0/yre_YREWBT.cloud.txt
rus	/mounts/Users/student/yehao/public_html/data/Taxi1500-c_v2.0/rus-x-bible-synodal.txt
mbl	/mounts/Users/student/yehao/public_html/data/Taxi1500-c_v2.0/mbl_MBLWBT.cloud.txt
iou	/mounts/Users/student/yehao/public_html/data/Taxi1500-c_v2.0/iou-x-bible.txt
kne	/mounts/Users/student/yehao/public_html/data/Taxi1500-c_v2.0/kne_KNETBL.api.txt
gvc	/mounts/Users/student/yehao/public_html/data/Taxi1500-c_v2.0/gvc_gvc.ebible.txt
qup	/mounts/Users/student/yehao/public_html/data/Taxi1500-c_v2.0/qup_qupNT.ebible.txt
cbk	/mounts/Users/student/yehao/public_html/data/Taxi1500-c_v2.0/cbk_CBKWBT.cloud.txt
rgu	/mounts/Users/student/yehao/public_html/data/Taxi1500-c_v2.0/rgu_rgu.ebible.txt
for	/mounts/Users/student/yehao/public_html/data/Taxi1500-c_v2.0/for_FORNYB.cloud.txt
wsk	/mounts/Users/student/yehao/public_html/data/Taxi1500-c_v2.0/wsk_wsk.png.txt
sue	/mounts/Users/student/yehao/public_html/data/Taxi1500-c_v2.0/sue_sue.png.txt
heb	/mounts/Users/student/yehao/public_html/data/Taxi1500-c_v2.0/heb_heb.ebible.txt
bmu	/mounts/Users/student/yehao/public_html/data/Taxi1500-c_v2.0/bmu_bmu.png.txt
ncj	/mounts/Users/student/yehao/public_html/data/Taxi1500-c_v2.0/ncj_NCJTBL.api.txt
kgp	/mounts/Users/student/yehao/public_html/data/Taxi1500-c_v2.0/kgp_KGPWBT.cloud.txt
bjr	/mounts/Users/student/yehao/public_html/data/Taxi1500-c_v2.0/bjr_bjr.png.txt
bon	/mounts/Users/student/yehao/public_html/data/Taxi1500-c_v2.0/bon_bon.png.txt
bla	/mounts/Users/student/yehao/public_html/data/Taxi1500-c_v2.0/bla_1897.biblecom.txt
swe	/mounts/Users/student/yehao/public_html/data/Taxi1500-c_v2.0/swe-x-bible-karlxii.txt
mdy	/mounts/Users/student/yehao/public_html/data/Taxi1500-c_v2.0/mdy_MDYBSE.api.txt
mcb	/mounts/Users/student/yehao/public_html/data/Taxi1500-c_v2.0/mcb_MCBWBT.cloud.txt
tgk	/mounts/Users/student/yehao/public_html/data/Taxi1500-c_v2.0/tgk_TGKIBT.api.txt
bch	/mounts/Users/student/yehao/public_html/data/Taxi1500-c_v2.0/bch_bch.png.txt
zab	/mounts/Users/student/yehao/public_html/data/Taxi1500-c_v2.0/zab_ZABTBL.api.txt
lzh	/mounts/Users/student/yehao/public_html/data/Taxi1500-c_v2.0/lzh-x-bible-wenli-high.txt
xed	/mounts/Users/student/yehao/public_html/data/Taxi1500-c_v2.0/xed_XEDWYI.api.txt
ubu	/mounts/Users/student/yehao/public_html/data/Taxi1500-c_v2.0/ubu_UBUKAL.cloud.txt
tgp	/mounts/Users/student/yehao/public_html/data/Taxi1500-c_v2.0/tgp_TGPWBT.api.txt
mti	/mounts/Users/student/yehao/public_html/data/Taxi1500-c_v2.0/mti_MTITBL.cloud.txt
tcs	/mounts/Users/student/yehao/public_html/data/Taxi1500-c_v2.0/tcs_tcs.ebible.txt
ndj	/mounts/Users/student/yehao/public_html/data/Taxi1500-c_v2.0/ndj_1038.biblecom.txt
qub	/mounts/Users/student/yehao/public_html/data/Taxi1500-c_v2.0/qub_qub.ebible.txt
kyc	/mounts/Users/student/yehao/public_html/data/Taxi1500-c_v2.0/kyc_kyc.png.txt
nlg	/mounts/Users/student/yehao/public_html/data/Taxi1500-c_v2.0/nlg_nlg.ebible.txt
grc	/mounts/Users/student/yehao/public_html/data/Taxi1500-c_v2.0/grc_grcbrent.ebible.txt
auc	/mounts/Users/student/yehao/public_html/data/Taxi1500-c_v2.0/auc_AUCWBT.cloud.txt
nou	/mounts/Users/student/yehao/public_html/data/Taxi1500-c_v2.0/nou_NOUTBL.cloud.txt
rmy	/mounts/Users/student/yehao/public_html/data/Taxi1500-c_v2.0/rmy_rmyservi.ebible.txt
hui	/mounts/Users/student/yehao/public_html/data/Taxi1500-c_v2.0/hui_hui.png.txt
pah	/mounts/Users/student/yehao/public_html/data/Taxi1500-c_v2.0/pah-x-bible.txt
boj	/mounts/Users/student/yehao/public_html/data/Taxi1500-c_v2.0/boj_boj.png.txt
tbg	/mounts/Users/student/yehao/public_html/data/Taxi1500-c_v2.0/tbg_tbg.png.txt
bhg	/mounts/Users/student/yehao/public_html/data/Taxi1500-c_v2.0/bhg_bhg.png.txt
mop	/mounts/Users/student/yehao/public_html/data/Taxi1500-c_v2.0/mop-x-bible.txt
kgk	/mounts/Users/student/yehao/public_html/data/Taxi1500-c_v2.0/kgk_KGKWBT.cloud.txt
wap	/mounts/Users/student/yehao/public_html/data/Taxi1500-c_v2.0/wap_WAPWBT.cloud.txt
kup	/mounts/Users/student/yehao/public_html/data/Taxi1500-c_v2.0/kup_kup.png.txt
rup	/mounts/Users/student/yehao/public_html/data/Taxi1500-c_v2.0/rup-x-bible-1889.txt
dik	/mounts/Users/student/yehao/public_html/data/Taxi1500-c_v2.0/dik_DIKTBL.api.txt
toc	/mounts/Users/student/yehao/public_html/data/Taxi1500-c_v2.0/toc-x-bible.txt
mps	/mounts/Users/student/yehao/public_html/data/Taxi1500-c_v2.0/mps_MPSTBL.cloud.txt
tsn	/mounts/Users/student/yehao/public_html/data/Taxi1500-c_v2.0/tsn_tsn.ebible.txt
box	/mounts/Users/student/yehao/public_html/data/Taxi1500-c_v2.0/box_BOXWYI.api.txt
nko	/mounts/Users/student/yehao/public_html/data/Taxi1500-c_v2.0/nko_NKOWBT.cloud.txt
cot	/mounts/Users/student/yehao/public_html/data/Taxi1500-c_v2.0/cot-x-bible.txt
enq	/mounts/Users/student/yehao/public_html/data/Taxi1500-c_v2.0/enq_enq.png.txt
qwh	/mounts/Users/student/yehao/public_html/data/Taxi1500-c_v2.0/qwh-x-bible.txt
gof	/mounts/Users/student/yehao/public_html/data/Taxi1500-c_v2.0/gof_GO1TBL.api.txt
tbl	/mounts/Users/student/yehao/public_html/data/Taxi1500-c_v2.0/tbl-x-bible.txt
uig	/mounts/Users/student/yehao/public_html/data/Taxi1500-c_v2.0/uig_uigcyr.ebible.txt
bgs	/mounts/Users/student/yehao/public_html/data/Taxi1500-c_v2.0/bgs-x-bible.txt
kms	/mounts/Users/student/yehao/public_html/data/Taxi1500-c_v2.0/kms_kms.png.txt
hwc	/mounts/Users/student/yehao/public_html/data/Taxi1500-c_v2.0/hwc-x-bible-2000.txt
tte	/mounts/Users/student/yehao/public_html/data/Taxi1500-c_v2.0/tte_TTETBL.cloud.txt
spp	/mounts/Users/student/yehao/public_html/data/Taxi1500-c_v2.0/spp_SPPTBL.api.txt
tav	/mounts/Users/student/yehao/public_html/data/Taxi1500-c_v2.0/tav-x-bible.txt
mar	/mounts/Users/student/yehao/public_html/data/Taxi1500-c_v2.0/mar_1910.biblecom.txt
amn	/mounts/Users/student/yehao/public_html/data/Taxi1500-c_v2.0/amn_AMNNAI.cloud.txt
tew	/mounts/Users/student/yehao/public_html/data/Taxi1500-c_v2.0/tew_tew.ebible.txt
tiy	/mounts/Users/student/yehao/public_html/data/Taxi1500-c_v2.0/tiy_TIYWBT.cloud.txt
apn	/mounts/Users/student/yehao/public_html/data/Taxi1500-c_v2.0/apn_APNWBT.cloud.txt
dan	/mounts/Users/student/yehao/public_html/data/Taxi1500-c_v2.0/dan-x-bible-frederik.txt
kze	/mounts/Users/student/yehao/public_html/data/Taxi1500-c_v2.0/kze_kze.png.txt
tnp	/mounts/Users/student/yehao/public_html/data/Taxi1500-c_v2.0/tnp-x-bible.txt
nob	/mounts/Users/student/yehao/public_html/data/Taxi1500-c_v2.0/nob_115.biblecom.txt
ziw	/mounts/Users/student/yehao/public_html/data/Taxi1500-c_v2.0/ziw_ZIWPBT.api.txt
cta	/mounts/Users/student/yehao/public_html/data/Taxi1500-c_v2.0/cta_ctaNT.ebible.txt
cbv	/mounts/Users/student/yehao/public_html/data/Taxi1500-c_v2.0/cbv_cbv.ebible.txt
nuy	/mounts/Users/student/yehao/public_html/data/Taxi1500-c_v2.0/nuy_1333.biblecom.txt
jae	/mounts/Users/student/yehao/public_html/data/Taxi1500-c_v2.0/jae_jae.png.txt
ter	/mounts/Users/student/yehao/public_html/data/Taxi1500-c_v2.0/ter_TERTBL.api.txt
spm	/mounts/Users/student/yehao/public_html/data/Taxi1500-c_v2.0/spm_1823.biblecom.txt
avt	/mounts/Users/student/yehao/public_html/data/Taxi1500-c_v2.0/avt_avt.png.txt
ksj	/mounts/Users/student/yehao/public_html/data/Taxi1500-c_v2.0/ksj_ksj.png.txt
pls	/mounts/Users/student/yehao/public_html/data/Taxi1500-c_v2.0/pls_PLSWBT.cloud.txt
coe	/mounts/Users/student/yehao/public_html/data/Taxi1500-c_v2.0/coe-x-bible.txt
mks	/mounts/Users/student/yehao/public_html/data/Taxi1500-c_v2.0/mks_MKSTBL.cloud.txt
got	/mounts/Users/student/yehao/public_html/data/Taxi1500-c_v2.0/got-x-bible.txt
pes	/mounts/Users/student/yehao/public_html/data/Taxi1500-c_v2.0/pes_pesopcb.ebible.txt
emp	/mounts/Users/student/yehao/public_html/data/Taxi1500-c_v2.0/emp-x-bible.txt
hla	/mounts/Users/student/yehao/public_html/data/Taxi1500-c_v2.0/hla_hla.png.txt
sgb	/mounts/Users/student/yehao/public_html/data/Taxi1500-c_v2.0/sgb_SGBTBL.api.txt
tpt	/mounts/Users/student/yehao/public_html/data/Taxi1500-c_v2.0/tpt_709.biblecom.txt
mlp	/mounts/Users/student/yehao/public_html/data/Taxi1500-c_v2.0/mlp_mlp.png.txt
mbt	/mounts/Users/student/yehao/public_html/data/Taxi1500-c_v2.0/mbt_MBTWBT.api.txt
oji	/mounts/Users/student/yehao/public_html/data/Taxi1500-c_v2.0/oji-x-bible.txt
bbb	/mounts/Users/student/yehao/public_html/data/Taxi1500-c_v2.0/bbb_bbb.png.txt
glk	/mounts/Users/student/yehao/public_html/data/Taxi1500-c_v2.0/glk_1094.biblecom.txt
alp	/mounts/Users/student/yehao/public_html/data/Taxi1500-c_v2.0/alp-x-bible.txt
nab	/mounts/Users/student/yehao/public_html/data/Taxi1500-c_v2.0/nab_NABWBT.cloud.txt
wiu	/mounts/Users/student/yehao/public_html/data/Taxi1500-c_v2.0/wiu_wiu.png.txt
mph	/mounts/Users/student/yehao/public_html/data/Taxi1500-c_v2.0/mph_1376.biblecom.txt
ffm	/mounts/Users/student/yehao/public_html/data/Taxi1500-c_v2.0/ffm_FFMWBT.cloud.txt
ots	/mounts/Users/student/yehao/public_html/data/Taxi1500-c_v2.0/ots_OTSWBT.cloud.txt
aia	/mounts/Users/student/yehao/public_html/data/Taxi1500-c_v2.0/aia-x-bible.txt
aau	/mounts/Users/student/yehao/public_html/data/Taxi1500-c_v2.0/aau_aau.png.txt
zsm	/mounts/Users/student/yehao/public_html/data/Taxi1500-c_v2.0/zsm-x-bible-keasberry.txt
sim	/mounts/Users/student/yehao/public_html/data/Taxi1500-c_v2.0/sim_sim.png.txt
kkl	/mounts/Users/student/yehao/public_html/data/Taxi1500-c_v2.0/kkl-x-bible.txt
att	/mounts/Users/student/yehao/public_html/data/Taxi1500-c_v2.0/att_att.ebible.txt
xtm	/mounts/Users/student/yehao/public_html/data/Taxi1500-c_v2.0/xtm_XTMWBT.cloud.txt
aak	/mounts/Users/student/yehao/public_html/data/Taxi1500-c_v2.0/aak_aak.png.txt
rkb	/mounts/Users/student/yehao/public_html/data/Taxi1500-c_v2.0/rkb_RKBWBT.cloud.txt
byr	/mounts/Users/student/yehao/public_html/data/Taxi1500-c_v2.0/byr_byr.png.txt
bkd	/mounts/Users/student/yehao/public_html/data/Taxi1500-c_v2.0/bkd_BKDWBT.cloud.txt
taw	/mounts/Users/student/yehao/public_html/data/Taxi1500-c_v2.0/taw_taw.png.txt
maq	/mounts/Users/student/yehao/public_html/data/Taxi1500-c_v2.0/maq_MAQTBL.cloud.txt
guh	/mounts/Users/student/yehao/public_html/data/Taxi1500-c_v2.0/guh-x-bible.txt
mpm	/mounts/Users/student/yehao/public_html/data/Taxi1500-c_v2.0/mpm_MPMTBL.api.txt
buk	/mounts/Users/student/yehao/public_html/data/Taxi1500-c_v2.0/buk_buk.png.txt
srm	/mounts/Users/student/yehao/public_html/data/Taxi1500-c_v2.0/srm_SRMWBT.api.txt
yml	/mounts/Users/student/yehao/public_html/data/Taxi1500-c_v2.0/yml_yml.png.txt
jac	/mounts/Users/student/yehao/public_html/data/Taxi1500-c_v2.0/jac_JACWBT.api.txt
nlc	/mounts/Users/student/yehao/public_html/data/Taxi1500-c_v2.0/nlc-x-bible.txt
bjv	/mounts/Users/student/yehao/public_html/data/Taxi1500-c_v2.0/bjv_bjvNT.ebible.txt
guj	/mounts/Users/student/yehao/public_html/data/Taxi1500-c_v2.0/guj_guj2017.ebible.txt
rai	/mounts/Users/student/yehao/public_html/data/Taxi1500-c_v2.0/rai_rai.png.txt
snp	/mounts/Users/student/yehao/public_html/data/Taxi1500-c_v2.0/snp_snp-lambau.png.txt
clu	/mounts/Users/student/yehao/public_html/data/Taxi1500-c_v2.0/clu-x-bible.txt
nfa	/mounts/Users/student/yehao/public_html/data/Taxi1500-c_v2.0/nfa_NFAUBB.cloud.txt
zlm	/mounts/Users/student/yehao/public_html/data/Taxi1500-c_v2.0/zlm_zlmKSZI.ebible.txt
cux	/mounts/Users/student/yehao/public_html/data/Taxi1500-c_v2.0/cux-x-bible.txt
jic	/mounts/Users/student/yehao/public_html/data/Taxi1500-c_v2.0/jic-x-bible.txt
yka	/mounts/Users/student/yehao/public_html/data/Taxi1500-c_v2.0/yka_YKAWBT.cloud.txt
rro	/mounts/Users/student/yehao/public_html/data/Taxi1500-c_v2.0/rro_RROPNG.api.txt
nho	/mounts/Users/student/yehao/public_html/data/Taxi1500-c_v2.0/nho_nho.png.txt
uvl	/mounts/Users/student/yehao/public_html/data/Taxi1500-c_v2.0/uvl_uvl.png.txt
tzj	/mounts/Users/student/yehao/public_html/data/Taxi1500-c_v2.0/tzj_TZJEAS.cloud.txt
tee	/mounts/Users/student/yehao/public_html/data/Taxi1500-c_v2.0/tee_TEETBL.api.txt
anv	/mounts/Users/student/yehao/public_html/data/Taxi1500-c_v2.0/anv_ANVWBT.api.txt
amf	/mounts/Users/student/yehao/public_html/data/Taxi1500-c_v2.0/amf-x-bible.txt
iws	/mounts/Users/student/yehao/public_html/data/Taxi1500-c_v2.0/iws_iws.png.txt
nii	/mounts/Users/student/yehao/public_html/data/Taxi1500-c_v2.0/nii_NIITBL.cloud.txt
cpb	/mounts/Users/student/yehao/public_html/data/Taxi1500-c_v2.0/cpb_CPBWBT.api.txt
nhi	/mounts/Users/student/yehao/public_html/data/Taxi1500-c_v2.0/nhi_NHIWBT.api.txt
mox	/mounts/Users/student/yehao/public_html/data/Taxi1500-c_v2.0/mox_MOXFNS.cloud.txt
zca	/mounts/Users/student/yehao/public_html/data/Taxi1500-c_v2.0/zca_ZCAWYI.api.txt
sna	/mounts/Users/student/yehao/public_html/data/Taxi1500-c_v2.0/sna_32.biblecom.txt
aey	/mounts/Users/student/yehao/public_html/data/Taxi1500-c_v2.0/aey_aey.png.txt
pwg	/mounts/Users/student/yehao/public_html/data/Taxi1500-c_v2.0/pwg_pwg.png.txt
huv	/mounts/Users/student/yehao/public_html/data/Taxi1500-c_v2.0/huv_HUVTBL.api.txt
bzd	/mounts/Users/student/yehao/public_html/data/Taxi1500-c_v2.0/bzd_BZDWBT.cloud.txt
dad	/mounts/Users/student/yehao/public_html/data/Taxi1500-c_v2.0/dad_dad.png.txt
cpy	/mounts/Users/student/yehao/public_html/data/Taxi1500-c_v2.0/cpy_CPYWBT.cloud.txt
pan	/mounts/Users/student/yehao/public_html/data/Taxi1500-c_v2.0/pan_1884.biblecom.txt
tim	/mounts/Users/student/yehao/public_html/data/Taxi1500-c_v2.0/tim_TIMTBL.cloud.txt
imo	/mounts/Users/student/yehao/public_html/data/Taxi1500-c_v2.0/imo_imo.png.txt
zav	/mounts/Users/student/yehao/public_html/data/Taxi1500-c_v2.0/zav_ZAVTBL.cloud.txt
pib	/mounts/Users/student/yehao/public_html/data/Taxi1500-c_v2.0/pib_PIBWBT.api.txt
nno	/mounts/Users/student/yehao/public_html/data/Taxi1500-c_v2.0/nno-x-bible-student.txt
pir	/mounts/Users/student/yehao/public_html/data/Taxi1500-c_v2.0/pir_PIRWBT.api.txt
nch	/mounts/Users/student/yehao/public_html/data/Taxi1500-c_v2.0/nch_NCHTBL.api.txt
kqf	/mounts/Users/student/yehao/public_html/data/Taxi1500-c_v2.0/kqf_kqf.png.txt
uri	/mounts/Users/student/yehao/public_html/data/Taxi1500-c_v2.0/uri_1478.biblecom.txt
chd	/mounts/Users/student/yehao/public_html/data/Taxi1500-c_v2.0/chd_CHDWBT.cloud.txt
ikk	/mounts/Users/student/yehao/public_html/data/Taxi1500-c_v2.0/ikk_IKKWBT.cloud.txt
twi	/mounts/Users/student/yehao/public_html/data/Taxi1500-c_v2.0/twi_twiasante.ebible.txt
nhg	/mounts/Users/student/yehao/public_html/data/Taxi1500-c_v2.0/nhg-x-bible.txt
myw	/mounts/Users/student/yehao/public_html/data/Taxi1500-c_v2.0/myw_myw.png.txt
cnl	/mounts/Users/student/yehao/public_html/data/Taxi1500-c_v2.0/cnl_CNLTBL.api.txt
ntp	/mounts/Users/student/yehao/public_html/data/Taxi1500-c_v2.0/ntp-x-bible.txt
sja	/mounts/Users/student/yehao/public_html/data/Taxi1500-c_v2.0/sja_SJATBL.api.txt
ino	/mounts/Users/student/yehao/public_html/data/Taxi1500-c_v2.0/ino_ino.png.txt
sua	/mounts/Users/student/yehao/public_html/data/Taxi1500-c_v2.0/sua_sua.png.txt
zpo	/mounts/Users/student/yehao/public_html/data/Taxi1500-c_v2.0/zpo_ZPOTBL.api.txt
seh	/mounts/Users/student/yehao/public_html/data/Taxi1500-c_v2.0/seh_seh.ebible.txt
xbi	/mounts/Users/student/yehao/public_html/data/Taxi1500-c_v2.0/xbi-x-bible-wampukuamp.txt
quf	/mounts/Users/student/yehao/public_html/data/Taxi1500-c_v2.0/quf_QUFLLB.api.txt
cjo	/mounts/Users/student/yehao/public_html/data/Taxi1500-c_v2.0/cjo_CJOWBT.api.txt
etr	/mounts/Users/student/yehao/public_html/data/Taxi1500-c_v2.0/etr_etr.png.txt
zpz	/mounts/Users/student/yehao/public_html/data/Taxi1500-c_v2.0/zpz_ZPZTBL.api.txt
mzz	/mounts/Users/student/yehao/public_html/data/Taxi1500-c_v2.0/mzz_mzz.png.txt
amk	/mounts/Users/student/yehao/public_html/data/Taxi1500-c_v2.0/amk_AMKWBT.api.txt
tvk	/mounts/Users/student/yehao/public_html/data/Taxi1500-c_v2.0/tvk_TVKWBT.cloud.txt
ood	/mounts/Users/student/yehao/public_html/data/Taxi1500-c_v2.0/ood-x-bible.txt
kpj	/mounts/Users/student/yehao/public_html/data/Taxi1500-c_v2.0/kpj_KPJWBT.cloud.txt
gnw	/mounts/Users/student/yehao/public_html/data/Taxi1500-c_v2.0/gnw_GNWWBT.cloud.txt
mxb	/mounts/Users/student/yehao/public_html/data/Taxi1500-c_v2.0/mxb_MXBMVR.api.txt
maz	/mounts/Users/student/yehao/public_html/data/Taxi1500-c_v2.0/maz-x-bible.txt
tha	/mounts/Users/student/yehao/public_html/data/Taxi1500-c_v2.0/tha-x-bible-kjv.txt
kan	/mounts/Users/student/yehao/public_html/data/Taxi1500-c_v2.0/kan_kanokcv.ebible.txt
kbq	/mounts/Users/student/yehao/public_html/data/Taxi1500-c_v2.0/kbq_kbq.png.txt
zat	/mounts/Users/student/yehao/public_html/data/Taxi1500-c_v2.0/zat_ZATWBT.cloud.txt
mmx	/mounts/Users/student/yehao/public_html/data/Taxi1500-c_v2.0/mmx_mmx.png.txt
atb	/mounts/Users/student/yehao/public_html/data/Taxi1500-c_v2.0/atb_ATBWBT.cloud.txt
prf	/mounts/Users/student/yehao/public_html/data/Taxi1500-c_v2.0/prf-x-bible.txt
cnt	/mounts/Users/student/yehao/public_html/data/Taxi1500-c_v2.0/cnt_CNTTBL.api.txt
zty	/mounts/Users/student/yehao/public_html/data/Taxi1500-c_v2.0/zty-x-bible.txt
sny	/mounts/Users/student/yehao/public_html/data/Taxi1500-c_v2.0/sny_sny.png.txt
tet	/mounts/Users/student/yehao/public_html/data/Taxi1500-c_v2.0/tet_tet.ebible.txt
tac	/mounts/Users/student/yehao/public_html/data/Taxi1500-c_v2.0/tac-x-bible.txt
zyp	/mounts/Users/student/yehao/public_html/data/Taxi1500-c_v2.0/zyp_ZYPWBT.api.txt
cek	/mounts/Users/student/yehao/public_html/data/Taxi1500-c_v2.0/cek_cekak.ebible.txt
mjc	/mounts/Users/student/yehao/public_html/data/Taxi1500-c_v2.0/mjc_MJCWBT.cloud.txt
bsn	/mounts/Users/student/yehao/public_html/data/Taxi1500-c_v2.0/bsn-x-bible.txt
suz	/mounts/Users/student/yehao/public_html/data/Taxi1500-c_v2.0/suz-x-bible.txt
kdc	/mounts/Users/student/yehao/public_html/data/Taxi1500-c_v2.0/kdc_KDCPBT.api.txt
lug	/mounts/Users/student/yehao/public_html/data/Taxi1500-c_v2.0/lug_lug.ebible.txt
bbr	/mounts/Users/student/yehao/public_html/data/Taxi1500-c_v2.0/bbr_bbr.png.txt
tbo	/mounts/Users/student/yehao/public_html/data/Taxi1500-c_v2.0/tbo_TBOWBT.api.txt
cpc	/mounts/Users/student/yehao/public_html/data/Taxi1500-c_v2.0/cpc_CPCWBT.cloud.txt
ken	/mounts/Users/student/yehao/public_html/data/Taxi1500-c_v2.0/ken_KENWBT.api.txt
snc	/mounts/Users/student/yehao/public_html/data/Taxi1500-c_v2.0/snc_SNCPNG.api.txt
pot	/mounts/Users/student/yehao/public_html/data/Taxi1500-c_v2.0/pot-x-bible.txt
kud	/mounts/Users/student/yehao/public_html/data/Taxi1500-c_v2.0/kud_KUDPNG.cloud.txt
yrb	/mounts/Users/student/yehao/public_html/data/Taxi1500-c_v2.0/yrb-x-bible.txt
ote	/mounts/Users/student/yehao/public_html/data/Taxi1500-c_v2.0/ote_OTETBL.api.txt
med	/mounts/Users/student/yehao/public_html/data/Taxi1500-c_v2.0/med_med.png.txt
tbk	/mounts/Users/student/yehao/public_html/data/Taxi1500-c_v2.0/tbk-x-bible.txt
cbi	/mounts/Users/student/yehao/public_html/data/Taxi1500-c_v2.0/cbi-x-bible.txt
gyr	/mounts/Users/student/yehao/public_html/data/Taxi1500-c_v2.0/gyr_gyrNT.ebible.txt
amp	/mounts/Users/student/yehao/public_html/data/Taxi1500-c_v2.0/amp_AMPWBT.cloud.txt
ibo	/mounts/Users/student/yehao/public_html/data/Taxi1500-c_v2.0/ibo_ibo.ebible.txt
kpg	/mounts/Users/student/yehao/public_html/data/Taxi1500-c_v2.0/kpg-x-bible.txt
som	/mounts/Users/student/yehao/public_html/data/Taxi1500-c_v2.0/som-x-bible.txt
mpt	/mounts/Users/student/yehao/public_html/data/Taxi1500-c_v2.0/mpt_MPTTBL.cloud.txt
cwe	/mounts/Users/student/yehao/public_html/data/Taxi1500-c_v2.0/cwe_CWEPBT.api.txt
pao	/mounts/Users/student/yehao/public_html/data/Taxi1500-c_v2.0/pao-x-bible.txt
tos	/mounts/Users/student/yehao/public_html/data/Taxi1500-c_v2.0/tos-x-bible.txt
kde	/mounts/Users/student/yehao/public_html/data/Taxi1500-c_v2.0/kde_kde.ebible.txt
awb	/mounts/Users/student/yehao/public_html/data/Taxi1500-c_v2.0/awb_AWBTBL.api.txt
nas	/mounts/Users/student/yehao/public_html/data/Taxi1500-c_v2.0/nas_nas.png.txt
nsn	/mounts/Users/student/yehao/public_html/data/Taxi1500-c_v2.0/nsn_nsn.png.txt
ctp	/mounts/Users/student/yehao/public_html/data/Taxi1500-c_v2.0/ctp_ctpNT.ebible.txt
isl	/mounts/Users/student/yehao/public_html/data/Taxi1500-c_v2.0/isl_isl.ebible.txt
dhg	/mounts/Users/student/yehao/public_html/data/Taxi1500-c_v2.0/dhg_dhgduwadha.ebible.txt
zpi	/mounts/Users/student/yehao/public_html/data/Taxi1500-c_v2.0/zpi_ZPIWYI.api.txt
dop	/mounts/Users/student/yehao/public_html/data/Taxi1500-c_v2.0/dop_dop.ebible.txt
bsp	/mounts/Users/student/yehao/public_html/data/Taxi1500-c_v2.0/bsp_1557.biblecom.txt
dak	/mounts/Users/student/yehao/public_html/data/Taxi1500-c_v2.0/dak-x-bible.txt
yal	/mounts/Users/student/yehao/public_html/data/Taxi1500-c_v2.0/yal_YALPBT.api.txt
rop	/mounts/Users/student/yehao/public_html/data/Taxi1500-c_v2.0/rop-x-bible.txt
yao	/mounts/Users/student/yehao/public_html/data/Taxi1500-c_v2.0/yao_yao.ebible.txt
bmr	/mounts/Users/student/yehao/public_html/data/Taxi1500-c_v2.0/bmr_BMRWBT.api.txt
fin	/mounts/Users/student/yehao/public_html/data/Taxi1500-c_v2.0/fin-x-bible-1766.txt
ory	/mounts/Users/student/yehao/public_html/data/Taxi1500-c_v2.0/ory_ory.ebible.txt
gui	/mounts/Users/student/yehao/public_html/data/Taxi1500-c_v2.0/gui-x-bible.txt
hvn	/mounts/Users/student/yehao/public_html/data/Taxi1500-c_v2.0/hvn_hvn.ebible.txt
cbc	/mounts/Users/student/yehao/public_html/data/Taxi1500-c_v2.0/cbc-x-bible.txt
spy	/mounts/Users/student/yehao/public_html/data/Taxi1500-c_v2.0/spy_SPYWBT.cloud.txt
poy	/mounts/Users/student/yehao/public_html/data/Taxi1500-c_v2.0/poy-x-bible.txt
qvh	/mounts/Users/student/yehao/public_html/data/Taxi1500-c_v2.0/qvh_qvhNT.ebible.txt
msc	/mounts/Users/student/yehao/public_html/data/Taxi1500-c_v2.0/msc_1555.biblecom.txt
obo	/mounts/Users/student/yehao/public_html/data/Taxi1500-c_v2.0/obo_OBOWBT.api.txt
row	/mounts/Users/student/yehao/public_html/data/Taxi1500-c_v2.0/row_row.ebible.txt
ura	/mounts/Users/student/yehao/public_html/data/Taxi1500-c_v2.0/ura-x-bible.txt
bps	/mounts/Users/student/yehao/public_html/data/Taxi1500-c_v2.0/bps_BPSWPS.api.txt
kvg	/mounts/Users/student/yehao/public_html/data/Taxi1500-c_v2.0/kvg_kvg.png.txt
kql	/mounts/Users/student/yehao/public_html/data/Taxi1500-c_v2.0/kql_1827.biblecom.txt
gdn	/mounts/Users/student/yehao/public_html/data/Taxi1500-c_v2.0/gdn_gdn.png.txt
rmq	/mounts/Users/student/yehao/public_html/data/Taxi1500-c_v2.0/rmq-x-bible-1837.txt
kos	/mounts/Users/student/yehao/public_html/data/Taxi1500-c_v2.0/kos-x-bible.txt
apw	/mounts/Users/student/yehao/public_html/data/Taxi1500-c_v2.0/apw_573.biblecom.txt
kew	/mounts/Users/student/yehao/public_html/data/Taxi1500-c_v2.0/kew_kew.png.txt
mau	/mounts/Users/student/yehao/public_html/data/Taxi1500-c_v2.0/mau_MAUWBT.cloud.txt
llg	/mounts/Users/student/yehao/public_html/data/Taxi1500-c_v2.0/llg_llg.ebible.txt
ind	/mounts/Users/student/yehao/public_html/data/Taxi1500-c_v2.0/ind_ind.ebible.txt
lit	/mounts/Users/student/yehao/public_html/data/Taxi1500-c_v2.0/lit_lit.ebible.txt
srp	/mounts/Users/student/yehao/public_html/data/Taxi1500-c_v2.0/srp_srp1865.ebible.txt
urw	/mounts/Users/student/yehao/public_html/data/Taxi1500-c_v2.0/urw_1925.biblecom.txt
kpr	/mounts/Users/student/yehao/public_html/data/Taxi1500-c_v2.0/kpr_kpr.png.txt
kjs	/mounts/Users/student/yehao/public_html/data/Taxi1500-c_v2.0/kjs_KJSWBT.api.txt
ben	/mounts/Users/student/yehao/public_html/data/Taxi1500-c_v2.0/ben_benobcv.ebible.txt
ukr	/mounts/Users/student/yehao/public_html/data/Taxi1500-c_v2.0/ukr-x-bible-2009.txt
ttc	/mounts/Users/student/yehao/public_html/data/Taxi1500-c_v2.0/ttc_TTCWBT.api.txt
hin	/mounts/Users/student/yehao/public_html/data/Taxi1500-c_v2.0/hin-x-bible-easy.txt
sqi	/mounts/Users/student/yehao/public_html/data/Taxi1500-c_v2.0/sqi-x-bible-1827.txt
azz	/mounts/Users/student/yehao/public_html/data/Taxi1500-c_v2.0/azz_AZZTBL.api.txt
udu	/mounts/Users/student/yehao/public_html/data/Taxi1500-c_v2.0/udu_UDUSIM.api.txt
mux	/mounts/Users/student/yehao/public_html/data/Taxi1500-c_v2.0/mux_MUXTBL.cloud.txt
msy	/mounts/Users/student/yehao/public_html/data/Taxi1500-c_v2.0/msy_msy.png.txt
amu	/mounts/Users/student/yehao/public_html/data/Taxi1500-c_v2.0/amu_AMUMVR.api.txt
lif	/mounts/Users/student/yehao/public_html/data/Taxi1500-c_v2.0/lif_LIFDEV.cloud.txt
mil	/mounts/Users/student/yehao/public_html/data/Taxi1500-c_v2.0/mil_MILTBL.api.txt
vie	/mounts/Users/student/yehao/public_html/data/Taxi1500-c_v2.0/vie_vieovcb.ebible.txt
ncl	/mounts/Users/student/yehao/public_html/data/Taxi1500-c_v2.0/ncl_NCLTBL.cloud.txt
ceb	/mounts/Users/student/yehao/public_html/data/Taxi1500-c_v2.0/ceb-x-bible-bugna2009.txt
dob	/mounts/Users/student/yehao/public_html/data/Taxi1500-c_v2.0/dob_DOBPNG.cloud.txt
bco	/mounts/Users/student/yehao/public_html/data/Taxi1500-c_v2.0/bco_bco.png.txt
cak	/mounts/Users/student/yehao/public_html/data/Taxi1500-c_v2.0/cak-x-bible-central2003.txt
stp	/mounts/Users/student/yehao/public_html/data/Taxi1500-c_v2.0/stp-x-bible.txt
qul	/mounts/Users/student/yehao/public_html/data/Taxi1500-c_v2.0/qul_QULSBB.api.txt
mcq	/mounts/Users/student/yehao/public_html/data/Taxi1500-c_v2.0/mcq_MCQSPP.cloud.txt
alq	/mounts/Users/student/yehao/public_html/data/Taxi1500-c_v2.0/alq_alqALGNT.ebible.txt
usp	/mounts/Users/student/yehao/public_html/data/Taxi1500-c_v2.0/usp_USPWBT.api.txt
cjv	/mounts/Users/student/yehao/public_html/data/Taxi1500-c_v2.0/cjv_cjv.png.txt
mcp	/mounts/Users/student/yehao/public_html/data/Taxi1500-c_v2.0/mcp_MCPWBT.api.txt
ake	/mounts/Users/student/yehao/public_html/data/Taxi1500-c_v2.0/ake_AKEBSS.api.txt
blz	/mounts/Users/student/yehao/public_html/data/Taxi1500-c_v2.0/blz_BLZLAI.api.txt
auy	/mounts/Users/student/yehao/public_html/data/Taxi1500-c_v2.0/auy_auy.png.txt
xon	/mounts/Users/student/yehao/public_html/data/Taxi1500-c_v2.0/xon_XONWBT.cloud.txt
ksd	/mounts/Users/student/yehao/public_html/data/Taxi1500-c_v2.0/ksd_ksd.png.txt
zao	/mounts/Users/student/yehao/public_html/data/Taxi1500-c_v2.0/zao_ZAOTBL.api.txt
pab	/mounts/Users/student/yehao/public_html/data/Taxi1500-c_v2.0/pab_PABTBL.api.txt
mvn	/mounts/Users/student/yehao/public_html/data/Taxi1500-c_v2.0/mvn_MVNJLB.cloud.txt
nin	/mounts/Users/student/yehao/public_html/data/Taxi1500-c_v2.0/nin_NINWBT.cloud.txt
tif	/mounts/Users/student/yehao/public_html/data/Taxi1500-c_v2.0/tif_TIFWBT.cloud.txt
gai	/mounts/Users/student/yehao/public_html/data/Taxi1500-c_v2.0/gai_gai.ebible.txt
crn	/mounts/Users/student/yehao/public_html/data/Taxi1500-c_v2.0/crn_CRNWBT.api.txt
cpa	/mounts/Users/student/yehao/public_html/data/Taxi1500-c_v2.0/cpa_CPATBL.api.txt
epo	/mounts/Users/student/yehao/public_html/data/Taxi1500-c_v2.0/epo_841.biblecom.txt
bss	/mounts/Users/student/yehao/public_html/data/Taxi1500-c_v2.0/bss_BSSWBT.api.txt
atg	/mounts/Users/student/yehao/public_html/data/Taxi1500-c_v2.0/atg_ATGWYI.api.txt
npi	/mounts/Users/student/yehao/public_html/data/Taxi1500-c_v2.0/npi-x-bible.txt
ssd	/mounts/Users/student/yehao/public_html/data/Taxi1500-c_v2.0/ssd_ssd.png.txt
kaq	/mounts/Users/student/yehao/public_html/data/Taxi1500-c_v2.0/kaq_KAQWBT.cloud.txt
nhr	/mounts/Users/student/yehao/public_html/data/Taxi1500-c_v2.0/nhr_NHRBSB.cloud.txt
qvw	/mounts/Users/student/yehao/public_html/data/Taxi1500-c_v2.0/qvw_qvwNT.ebible.txt
ntu	/mounts/Users/student/yehao/public_html/data/Taxi1500-c_v2.0/ntu_ntu.ebible.txt
too	/mounts/Users/student/yehao/public_html/data/Taxi1500-c_v2.0/too_TOOWBT.cloud.txt
agm	/mounts/Users/student/yehao/public_html/data/Taxi1500-c_v2.0/agm_agm.png.txt
sey	/mounts/Users/student/yehao/public_html/data/Taxi1500-c_v2.0/sey_SEYWBT.api.txt
bba	/mounts/Users/student/yehao/public_html/data/Taxi1500-c_v2.0/bba_bba.ebible.txt
acf	/mounts/Users/student/yehao/public_html/data/Taxi1500-c_v2.0/acf_ACFWBT.cloud.txt
esk	/mounts/Users/student/yehao/public_html/data/Taxi1500-c_v2.0/esk_ESKWBT.cloud.txt
acr	/mounts/Users/student/yehao/public_html/data/Taxi1500-c_v2.0/acr_ACRTNT.cloud.txt
kbc	/mounts/Users/student/yehao/public_html/data/Taxi1500-c_v2.0/kbc_KBCWBT.cloud.txt
kkc	/mounts/Users/student/yehao/public_html/data/Taxi1500-c_v2.0/kkc_kkc.png.txt
pio	/mounts/Users/student/yehao/public_html/data/Taxi1500-c_v2.0/pio_PIOWBT.cloud.txt
bjp	/mounts/Users/student/yehao/public_html/data/Taxi1500-c_v2.0/bjp_bjp.png.txt
kmo	/mounts/Users/student/yehao/public_html/data/Taxi1500-c_v2.0/kmo_kmo.png.txt
ign	/mounts/Users/student/yehao/public_html/data/Taxi1500-c_v2.0/ign_IGNSBB.api.txt
lin	/mounts/Users/student/yehao/public_html/data/Taxi1500-c_v2.0/lin_lin.ebible.txt
viv	/mounts/Users/student/yehao/public_html/data/Taxi1500-c_v2.0/viv_viv.png.txt
gfk	/mounts/Users/student/yehao/public_html/data/Taxi1500-c_v2.0/gfk_gfk.png.txt
huu	/mounts/Users/student/yehao/public_html/data/Taxi1500-c_v2.0/huu_huuNT.ebible.txt
mgc	/mounts/Users/student/yehao/public_html/data/Taxi1500-c_v2.0/mgc_1377.biblecom.txt
tam	/mounts/Users/student/yehao/public_html/data/Taxi1500-c_v2.0/tam-x-bible-easy.txt
swp	/mounts/Users/student/yehao/public_html/data/Taxi1500-c_v2.0/swp-x-bible.txt
cax	/mounts/Users/student/yehao/public_html/data/Taxi1500-c_v2.0/cax_CAXSBB.api.txt
luo	/mounts/Users/student/yehao/public_html/data/Taxi1500-c_v2.0/luo_luo.ebible.txt
zsr	/mounts/Users/student/yehao/public_html/data/Taxi1500-c_v2.0/zsr_ZSRWBT.cloud.txt
tbz	/mounts/Users/student/yehao/public_html/data/Taxi1500-c_v2.0/tbz_TBZBSB.api.txt
djk	/mounts/Users/student/yehao/public_html/data/Taxi1500-c_v2.0/djk-x-bible.txt
mxt	/mounts/Users/student/yehao/public_html/data/Taxi1500-c_v2.0/mxt-x-bible.txt
ycn	/mounts/Users/student/yehao/public_html/data/Taxi1500-c_v2.0/ycn_YCNWBT.api.txt
mir	/mounts/Users/student/yehao/public_html/data/Taxi1500-c_v2.0/mir-x-bible.txt
nnq	/mounts/Users/student/yehao/public_html/data/Taxi1500-c_v2.0/nnq_NNQPBT.api.txt
knj	/mounts/Users/student/yehao/public_html/data/Taxi1500-c_v2.0/knj_KNJWBT.cloud.txt
tuc	/mounts/Users/student/yehao/public_html/data/Taxi1500-c_v2.0/tuc_tuc-o.png.txt
inb	/mounts/Users/student/yehao/public_html/data/Taxi1500-c_v2.0/inb_INBWBT.api.txt
mig	/mounts/Users/student/yehao/public_html/data/Taxi1500-c_v2.0/mig_MIGWBT.cloud.txt
wuv	/mounts/Users/student/yehao/public_html/data/Taxi1500-c_v2.0/wuv_WUVWBT.api.txt
cuk	/mounts/Users/student/yehao/public_html/data/Taxi1500-c_v2.0/cuk_CUKWB9.cloud.txt
otm	/mounts/Users/student/yehao/public_html/data/Taxi1500-c_v2.0/otm_OTMWBT.cloud.txt
lid	/mounts/Users/student/yehao/public_html/data/Taxi1500-c_v2.0/lid_lid.png.txt
kqc	/mounts/Users/student/yehao/public_html/data/Taxi1500-c_v2.0/kqc_kqc.png.txt
gam	/mounts/Users/student/yehao/public_html/data/Taxi1500-c_v2.0/gam_gam.png.txt
wat	/mounts/Users/student/yehao/public_html/data/Taxi1500-c_v2.0/wat_wat.png.txt
heg	/mounts/Users/student/yehao/public_html/data/Taxi1500-c_v2.0/heg-x-bible.txt
amr	/mounts/Users/student/yehao/public_html/data/Taxi1500-c_v2.0/amr_AMRWBT.cloud.txt
wim	/mounts/Users/student/yehao/public_html/data/Taxi1500-c_v2.0/wim_wim.ebible.txt
jpn	/mounts/Users/student/yehao/public_html/data/Taxi1500-c_v2.0/jpn_jpn1965.ebible.txt
tca	/mounts/Users/student/yehao/public_html/data/Taxi1500-c_v2.0/tca-x-bible.txt
tpz	/mounts/Users/student/yehao/public_html/data/Taxi1500-c_v2.0/tpz_tpz.png.txt
mbs	/mounts/Users/student/yehao/public_html/data/Taxi1500-c_v2.0/mbs-x-bible.txt
muy	/mounts/Users/student/yehao/public_html/data/Taxi1500-c_v2.0/muy_MUYWBT.api.txt
lex	/mounts/Users/student/yehao/public_html/data/Taxi1500-c_v2.0/lex-x-bible.txt
faa	/mounts/Users/student/yehao/public_html/data/Taxi1500-c_v2.0/faa_faa.png.txt
yor	/mounts/Users/student/yehao/public_html/data/Taxi1500-c_v2.0/yor_yor.ebible.txt
zpc	/mounts/Users/student/yehao/public_html/data/Taxi1500-c_v2.0/zpc_ZPCTBL.api.txt
agd	/mounts/Users/student/yehao/public_html/data/Taxi1500-c_v2.0/agd_AGDWBT.cloud.txt
aon	/mounts/Users/student/yehao/public_html/data/Taxi1500-c_v2.0/aon_aon.png.txt
aka	/mounts/Users/student/yehao/public_html/data/Taxi1500-c_v2.0/aka_aka.ebible.txt
btt	/mounts/Users/student/yehao/public_html/data/Taxi1500-c_v2.0/btt-x-bible.txt
fra	/mounts/Users/student/yehao/public_html/data/Taxi1500-c_v2.0/fra_francl.ebible.txt
ian	/mounts/Users/student/yehao/public_html/data/Taxi1500-c_v2.0/ian_IANWBT.cloud.txt
sbe	/mounts/Users/student/yehao/public_html/data/Taxi1500-c_v2.0/sbe_sbe.png.txt
hot	/mounts/Users/student/yehao/public_html/data/Taxi1500-c_v2.0/hot_hot.png.txt
nhu	/mounts/Users/student/yehao/public_html/data/Taxi1500-c_v2.0/nhu_NHUWBT.api.txt
ppo	/mounts/Users/student/yehao/public_html/data/Taxi1500-c_v2.0/ppo_ppo.png.txt
omw	/mounts/Users/student/yehao/public_html/data/Taxi1500-c_v2.0/omw_omw.png.txt
kyz	/mounts/Users/student/yehao/public_html/data/Taxi1500-c_v2.0/kyz-x-bible.txt
arn	/mounts/Users/student/yehao/public_html/data/Taxi1500-c_v2.0/arn_ARNSBU.cloud.txt
adz	/mounts/Users/student/yehao/public_html/data/Taxi1500-c_v2.0/adz_adz.png.txt
mih	/mounts/Users/student/yehao/public_html/data/Taxi1500-c_v2.0/mih_MIHWBT.cloud.txt
klv	/mounts/Users/student/yehao/public_html/data/Taxi1500-c_v2.0/klv_KLVWBT.api.txt
mkl	/mounts/Users/student/yehao/public_html/data/Taxi1500-c_v2.0/mkl_MKLSIM.api.txt
mva	/mounts/Users/student/yehao/public_html/data/Taxi1500-c_v2.0/mva_MVAPNG.cloud.txt
hch	/mounts/Users/student/yehao/public_html/data/Taxi1500-c_v2.0/hch_HCHWBT.cloud.txt
tku	/mounts/Users/student/yehao/public_html/data/Taxi1500-c_v2.0/tku_TKUWBT.cloud.txt
cav	/mounts/Users/student/yehao/public_html/data/Taxi1500-c_v2.0/cav_CAVWBT.cloud.txt
sbd	/mounts/Users/student/yehao/public_html/data/Taxi1500-c_v2.0/sbd-x-bible.txt
cso	/mounts/Users/student/yehao/public_html/data/Taxi1500-c_v2.0/cso_CSOTBL.api.txt
zai	/mounts/Users/student/yehao/public_html/data/Taxi1500-c_v2.0/zai_ZAITBL.api.txt
qvz	/mounts/Users/student/yehao/public_html/data/Taxi1500-c_v2.0/qvz-x-bible.txt
ubr	/mounts/Users/student/yehao/public_html/data/Taxi1500-c_v2.0/ubr_ubr.png.txt
maa	/mounts/Users/student/yehao/public_html/data/Taxi1500-c_v2.0/maa_MAASJV.api.txt
ong	/mounts/Users/student/yehao/public_html/data/Taxi1500-c_v2.0/ong_ONGTBL.cloud.txt
bre	/mounts/Users/student/yehao/public_html/data/Taxi1500-c_v2.0/bre-x-bible.txt
tsw	/mounts/Users/student/yehao/public_html/data/Taxi1500-c_v2.0/tsw_TSWWBT.cloud.txt
blw	/mounts/Users/student/yehao/public_html/data/Taxi1500-c_v2.0/blw-x-bible.txt
ptu	/mounts/Users/student/yehao/public_html/data/Taxi1500-c_v2.0/ptu_PTULAI.cloud.txt
ghs	/mounts/Users/student/yehao/public_html/data/Taxi1500-c_v2.0/ghs_GHSWBT.cloud.txt
amm	/mounts/Users/student/yehao/public_html/data/Taxi1500-c_v2.0/amm_amm.png.txt
zpq	/mounts/Users/student/yehao/public_html/data/Taxi1500-c_v2.0/zpq_ZPQTBL.api.txt
ikw	/mounts/Users/student/yehao/public_html/data/Taxi1500-c_v2.0/ikw_IKWWBT.cloud.txt
kwi	/mounts/Users/student/yehao/public_html/data/Taxi1500-c_v2.0/kwi-x-bible.txt
met	/mounts/Users/student/yehao/public_html/data/Taxi1500-c_v2.0/met_ME1PNG.api.txt
qvn	/mounts/Users/student/yehao/public_html/data/Taxi1500-c_v2.0/qvn_QVNLLB.api.txt
ncu	/mounts/Users/student/yehao/public_html/data/Taxi1500-c_v2.0/ncu-x-bible.txt
yaq	/mounts/Users/student/yehao/public_html/data/Taxi1500-c_v2.0/yaq_YAQTBL.cloud.txt
kbh	/mounts/Users/student/yehao/public_html/data/Taxi1500-c_v2.0/kbh-x-bible.txt
awx	/mounts/Users/student/yehao/public_html/data/Taxi1500-c_v2.0/awx_awx.png.txt
dgr	/mounts/Users/student/yehao/public_html/data/Taxi1500-c_v2.0/dgr_DGRCBS.cloud.txt
uvh	/mounts/Users/student/yehao/public_html/data/Taxi1500-c_v2.0/uvh_uvh.ebible.txt
kpf	/mounts/Users/student/yehao/public_html/data/Taxi1500-c_v2.0/kpf_KPFPNG.cloud.txt
kwj	/mounts/Users/student/yehao/public_html/data/Taxi1500-c_v2.0/kwj_KWJWBT.api.txt
mkn	/mounts/Users/student/yehao/public_html/data/Taxi1500-c_v2.0/mkn-x-bible.txt
mam	/mounts/Users/student/yehao/public_html/data/Taxi1500-c_v2.0/mam-x-bible-northern.txt
wal	/mounts/Users/student/yehao/public_html/data/Taxi1500-c_v2.0/wal-x-bible.txt
toj	/mounts/Users/student/yehao/public_html/data/Taxi1500-c_v2.0/toj_TOJWBT.cloud.txt
guc	/mounts/Users/student/yehao/public_html/data/Taxi1500-c_v2.0/guc-x-bible.txt
hus	/mounts/Users/student/yehao/public_html/data/Taxi1500-c_v2.0/hus_HUSWBT.cloud.txt
chf	/mounts/Users/student/yehao/public_html/data/Taxi1500-c_v2.0/chf_CHFTBL.cloud.txt
knv	/mounts/Users/student/yehao/public_html/data/Taxi1500-c_v2.0/knv_KNVARA.cloud.txt
geb	/mounts/Users/student/yehao/public_html/data/Taxi1500-c_v2.0/geb_GEBPBT.cloud.txt
mfy	/mounts/Users/student/yehao/public_html/data/Taxi1500-c_v2.0/mfy-x-bible.txt
zpu	/mounts/Users/student/yehao/public_html/data/Taxi1500-c_v2.0/zpu_ZPUTBL.api.txt
cac	/mounts/Users/student/yehao/public_html/data/Taxi1500-c_v2.0/cac_CNMRGB.api.txt
zaa	/mounts/Users/student/yehao/public_html/data/Taxi1500-c_v2.0/zaa_ZAATBL.api.txt
cco	/mounts/Users/student/yehao/public_html/data/Taxi1500-c_v2.0/cco-x-bible.txt
apr	/mounts/Users/student/yehao/public_html/data/Taxi1500-c_v2.0/apr_APRWBT.api.txt
roo	/mounts/Users/student/yehao/public_html/data/Taxi1500-c_v2.0/roo_roo.png.txt
bzh	/mounts/Users/student/yehao/public_html/data/Taxi1500-c_v2.0/bzh_BZHPNG.cloud.txt
urb	/mounts/Users/student/yehao/public_html/data/Taxi1500-c_v2.0/urb-x-bible.txt
gvf	/mounts/Users/student/yehao/public_html/data/Taxi1500-c_v2.0/gvf_gvf.png.txt
bgt	/mounts/Users/student/yehao/public_html/data/Taxi1500-c_v2.0/bgt_1900.biblecom.txt
lcm	/mounts/Users/student/yehao/public_html/data/Taxi1500-c_v2.0/lcm_lcm.png.txt
myy	/mounts/Users/student/yehao/public_html/data/Taxi1500-c_v2.0/myy_MYYWBT.api.txt
nde	/mounts/Users/student/yehao/public_html/data/Taxi1500-c_v2.0/nde_nde.ebible.txt
gaw	/mounts/Users/student/yehao/public_html/data/Taxi1500-c_v2.0/gaw_gaw.png.txt
kyg	/mounts/Users/student/yehao/public_html/data/Taxi1500-c_v2.0/kyg-x-bible.txt
apz	/mounts/Users/student/yehao/public_html/data/Taxi1500-c_v2.0/apz_apz.png.txt
tke	/mounts/Users/student/yehao/public_html/data/Taxi1500-c_v2.0/tke-x-bible.txt
mhl	/mounts/Users/student/yehao/public_html/data/Taxi1500-c_v2.0/mhl_mhl.png.txt
cut	/mounts/Users/student/yehao/public_html/data/Taxi1500-c_v2.0/cut_CUTWBT.cloud.txt
jvn	/mounts/Users/student/yehao/public_html/data/Taxi1500-c_v2.0/jvn_jvnNT.ebible.txt
hun	/mounts/Users/student/yehao/public_html/data/Taxi1500-c_v2.0/hun-x-bible-2005.txt
ksr	/mounts/Users/student/yehao/public_html/data/Taxi1500-c_v2.0/ksr_ksr.png.txt
myu	/mounts/Users/student/yehao/public_html/data/Taxi1500-c_v2.0/myu_MYUWBT.cloud.txt
gng	/mounts/Users/student/yehao/public_html/data/Taxi1500-c_v2.0/gng_GNGWYI.api.txt
zpm	/mounts/Users/student/yehao/public_html/data/Taxi1500-c_v2.0/zpm-x-bible.txt
spl	/mounts/Users/student/yehao/public_html/data/Taxi1500-c_v2.0/spl-x-bible.txt
gul	/mounts/Users/student/yehao/public_html/data/Taxi1500-c_v2.0/gul_GULWBT.cloud.txt
ata	/mounts/Users/student/yehao/public_html/data/Taxi1500-c_v2.0/ata_ata.png.txt
pad	/mounts/Users/student/yehao/public_html/data/Taxi1500-c_v2.0/pad_PADWBT.cloud.txt
byx	/mounts/Users/student/yehao/public_html/data/Taxi1500-c_v2.0/byx_byx.png.txt
taj	/mounts/Users/student/yehao/public_html/data/Taxi1500-c_v2.0/taj-x-bible.txt
leu	/mounts/Users/student/yehao/public_html/data/Taxi1500-c_v2.0/leu_LEUPNG.cloud.txt
hub	/mounts/Users/student/yehao/public_html/data/Taxi1500-c_v2.0/hub-x-bible-1975.txt
pma	/mounts/Users/student/yehao/public_html/data/Taxi1500-c_v2.0/pma_PMAWBT.cloud.txt
sgz	/mounts/Users/student/yehao/public_html/data/Taxi1500-c_v2.0/sgz_sgz.png.txt
cmn	/mounts/Users/student/yehao/public_html/data/Taxi1500-c_v2.0/cmn_cmn-cu89s.ebible.txt
miz	/mounts/Users/student/yehao/public_html/data/Taxi1500-c_v2.0/miz_MIZTBL.api.txt
zho	/mounts/Users/student/yehao/public_html/data/Taxi1500-c_v2.0/zho-x-bible-orthodox.txt
zpl	/mounts/Users/student/yehao/public_html/data/Taxi1500-c_v2.0/zpl_ZPLTBL.api.txt
yaa	/mounts/Users/student/yehao/public_html/data/Taxi1500-c_v2.0/yaa-x-bible.txt
abx	/mounts/Users/student/yehao/public_html/data/Taxi1500-c_v2.0/abx_ABXWBT.cloud.txt
ckb	/mounts/Users/student/yehao/public_html/data/Taxi1500-c_v2.0/ckb_ckb.ebible.txt
kmk	/mounts/Users/student/yehao/public_html/data/Taxi1500-c_v2.0/kmk_KMKWBT.cloud.txt
mxq	/mounts/Users/student/yehao/public_html/data/Taxi1500-c_v2.0/mxq_MXQTBL.api.txt
wnc	/mounts/Users/student/yehao/public_html/data/Taxi1500-c_v2.0/wnc-x-bible.txt
soq	/mounts/Users/student/yehao/public_html/data/Taxi1500-c_v2.0/soq_soq.png.txt
kik	/mounts/Users/student/yehao/public_html/data/Taxi1500-c_v2.0/kik_kik.ebible.txt
khz	/mounts/Users/student/yehao/public_html/data/Taxi1500-c_v2.0/khz_KHZPNG.api.txt
gum	/mounts/Users/student/yehao/public_html/data/Taxi1500-c_v2.0/gum_GUMTBL.api.txt
kij	/mounts/Users/student/yehao/public_html/data/Taxi1500-c_v2.0/kij_kij.ebible.txt
txu	/mounts/Users/student/yehao/public_html/data/Taxi1500-c_v2.0/txu_TXUTBL.api.txt
yva	/mounts/Users/student/yehao/public_html/data/Taxi1500-c_v2.0/yva_YVATBL.api.txt
mal	/mounts/Users/student/yehao/public_html/data/Taxi1500-c_v2.0/mal_malc.ebible.txt
eri	/mounts/Users/student/yehao/public_html/data/Taxi1500-c_v2.0/eri_eri.png.txt
srq	/mounts/Users/student/yehao/public_html/data/Taxi1500-c_v2.0/srq-x-bible.txt
zas	/mounts/Users/student/yehao/public_html/data/Taxi1500-c_v2.0/zas_ZASWYI.api.txt
tpa	/mounts/Users/student/yehao/public_html/data/Taxi1500-c_v2.0/tpa_tpa.png.txt
xav	/mounts/Users/student/yehao/public_html/data/Taxi1500-c_v2.0/xav-x-bible.txt
cao	/mounts/Users/student/yehao/public_html/data/Taxi1500-c_v2.0/cao_CAOWBT.cloud.txt
fai	/mounts/Users/student/yehao/public_html/data/Taxi1500-c_v2.0/fai_fai.png.txt
cbr	/mounts/Users/student/yehao/public_html/data/Taxi1500-c_v2.0/cbr_CBRWBT.cloud.txt
mna	/mounts/Users/student/yehao/public_html/data/Taxi1500-c_v2.0/mna_mna.png.txt
agt	/mounts/Users/student/yehao/public_html/data/Taxi1500-c_v2.0/agt_AGTWBT.cloud.txt
aui	/mounts/Users/student/yehao/public_html/data/Taxi1500-c_v2.0/aui_aui.png.txt
dww	/mounts/Users/student/yehao/public_html/data/Taxi1500-c_v2.0/dww_DWWTBL.cloud.txt
tar	/mounts/Users/student/yehao/public_html/data/Taxi1500-c_v2.0/tar-x-bible.txt
ton	/mounts/Users/student/yehao/public_html/data/Taxi1500-c_v2.0/ton-x-bible.txt
acu	/mounts/Users/student/yehao/public_html/data/Taxi1500-c_v2.0/acu-x-bible.txt
urd	/mounts/Users/student/yehao/public_html/data/Taxi1500-c_v2.0/urd-x-bible-latn.txt
poe	/mounts/Users/student/yehao/public_html/data/Taxi1500-c_v2.0/poe_POETBL.cloud.txt
mmo	/mounts/Users/student/yehao/public_html/data/Taxi1500-c_v2.0/mmo_MMOWBT.api.txt
ksw	/mounts/Users/student/yehao/public_html/data/Taxi1500-c_v2.0/ksw-x-bible.txt
qxn	/mounts/Users/student/yehao/public_html/data/Taxi1500-c_v2.0/qxn_QXNWBT.api.txt
cap	/mounts/Users/student/yehao/public_html/data/Taxi1500-c_v2.0/cap_CAPSBB.api.txt
cui	/mounts/Users/student/yehao/public_html/data/Taxi1500-c_v2.0/cui_CUIWBT.api.txt
jiv	/mounts/Users/student/yehao/public_html/data/Taxi1500-c_v2.0/jiv_JIVAIE.api.txt
wos	/mounts/Users/student/yehao/public_html/data/Taxi1500-c_v2.0/wos_wos.png.txt
kqw	/mounts/Users/student/yehao/public_html/data/Taxi1500-c_v2.0/kqw_KQWWIN.cloud.txt
yuj	/mounts/Users/student/yehao/public_html/data/Taxi1500-c_v2.0/yuj_yuj.png.txt
agr	/mounts/Users/student/yehao/public_html/data/Taxi1500-c_v2.0/agr_AGRTBL.api.txt
kqa	/mounts/Users/student/yehao/public_html/data/Taxi1500-c_v2.0/kqa_2076.biblecom.txt
bzj	/mounts/Users/student/yehao/public_html/data/Taxi1500-c_v2.0/bzj-x-bible.txt
mxp	/mounts/Users/student/yehao/public_html/data/Taxi1500-c_v2.0/mxp_MXPWBT.cloud.txt
zad	/mounts/Users/student/yehao/public_html/data/Taxi1500-c_v2.0/zad_ZADWBT.cloud.txt
tgo	/mounts/Users/student/yehao/public_html/data/Taxi1500-c_v2.0/tgo_tgo.png.txt
ilo	/mounts/Users/student/yehao/public_html/data/Taxi1500-c_v2.0/ilo_iloulb.ebible.txt
wmt	/mounts/Users/student/yehao/public_html/data/Taxi1500-c_v2.0/wmt_1430.biblecom.txt
txq	/mounts/Users/student/yehao/public_html/data/Taxi1500-c_v2.0/txq_TXQUBB.cloud.txt
msa	/mounts/Users/student/yehao/public_html/data/Taxi1500-c_v2.0/msa-x-bible-leydekker.txt
yon	/mounts/Users/student/yehao/public_html/data/Taxi1500-c_v2.0/yon-x-bible.txt
sab	/mounts/Users/student/yehao/public_html/data/Taxi1500-c_v2.0/sab-x-bible.txt
glv	/mounts/Users/student/yehao/public_html/data/Taxi1500-c_v2.0/glv-x-bible.txt
ebk	/mounts/Users/student/yehao/public_html/data/Taxi1500-c_v2.0/ebk_EBKWBT.cloud.txt
mie	/mounts/Users/student/yehao/public_html/data/Taxi1500-c_v2.0/mie_MIETBL.api.txt
msb	/mounts/Users/student/yehao/public_html/data/Taxi1500-c_v2.0/msb_MSBWBT.cloud.txt
mco	/mounts/Users/student/yehao/public_html/data/Taxi1500-c_v2.0/mco_MCOTBL.api.txt
zpv	/mounts/Users/student/yehao/public_html/data/Taxi1500-c_v2.0/zpv_ZPVTBL.cloud.txt
qvm	/mounts/Users/student/yehao/public_html/data/Taxi1500-c_v2.0/qvm_QVMTBL.api.txt
lww	/mounts/Users/student/yehao/public_html/data/Taxi1500-c_v2.0/lww_LWWWBT.api.txt
bkq	/mounts/Users/student/yehao/public_html/data/Taxi1500-c_v2.0/bkq_BKQWBT.cloud.txt
zos	/mounts/Users/student/yehao/public_html/data/Taxi1500-c_v2.0/zos_ZOSTBL.api.txt
ssg	/mounts/Users/student/yehao/public_html/data/Taxi1500-c_v2.0/ssg_SSGWBT.api.txt
msm	/mounts/Users/student/yehao/public_html/data/Taxi1500-c_v2.0/msm_MSMWPS.api.txt
lgl	/mounts/Users/student/yehao/public_html/data/Taxi1500-c_v2.0/lgl_LGLWYI.api.txt
lat	/mounts/Users/student/yehao/public_html/data/Taxi1500-c_v2.0/lat-x-bible-vulgataclementina.txt
cab	/mounts/Users/student/yehao/public_html/data/Taxi1500-c_v2.0/cab-x-bible.txt
hat	/mounts/Users/student/yehao/public_html/data/Taxi1500-c_v2.0/hat_hatbsa.ebible.txt
okv	/mounts/Users/student/yehao/public_html/data/Taxi1500-c_v2.0/okv_okv.png.txt
ces	/mounts/Users/student/yehao/public_html/data/Taxi1500-c_v2.0/ces-x-bible-kralicka.txt
cbt	/mounts/Users/student/yehao/public_html/data/Taxi1500-c_v2.0/cbt-x-bible.txt
far	/mounts/Users/student/yehao/public_html/data/Taxi1500-c_v2.0/far_FARWBT.api.txt
tuf	/mounts/Users/student/yehao/public_html/data/Taxi1500-c_v2.0/tuf_TUFWYI.api.txt
arp	/mounts/Users/student/yehao/public_html/data/Taxi1500-c_v2.0/arp_1369.biblecom.txt
noa	/mounts/Users/student/yehao/public_html/data/Taxi1500-c_v2.0/noa_NOAWBE.cloud.txt
nak	/mounts/Users/student/yehao/public_html/data/Taxi1500-c_v2.0/nak_nak.png.txt
tlf	/mounts/Users/student/yehao/public_html/data/Taxi1500-c_v2.0/tlf_tlf.png.txt
fil	/mounts/Users/student/yehao/public_html/data/Taxi1500-c_v2.0/fil-x-bible-1905.txt
aii	/mounts/Users/student/yehao/public_html/data/Taxi1500-c_v2.0/aii-x-bible.txt
sps	/mounts/Users/student/yehao/public_html/data/Taxi1500-c_v2.0/sps_sps.png.txt
big	/mounts/Users/student/yehao/public_html/data/Taxi1500-c_v2.0/big_big.png.txt
nhy	/mounts/Users/student/yehao/public_html/data/Taxi1500-c_v2.0/nhy_NHYTBL.api.txt
rug	/mounts/Users/student/yehao/public_html/data/Taxi1500-c_v2.0/rug_RUGWBT.api.txt
poh	/mounts/Users/student/yehao/public_html/data/Taxi1500-c_v2.0/poh-x-bible-eastern.txt
ded	/mounts/Users/student/yehao/public_html/data/Taxi1500-c_v2.0/ded-x-bible.txt
nhe	/mounts/Users/student/yehao/public_html/data/Taxi1500-c_v2.0/nhe_NHEWBT.cloud.txt
gnn	/mounts/Users/student/yehao/public_html/data/Taxi1500-c_v2.0/gnn_2006.biblecom.txt
con	/mounts/Users/student/yehao/public_html/data/Taxi1500-c_v2.0/con-x-bible.txt
mek	/mounts/Users/student/yehao/public_html/data/Taxi1500-c_v2.0/mek_mek.png.txt
pon	/mounts/Users/student/yehao/public_html/data/Taxi1500-c_v2.0/pon-x-bible.txt
agg	/mounts/Users/student/yehao/public_html/data/Taxi1500-c_v2.0/agg_agg.png.txt
ame	/mounts/Users/student/yehao/public_html/data/Taxi1500-c_v2.0/ame-x-bible.txt
san	/mounts/Users/student/yehao/public_html/data/Taxi1500-c_v2.0/san_sanvel.ebible.txt
upv	/mounts/Users/student/yehao/public_html/data/Taxi1500-c_v2.0/upv_UPVWBT.api.txt
tnn	/mounts/Users/student/yehao/public_html/data/Taxi1500-c_v2.0/tnn_TNNWBT.api.txt
gwi	/mounts/Users/student/yehao/public_html/data/Taxi1500-c_v2.0/gwi_GWIWBT.api.txt
hix	/mounts/Users/student/yehao/public_html/data/Taxi1500-c_v2.0/hix_HIXWBT.cloud.txt
nca	/mounts/Users/student/yehao/public_html/data/Taxi1500-c_v2.0/nca_nca.png.txt
tna	/mounts/Users/student/yehao/public_html/data/Taxi1500-c_v2.0/tna_TNAWBT.cloud.txt
dwr	/mounts/Users/student/yehao/public_html/data/Taxi1500-c_v2.0/dwr_DWRENT.cloud.txt
shp	/mounts/Users/student/yehao/public_html/data/Taxi1500-c_v2.0/shp-x-bible.txt
rmn	/mounts/Users/student/yehao/public_html/data/Taxi1500-c_v2.0/rmn-x-bible-1912.txt
kmh	/mounts/Users/student/yehao/public_html/data/Taxi1500-c_v2.0/kmh_kmh-m.png.txt
atd	/mounts/Users/student/yehao/public_html/data/Taxi1500-c_v2.0/atd_ATDWBT.cloud.txt
nop	/mounts/Users/student/yehao/public_html/data/Taxi1500-c_v2.0/nop-x-bible.txt
bus	/mounts/Users/student/yehao/public_html/data/Taxi1500-c_v2.0/bus_BUSSIM.api.txt
cni	/mounts/Users/student/yehao/public_html/data/Taxi1500-c_v2.0/cni-x-bible.txt
tue	/mounts/Users/student/yehao/public_html/data/Taxi1500-c_v2.0/tue_TUEWBT.api.txt
spa	/mounts/Users/student/yehao/public_html/data/Taxi1500-c_v2.0/spa_spablm.ebible.txt
arl	/mounts/Users/student/yehao/public_html/data/Taxi1500-c_v2.0/arl_ARLWBT.cloud.txt
kvn	/mounts/Users/student/yehao/public_html/data/Taxi1500-c_v2.0/kvn_KVNWBT.api.txt
npl	/mounts/Users/student/yehao/public_html/data/Taxi1500-c_v2.0/npl_NPLWYI.api.txt
eko	/mounts/Users/student/yehao/public_html/data/Taxi1500-c_v2.0/eko-x-bible.txt
bmk	/mounts/Users/student/yehao/public_html/data/Taxi1500-c_v2.0/bmk_bmk.png.txt
hto	/mounts/Users/student/yehao/public_html/data/Taxi1500-c_v2.0/hto_HTOWBT.api.txt
tfr	/mounts/Users/student/yehao/public_html/data/Taxi1500-c_v2.0/tfr_TFRWBT.api.txt
nrf	/mounts/Users/student/yehao/public_html/data/Taxi1500-c_v2.0/nrf-x-bible.txt
