toc,1077
cui,1077
hus,1077
ksw,1077
yad,1077
awb,1077
srq,1077
kij,1077
zsm,1077
cap,1077
mks,1077
zam,1077
spy,1077
isl,1075
xtd,1077
acf,1077
ptu,1077
dgr,1077
ebk,1077
dgc,1077
smk,1077
cot,1077
msk,1077
kew,1077
ame,1077
otq,1077
pib,1077
cbv,1077
mox,1077
cso,1077
abt,1077
quf,1076
ter,1077
ptp,1077
sim,1077
gla,1076
xav,1077
dgz,1077
att,1077
maa,1077
tku,1077
pan,1077
auy,1077
mbj,1077
rop,1077
rro,1077
cab,1077
kud,1077
enm,1077
wbp,1077
cpa,1077
kbm,1077
kmu,1077
aau,1077
pjt,1048
cao,1077
nvm,1077
bbr,1077
dob,1077
mcp,1077
mcd,1077
mto,1077
agg,1077
abx,1077
enq,1077
ura,1077
kmk,1077
meu,1077
ruf,1077
gam,1077
tbl,1055
tbz,1077
tuo,1076
upv,1077
ben,1077
hat,1076
pls,1077
otm,1077
zab,1077
mav,1077
eus,1077
kgf,1077
bsn,1077
nhr,1077
stp,1077
rwo,1077
atg,1077
jpn,1077
zai,1077
aby,1077
nhy,1077
cpy,1077
pri,1077
tim,1077
boj,1077
aia,1077
kpj,1077
avt,1077
quw,1077
arn,1077
nas,1077
urd,1077
mih,1077
dww,1077
bkq,1077
qvs,1077
zas,1077
rai,1077
meq,1077
gng,1077
tzj,1077
kwi,1077
cav,1077
bjr,1077
crn,1077
con,1077
gaw,1077
wmw,1077
poy,1077
xed,1077
bgt,1077
ded,1077
roo,1077
fil,1077
ote,1077
bqc,1077
cta,1077
bss,1077
box,1077
cax,1077
hmo,1077
rug,1077
swh,1077
tav,1077
zad,1077
ind,1077
kpf,1077
spl,1077
ipi,1075
pon,1077
yle,1077
twi,1077
fuh,1077
nch,1077
ots,1077
aey,1077
cbk,1077
qxh,1077
bpr,1055
kwf,1077
ood,1077
zyp,1077
tke,1077
cjo,1074
bzj,1077
cle,1077
gwi,1077
tpt,1077
mpm,1077
zpq,1077
tna,1077
bus,1077
mig,1077
maj,1077
ycn,1076
cpb,1077
lat,1077
jae,1006
dah,1077
pma,1077
aii,1077
djk,1077
ton,1077
ngu,1077
mee,1077
srn,1077
qvm,1038
wsk,1077
sja,1077
sgz,1077
arz,1077
snn,1076
klv,1077
tif,1077
ikw,1077
trc,1077
omw,1077
kze,1077
mmx,1077
mar,1077
tue,1077
nhw,1077
hin,1077
qup,1077
ubu,1077
mxq,1077
bre,1076
nhu,1077
tpi,1077
zos,1077
lbk,1077
apn,1077
mau,1077
glv,1077
ake,1077
hub,1077
bmr,1077
ons,1077
zao,1077
lzh,1077
agn,1077
cnt,1077
amp,1077
khz,1077
gvf,1077
rgu,948
yby,1077
som,1077
poh,1077
arb,1077
epo,1077
top,1077
nsn,1077
gum,1077
mkl,1077
chq,1077
coe,1077
kaq,1077
nfa,1077
gai,1077
hop,1077
far,1077
zpz,1077
hui,1077
nak,1077
nko,1077
mya,1075
mva,1077
zty,1077
cpc,1077
kpr,1077
zav,1077
gqr,1077
nog,1077
tgo,1077
asm,1077
ctu,1077
knj,1077
kqc,1077
cbs,1077
zpi,1077
mjc,1077
fra,1077
cwe,1077
ibo,1077
mpt,1077
amn,1077
rus,1077
bgs,1077
tel,1077
zpv,1077
wuv,1077
als,1077
jac,1077
ksr,1077
agm,1077
obo,1077
ory,1077
nob,1077
kde,1077
ncu,1077
hot,1077
gfk,1077
cbi,1077
pao,1077
sab,1077
met,1077
ixl,1077
ppo,1077
fai,1077
pad,1077
qxo,1077
gux,1077
kpx,1077
cux,1077
mic,1077
atd,1077
huv,1077
tcz,1077
acu,1077
kbq,1077
ffm,1077
ian,1077
bmh,1077
zpu,1077
ghs,1077
tsn,1077
amk,1077
msm,1077
kpw,1077
shp,1077
yap,1077
nab,1077
wnc,1077
aer,1077
nin,1077
apy,1077
tuf,1074
pol,1077
yor,1077
poe,1077
too,1077
mir,1077
kik,1077
hrv,1077
fin,1077
srp,1077
bef,1077
emi,1077
ncj,1077
auc,1077
ces,1077
acr,1077
kan,1077
noa,1077
pes,1065
azg,1077
nnq,1077
mqj,1077
ubr,1077
iws,1077
dik,1077
tnk,1077
mvn,1077
bvd,1077
udu,1077
gvc,1077
csy,1077
chk,1077
bzh,1077
gym,1077
agr,1077
swe,1077
tmd,1077
heb,1077
tca,1077
mps,996
tbc,1077
mbt,1077
kpg,1077
row,1076
ita,1077
yrb,1077
emp,1077
yao,1077
mil,1077
azb,1077
sxb,1077
zaa,1077
jiv,1076
txq,1077
kjs,1077
cjv,1077
mgh,1077
mbh,1077
mbs,1077
gmv,1077
hns,1077
lid,1077
zac,1077
aka,1077
yut,1077
qvn,1077
bkd,1077
qvw,1077
ztq,1077
amr,1077
bmu,1077
ken,1077
cbt,1077
kbc,1077
okv,1077
bps,1077
mqb,1077
kje,1077
soq,1077
uig,1077
car,1077
kmh,1077
ikk,1077
wim,1077
akh,1077
ntu,1074
mcf,1077
muy,1077
aze,1077
sri,1077
ntp,1077
yal,1077
guc,1077
aoj,1077
yon,1077
aom,1077
big,1077
sna,1077
ilo,1077
ssx,1077
cco,1077
tpz,1077
xon,1077
hun,1077
pah,1077
leu,1077
nhi,1077
tee,1076
crx,1077
tlf,1077
pwg,1077
sus,1076
myw,1077
toj,1077
srm,1076
tiy,1077
imo,1077
mna,1077
bao,1077
viv,1077
geb,1077
snc,1077
ape,1077
atb,1077
myu,1077
tbk,1077
hla,1077
zsr,1077
zho,963
tur,1077
ctp,1077
tar,1077
cni,1077
hch,1077
gof,1077
ese,1077
kek,1077
kyq,1077
cub,1077
mxt,1077
sey,1077
suz,1077
lww,1071
xsi,1077
tfr,1060
sll,1077
kdl,1077
kyf,1077
gul,1077
uvl,1077
mfy,1077
sua,1077
caf,1077
fue,1077
tnp,1077
lex,1077
cuk,1077
gun,1077
kvg,1077
naf,1077
tet,1076
wiu,1077
cak,1077
nhe,1077
gui,1077
azz,1077
mxb,1077
msb,1077
tvk,1077
byr,1077
ino,1077
ron,1077
taj,1077
tgp,1077
deu,1077
nde,1077
usp,1077
bhl,1077
yre,1077
ewe,1077
nlc,1066
mbc,1077
tnn,1077
hto,1077
uvh,1077
mek,1077
usa,1077
nii,1077
wal,1077
msa,1077
tam,1077
maz,1077
quh,1077
qve,1077
cbu,1077
zat,1077
hwc,1000
chf,1077
arl,1077
daa,1077
hix,1077
chd,1077
kmo,1077
bjv,1077
mux,1077
poi,1077
gah,1077
kup,1077
blw,1077
wnu,1077
alq,1077
vid,1077
sbd,1077
yaq,1077
ksd,1077
cbc,1077
mkn,1077
zia,1077
kwd,1077
zar,1076
mam,1077
maq,1077
aln,1077
kvn,1077
ata,1077
guh,1077
mcq,1077
spp,1074
apu,1077
urt,1076
gyr,1077
blz,1077
tac,1077
plu,1076
lug,1077
ckb,1077
chz,1077
gub,1077
pab,1076
bzd,1077
agt,1077
yml,1077
waj,1077
yaa,1077
prf,1069
kto,1077
cbr,1077
agu,1076
tte,1077
amu,1077
kgp,1077
ukr,1077
faa,1077
mcb,1077
cek,1077
yss,1077
por,1077
llg,1076
mxp,1077
xla,1077
xnn,1077
amm,1077
zca,1077
tha,1077
aai,1077
qvh,1077
bnp,1077
mib,1077
bdd,1077
oji,1077
caa,1077
sgb,1077
suk,1073
gdn,1077
anv,1077
apr,1077
qul,1077
cnl,1077
mal,1077
tgk,1077
alp,1077
swp,1077
dwr,1077
bqp,1077
kdc,1077
ign,1076
yva,1077
yka,1077
kyg,1077
cof,1077
quc,1077
npl,1077
zpc,1077
bon,1077
nno,1077
zpm,1077
tcs,1077
ong,1077
pio,1077
buk,1077
mio,1077
clu,1077
lcm,1077
cac,1077
ttc,1077
plt,1077
cmn,1077
otn,1077
ngp,1077
kbh,1077
xtm,1077
gnw,1077
kms,1077
bch,1077
wrs,1077
zaw,1077
apw,1077
kyz,1077
nuy,1077
lgl,1076
aon,1077
kyc,1077
heg,1077
boa,1077
nya,1077
myk,1077
cgc,1077
luo,1077
qxn,1077
nwi,1077
jvn,1077
wer,1077
nou,1077
zpo,1077
urb,1077
jic,1077
rkb,1077
mca,1077
ceb,1077
nld,1077
gnn,1077
tzo,1077
kwj,1077
spa,1077
huu,1077
mpx,1077
mie,1077
mlh,1077
esk,1077
tuc,1077
mbl,1077
nop,1077
pir,1065
ceg,1077
soy,1077
kue,1077
aso,1077
iou,1077
qwh,1077
opm,1077
vmy,1077
nho,1077
wos,1077
qvc,1077
ndj,1077
mlp,1077
tsw,1077
inb,1077
ssg,1077
bba,1077
byx,1077
sqi,1077
apz,1077
sue,1077
zpl,1077
med,1077
miz,1077
gdr,1077
sny,1077
cya,1077
agd,1077
mop,1077
bvr,1077
cym,1077
mhl,1077
tbg,1077
tbo,1077
ncl,1077
yuw,1077
cpu,1077
nhg,1077
lif,1077
for,1077
not,1077
wap,1077
qvz,1077
aaz,1076
mdy,1077
nlg,1077
dad,1077
tgl,1077
txu,1066
sps,1077
khs,1077
msy,1077
bbb,1077
npi,1077
cme,1077
tos,1077
mmo,1077
vie,1077
kmg,1065
lin,1068
kgk,1077
cuc,1077
guj,1077
dan,1077
zlm,1077
snp,1077
kne,1077
mco,1077
yuj,1077
ssd,1077
nca,1077
mti,1077
amf,1077
btt,1077
eri,1077
lac,1077
guo,1077
myy,1077
fuf,1077
aak,1077
eng,1077
knv,1077
taw,1077
qub,1077
cut,1077
knf,1077
ziw,1077toc,1077
cui,1077
hus,1077
ksw,1077
yad,1077
awb,1077
srq,1077
kij,1077
zsm,1077
cap,1077
mks,1077
zam,1077
spy,1077
isl,1075
xtd,1077
acf,1077
ptu,1077
dgr,1077
ebk,1077
dgc,1077
smk,1077
cot,1077
msk,1077
kew,1077
ame,1077
otq,1077
pib,1077
cbv,1077
mox,1077
cso,1077
abt,1077
quf,1076
ter,1077
ptp,1077
sim,1077
gla,1076
xav,1077
dgz,1077
att,1077
maa,1077
tku,1077
pan,1077
auy,1077
mbj,1077
rop,1077
rro,1077
cab,1077
kud,1077
enm,1077
wbp,1077
cpa,1077
kbm,1077
kmu,1077
aau,1077
pjt,1048
cao,1077
nvm,1077
bbr,1077
dob,1077
mcp,1077
mcd,1077
mto,1077
agg,1077
abx,1077
enq,1077
ura,1077
kmk,1077
meu,1077
ruf,1077
gam,1077
tbl,1055
tbz,1077
tuo,1076
upv,1077
ben,1077
hat,1076
pls,1077
otm,1077
zab,1077
mav,1077
eus,1077
kgf,1077
bsn,1077
nhr,1077
stp,1077
rwo,1077
atg,1077
jpn,1077
zai,1077
aby,1077
nhy,1077
cpy,1077
pri,1077
tim,1077
boj,1077
aia,1077
kpj,1077
avt,1077
quw,1077
arn,1077
nas,1077
urd,1077
mih,1077
dww,1077
bkq,1077
qvs,1077
zas,1077
rai,1077
meq,1077
gng,1077
tzj,1077
kwi,1077
cav,1077
bjr,1077
crn,1077
con,1077
gaw,1077
wmw,1077
poy,1077
xed,1077
bgt,1077
ded,1077
roo,1077
fil,1077
ote,1077
bqc,1077
cta,1077
bss,1077
box,1077
cax,1077
hmo,1077
rug,1077
swh,1077
tav,1077
zad,1077
ind,1077
kpf,1077
spl,1077
ipi,1075
pon,1077
yle,1077
twi,1077
fuh,1077
nch,1077
ots,1077
aey,1077
cbk,1077
qxh,1077
bpr,1055
kwf,1077
ood,1077
zyp,1077
tke,1077
cjo,1074
bzj,1077
cle,1077
gwi,1077
tpt,1077
mpm,1077
zpq,1077
tna,1077
bus,1077
mig,1077
maj,1077
ycn,1076
cpb,1077
lat,1077
jae,1006
dah,1077
pma,1077
aii,1077
djk,1077
ton,1077
ngu,1077
mee,1077
srn,1077
qvm,1038
wsk,1077
sja,1077
sgz,1077
arz,1077
snn,1076
klv,1077
tif,1077
ikw,1077
trc,1077
omw,1077
kze,1077
mmx,1077
mar,1077
tue,1077
nhw,1077
hin,1077
qup,1077
ubu,1077
mxq,1077
bre,1076
nhu,1077
tpi,1077
zos,1077
lbk,1077
apn,1077
mau,1077
glv,1077
ake,1077
hub,1077
bmr,1077
ons,1077
zao,1077
lzh,1077
agn,1077
cnt,1077
amp,1077
khz,1077
gvf,1077
rgu,948
yby,1077
som,1077
poh,1077
arb,1077
epo,1077
top,1077
nsn,1077
gum,1077
mkl,1077
chq,1077
coe,1077
kaq,1077
nfa,1077
gai,1077
hop,1077
far,1077
zpz,1077
hui,1077
nak,1077
nko,1077
mya,1075
mva,1077
zty,1077
cpc,1077
kpr,1077
zav,1077
gqr,1077
nog,1077
tgo,1077
asm,1077
ctu,1077
knj,1077
kqc,1077
cbs,1077
zpi,1077
mjc,1077
fra,1077
cwe,1077
ibo,1077
mpt,1077
amn,1077
rus,1077
bgs,1077
tel,1077
zpv,1077
wuv,1077
als,1077
jac,1077
ksr,1077
agm,1077
obo,1077
ory,1077
nob,1077
kde,1077
ncu,1077
hot,1077
gfk,1077
cbi,1077
pao,1077
sab,1077
met,1077
ixl,1077
ppo,1077
fai,1077
pad,1077
qxo,1077
gux,1077
kpx,1077
cux,1077
mic,1077
atd,1077
huv,1077
tcz,1077
acu,1077
kbq,1077
ffm,1077
ian,1077
bmh,1077
zpu,1077
ghs,1077
tsn,1077
amk,1077
msm,1077
kpw,1077
shp,1077
yap,1077
nab,1077
wnc,1077
aer,1077
nin,1077
apy,1077
tuf,1074
pol,1077
yor,1077
poe,1077
too,1077
mir,1077
kik,1077
hrv,1077
fin,1077
srp,1077
bef,1077
emi,1077
ncj,1077
auc,1077
ces,1077
acr,1077
kan,1077
noa,1077
pes,1065
azg,1077
nnq,1077
mqj,1077
ubr,1077
iws,1077
dik,1077
tnk,1077
mvn,1077
bvd,1077
udu,1077
gvc,1077
csy,1077
chk,1077
bzh,1077
gym,1077
agr,1077
swe,1077
tmd,1077
heb,1077
tca,1077
mps,996
tbc,1077
mbt,1077
kpg,1077
row,1076
ita,1077
yrb,1077
emp,1077
yao,1077
mil,1077
azb,1077
sxb,1077
zaa,1077
jiv,1076
txq,1077
kjs,1077
cjv,1077
mgh,1077
mbh,1077
mbs,1077
gmv,1077
hns,1077
lid,1077
zac,1077
aka,1077
yut,1077
qvn,1077
bkd,1077
qvw,1077
ztq,1077
amr,1077
bmu,1077
ken,1077
cbt,1077
kbc,1077
okv,1077
bps,1077
mqb,1077
kje,1077
soq,1077
uig,1077
car,1077
kmh,1077
ikk,1077
wim,1077
akh,1077
ntu,1074
mcf,1077
muy,1077
aze,1077
sri,1077
ntp,1077
yal,1077
guc,1077
aoj,1077
yon,1077
aom,1077
big,1077
sna,1077
ilo,1077
ssx,1077
cco,1077
tpz,1077
xon,1077
hun,1077
pah,1077
leu,1077
nhi,1077
tee,1076
crx,1077
tlf,1077
pwg,1077
sus,1076
myw,1077
toj,1077
srm,1076
tiy,1077
imo,1077
mna,1077
bao,1077
viv,1077
geb,1077
snc,1077
ape,1077
atb,1077
myu,1077
tbk,1077
hla,1077
zsr,1077
zho,963
tur,1077
ctp,1077
tar,1077
cni,1077
hch,1077
gof,1077
ese,1077
kek,1077
kyq,1077
cub,1077
mxt,1077
sey,1077
suz,1077
lww,1071
xsi,1077
tfr,1060
sll,1077
kdl,1077
kyf,1077
gul,1077
uvl,1077
mfy,1077
sua,1077
caf,1077
fue,1077
tnp,1077
lex,1077
cuk,1077
gun,1077
kvg,1077
naf,1077
tet,1076
wiu,1077
cak,1077
nhe,1077
gui,1077
azz,1077
mxb,1077
msb,1077
tvk,1077
byr,1077
ino,1077
ron,1077
taj,1077
tgp,1077
deu,1077
nde,1077
usp,1077
bhl,1077
yre,1077
ewe,1077
nlc,1066
mbc,1077
tnn,1077
hto,1077
uvh,1077
mek,1077
usa,1077
nii,1077
wal,1077
msa,1077
tam,1077
maz,1077
quh,1077
qve,1077
cbu,1077
zat,1077
hwc,1000
chf,1077
arl,1077
daa,1077
hix,1077
chd,1077
kmo,1077
bjv,1077
mux,1077
poi,1077
gah,1077
kup,1077
blw,1077
wnu,1077
alq,1077
vid,1077
sbd,1077
yaq,1077
ksd,1077
cbc,1077
mkn,1077
zia,1077
kwd,1077
zar,1076
mam,1077
maq,1077
aln,1077
kvn,1077
ata,1077
guh,1077
mcq,1077
spp,1074
apu,1077
urt,1076
gyr,1077
blz,1077
tac,1077
plu,1076
lug,1077
ckb,1077
chz,1077
gub,1077
pab,1076
bzd,1077
agt,1077
yml,1077
waj,1077
yaa,1077
prf,1069
kto,1077
cbr,1077
agu,1076
tte,1077
amu,1077
kgp,1077
ukr,1077
faa,1077
mcb,1077
cek,1077
yss,1077
por,1077
llg,1076
mxp,1077
xla,1077
xnn,1077
amm,1077
zca,1077
tha,1077
aai,1077
qvh,1077
bnp,1077
mib,1077
bdd,1077
oji,1077
caa,1077
sgb,1077
suk,1073
gdn,1077
anv,1077
apr,1077
qul,1077
cnl,1077
mal,1077
tgk,1077
alp,1077
swp,1077
dwr,1077
bqp,1077
kdc,1077
ign,1076
yva,1077
yka,1077
kyg,1077
cof,1077
quc,1077
npl,1077
zpc,1077
bon,1077
nno,1077
zpm,1077
tcs,1077
ong,1077
pio,1077
buk,1077
mio,1077
clu,1077
lcm,1077
cac,1077
ttc,1077
plt,1077
cmn,1077
otn,1077
ngp,1077
kbh,1077
xtm,1077
gnw,1077
kms,1077
bch,1077
wrs,1077
zaw,1077
apw,1077
kyz,1077
nuy,1077
lgl,1076
aon,1077
kyc,1077
heg,1077
boa,1077
nya,1077
myk,1077
cgc,1077
luo,1077
qxn,1077
nwi,1077
jvn,1077
wer,1077
nou,1077
zpo,1077
urb,1077
jic,1077
rkb,1077
mca,1077
ceb,1077
nld,1077
gnn,1077
tzo,1077
kwj,1077
spa,1077
huu,1077
mpx,1077
mie,1077
mlh,1077
esk,1077
tuc,1077
mbl,1077
nop,1077
pir,1065
ceg,1077
soy,1077
kue,1077
aso,1077
iou,1077
qwh,1077
opm,1077
vmy,1077
nho,1077
wos,1077
qvc,1077
ndj,1077
mlp,1077
tsw,1077
inb,1077
ssg,1077
bba,1077
byx,1077
sqi,1077
apz,1077
sue,1077
zpl,1077
med,1077
miz,1077
gdr,1077
sny,1077
cya,1077
agd,1077
mop,1077
bvr,1077
cym,1077
mhl,1077
tbg,1077
tbo,1077
ncl,1077
yuw,1077
cpu,1077
nhg,1077
lif,1077
for,1077
not,1077
wap,1077
qvz,1077
aaz,1076
mdy,1077
nlg,1077
dad,1077
tgl,1077
txu,1066
sps,1077
khs,1077
msy,1077
bbb,1077
npi,1077
cme,1077
tos,1077
mmo,1077
vie,1077
kmg,1065
lin,1068
kgk,1077
cuc,1077
guj,1077
dan,1077
zlm,1077
snp,1077
kne,1077
mco,1077
yuj,1077
ssd,1077
nca,1077
mti,1077
amf,1077
btt,1077
eri,1077
lac,1077
guo,1077
myy,1077
fuf,1077
aak,1077
eng,1077
knv,1077
taw,1077
qub,1077
cut,1077
knf,1077
ziw,1077
toc,1077
cui,1077
hus,1077
ksw,1077
yad,1077
awb,1077
srq,1077
kij,1077
zsm,1077
cap,1077
mks,1077
zam,1077
spy,1077
isl,1075
xtd,1077
acf,1077
ptu,1077
dgr,1077
ebk,1077
dgc,1077
smk,1077
cot,1077
msk,1077
kew,1077
ame,1077
otq,1077
pib,1077
cbv,1077
mox,1077
cso,1077
abt,1077
quf,1076
ter,1077
ptp,1077
sim,1077
gla,1076
xav,1077
dgz,1077
att,1077
maa,1077
tku,1077
pan,1077
auy,1077
mbj,1077
rop,1077
rro,1077
cab,1077
kud,1077
enm,1077
wbp,1077
cpa,1077
kbm,1077
kmu,1077
aau,1077
pjt,1048
cao,1077
nvm,1077
bbr,1077
dob,1077
mcp,1077
mcd,1077
mto,1077
agg,1077
abx,1077
enq,1077
ura,1077
kmk,1077
meu,1077
ruf,1077
gam,1077
tbl,1055
tbz,1077
tuo,1076
upv,1077
ben,1077
hat,1076
pls,1077
otm,1077
zab,1077
mav,1077
eus,1077
kgf,1077
bsn,1077
nhr,1077
stp,1077
rwo,1077
atg,1077
jpn,1077
zai,1077
aby,1077
nhy,1077
cpy,1077
pri,1077
tim,1077
boj,1077
aia,1077
kpj,1077
avt,1077
quw,1077
arn,1077
nas,1077
urd,1077
mih,1077
dww,1077
bkq,1077
qvs,1077
zas,1077
rai,1077
meq,1077
gng,1077
tzj,1077
kwi,1077
cav,1077
bjr,1077
crn,1077
con,1077
gaw,1077
wmw,1077
poy,1077
xed,1077
bgt,1077
ded,1077
roo,1077
fil,1077
ote,1077
bqc,1077
cta,1077
bss,1077
box,1077
cax,1077
hmo,1077
rug,1077
swh,1077
tav,1077
zad,1077
ind,1077
kpf,1077
spl,1077
ipi,1075
pon,1077
yle,1077
twi,1077
fuh,1077
nch,1077
ots,1077
aey,1077
cbk,1077
qxh,1077
bpr,1055
kwf,1077
ood,1077
zyp,1077
tke,1077
cjo,1074
bzj,1077
cle,1077
gwi,1077
tpt,1077
mpm,1077
zpq,1077
tna,1077
bus,1077
mig,1077
maj,1077
ycn,1076
cpb,1077
lat,1077
jae,1006
dah,1077
pma,1077
aii,1077
djk,1077
ton,1077
ngu,1077
mee,1077
srn,1077
qvm,1038
wsk,1077
sja,1077
sgz,1077
arz,1077
snn,1076
klv,1077
tif,1077
ikw,1077
trc,1077
omw,1077
kze,1077
mmx,1077
mar,1077
tue,1077
nhw,1077
hin,1077
qup,1077
ubu,1077
mxq,1077
bre,1076
nhu,1077
tpi,1077
zos,1077
lbk,1077
apn,1077
mau,1077
glv,1077
ake,1077
hub,1077
bmr,1077
ons,1077
zao,1077
lzh,1077
agn,1077
cnt,1077
amp,1077
khz,1077
gvf,1077
rgu,948
yby,1077
som,1077
poh,1077
arb,1077
epo,1077
top,1077
nsn,1077
gum,1077
mkl,1077
chq,1077
coe,1077
kaq,1077
nfa,1077
gai,1077
hop,1077
far,1077
zpz,1077
hui,1077
nak,1077
nko,1077
mya,1075
mva,1077
zty,1077
cpc,1077
kpr,1077
zav,1077
gqr,1077
nog,1077
tgo,1077
asm,1077
ctu,1077
knj,1077
kqc,1077
cbs,1077
zpi,1077
mjc,1077
fra,1077
cwe,1077
ibo,1077
mpt,1077
amn,1077
rus,1077
bgs,1077
tel,1077
zpv,1077
wuv,1077
als,1077
jac,1077
ksr,1077
agm,1077
obo,1077
ory,1077
nob,1077
kde,1077
ncu,1077
hot,1077
gfk,1077
cbi,1077
pao,1077
sab,1077
met,1077
ixl,1077
ppo,1077
fai,1077
pad,1077
qxo,1077
gux,1077
kpx,1077
cux,1077
mic,1077
atd,1077
huv,1077
tcz,1077
acu,1077
kbq,1077
ffm,1077
ian,1077
bmh,1077
zpu,1077
ghs,1077
tsn,1077
amk,1077
msm,1077
kpw,1077
shp,1077
yap,1077
nab,1077
wnc,1077
aer,1077
nin,1077
apy,1077
tuf,1074
pol,1077
yor,1077
poe,1077
too,1077
mir,1077
kik,1077
hrv,1077
fin,1077
srp,1077
bef,1077
emi,1077
ncj,1077
auc,1077
ces,1077
acr,1077
kan,1077
noa,1077
pes,1065
azg,1077
nnq,1077
mqj,1077
ubr,1077
iws,1077
dik,1077
tnk,1077
mvn,1077
bvd,1077
udu,1077
gvc,1077
csy,1077
chk,1077
bzh,1077
gym,1077
agr,1077
swe,1077
tmd,1077
heb,1077
tca,1077
mps,996
tbc,1077
mbt,1077
kpg,1077
row,1076
ita,1077
yrb,1077
emp,1077
yao,1077
mil,1077
azb,1077
sxb,1077
zaa,1077
jiv,1076
txq,1077
kjs,1077
cjv,1077
mgh,1077
mbh,1077
mbs,1077
gmv,1077
hns,1077
lid,1077
zac,1077
aka,1077
yut,1077
qvn,1077
bkd,1077
qvw,1077
ztq,1077
amr,1077
bmu,1077
ken,1077
cbt,1077
kbc,1077
okv,1077
bps,1077
mqb,1077
kje,1077
soq,1077
uig,1077
car,1077
kmh,1077
ikk,1077
wim,1077
akh,1077
ntu,1074
mcf,1077
muy,1077
aze,1077
sri,1077
ntp,1077
yal,1077
guc,1077
aoj,1077
yon,1077
aom,1077
big,1077
sna,1077
ilo,1077
ssx,1077
cco,1077
tpz,1077
xon,1077
hun,1077
pah,1077
leu,1077
nhi,1077
tee,1076
crx,1077
tlf,1077
pwg,1077
sus,1076
myw,1077
toj,1077
srm,1076
tiy,1077
imo,1077
mna,1077
bao,1077
viv,1077
geb,1077
snc,1077
ape,1077
atb,1077
myu,1077
tbk,1077
hla,1077
zsr,1077
zho,963
tur,1077
ctp,1077
tar,1077
cni,1077
hch,1077
gof,1077
ese,1077
kek,1077
kyq,1077
cub,1077
mxt,1077
sey,1077
suz,1077
lww,1071
xsi,1077
tfr,1060
sll,1077
kdl,1077
kyf,1077
gul,1077
uvl,1077
mfy,1077
sua,1077
caf,1077
fue,1077
tnp,1077
lex,1077
cuk,1077
gun,1077
kvg,1077
naf,1077
tet,1076
wiu,1077
cak,1077
nhe,1077
gui,1077
azz,1077
mxb,1077
msb,1077
tvk,1077
byr,1077
ino,1077
ron,1077
taj,1077
tgp,1077
deu,1077
nde,1077
usp,1077
bhl,1077
yre,1077
ewe,1077
nlc,1066
mbc,1077
tnn,1077
hto,1077
uvh,1077
mek,1077
usa,1077
nii,1077
wal,1077
msa,1077
tam,1077
maz,1077
quh,1077
qve,1077
cbu,1077
zat,1077
hwc,1000
chf,1077
arl,1077
daa,1077
hix,1077
chd,1077
kmo,1077
bjv,1077
mux,1077
poi,1077
gah,1077
kup,1077
blw,1077
wnu,1077
alq,1077
vid,1077
sbd,1077
yaq,1077
ksd,1077
cbc,1077
mkn,1077
zia,1077
kwd,1077
zar,1076
mam,1077
maq,1077
aln,1077
kvn,1077
ata,1077
guh,1077
mcq,1077
spp,1074
apu,1077
urt,1076
gyr,1077
blz,1077
tac,1077
plu,1076
lug,1077
ckb,1077
chz,1077
gub,1077
pab,1076
bzd,1077
agt,1077
yml,1077
waj,1077
yaa,1077
prf,1069
kto,1077
cbr,1077
agu,1076
tte,1077
amu,1077
kgp,1077
ukr,1077
faa,1077
mcb,1077
cek,1077
yss,1077
por,1077
llg,1076
mxp,1077
xla,1077
xnn,1077
amm,1077
zca,1077
tha,1077
aai,1077
qvh,1077
bnp,1077
mib,1077
bdd,1077
oji,1077
caa,1077
sgb,1077
suk,1073
gdn,1077
anv,1077
apr,1077
qul,1077
cnl,1077
mal,1077
tgk,1077
alp,1077
swp,1077
dwr,1077
bqp,1077
kdc,1077
ign,1076
yva,1077
yka,1077
kyg,1077
cof,1077
quc,1077
npl,1077
zpc,1077
bon,1077
nno,1077
zpm,1077
tcs,1077
ong,1077
pio,1077
buk,1077
mio,1077
clu,1077
lcm,1077
cac,1077
ttc,1077
plt,1077
cmn,1077
otn,1077
ngp,1077
kbh,1077
xtm,1077
gnw,1077
kms,1077
bch,1077
wrs,1077
zaw,1077
apw,1077
kyz,1077
nuy,1077
lgl,1076
aon,1077
kyc,1077
heg,1077
boa,1077
nya,1077
myk,1077
cgc,1077
luo,1077
qxn,1077
nwi,1077
jvn,1077
wer,1077
nou,1077
zpo,1077
urb,1077
jic,1077
rkb,1077
mca,1077
ceb,1077
nld,1077
gnn,1077
tzo,1077
kwj,1077
spa,1077
huu,1077
mpx,1077
mie,1077
mlh,1077
esk,1077
tuc,1077
mbl,1077
nop,1077
pir,1065
ceg,1077
soy,1077
kue,1077
aso,1077
iou,1077
qwh,1077
opm,1077
vmy,1077
nho,1077
wos,1077
qvc,1077
ndj,1077
mlp,1077
tsw,1077
inb,1077
ssg,1077
bba,1077
byx,1077
sqi,1077
apz,1077
sue,1077
zpl,1077
med,1077
miz,1077
gdr,1077
sny,1077
cya,1077
agd,1077
mop,1077
bvr,1077
cym,1077
mhl,1077
tbg,1077
tbo,1077
ncl,1077
yuw,1077
cpu,1077
nhg,1077
lif,1077
for,1077
not,1077
wap,1077
qvz,1077
aaz,1076
mdy,1077
nlg,1077
dad,1077
tgl,1077
txu,1066
sps,1077
khs,1077
msy,1077
bbb,1077
npi,1077
cme,1077
tos,1077
mmo,1077
vie,1077
kmg,1065
lin,1068
kgk,1077
cuc,1077
guj,1077
dan,1077
zlm,1077
snp,1077
kne,1077
mco,1077
yuj,1077
ssd,1077
nca,1077
mti,1077
amf,1077
btt,1077
eri,1077
lac,1077
guo,1077
myy,1077
fuf,1077
aak,1077
eng,1077
knv,1077
taw,1077
qub,1077
cut,1077
knf,1077
ziw,1077
toc,1077
cui,1077
hus,1077
ksw,1077
yad,1077
awb,1077
srq,1077
kij,1077
zsm,1077
cap,1077
mks,1077
zam,1077
spy,1077
isl,1075
xtd,1077
acf,1077
ptu,1077
dgr,1077
ebk,1077
dgc,1077
smk,1077
cot,1077
msk,1077
kew,1077
ame,1077
otq,1077
pib,1077
cbv,1077
mox,1077
cso,1077
abt,1077
quf,1076
ter,1077
ptp,1077
sim,1077
gla,1076
xav,1077
dgz,1077
att,1077
maa,1077
tku,1077
pan,1077
auy,1077
mbj,1077
rop,1077
rro,1077
cab,1077
kud,1077
enm,1077
wbp,1077
cpa,1077
kbm,1077
kmu,1077
aau,1077
pjt,1048
cao,1077
nvm,1077
bbr,1077
dob,1077
mcp,1077
mcd,1077
mto,1077
agg,1077
abx,1077
enq,1077
ura,1077
kmk,1077
meu,1077
ruf,1077
gam,1077
tbl,1055
tbz,1077
tuo,1076
upv,1077
ben,1077
hat,1076
pls,1077
otm,1077
zab,1077
mav,1077
eus,1077
kgf,1077
bsn,1077
nhr,1077
stp,1077
rwo,1077
atg,1077
jpn,1077
zai,1077
aby,1077
nhy,1077
cpy,1077
pri,1077
tim,1077
boj,1077
aia,1077
kpj,1077
avt,1077
quw,1077
arn,1077
nas,1077
urd,1077
mih,1077
dww,1077
bkq,1077
qvs,1077
zas,1077
rai,1077
meq,1077
gng,1077
tzj,1077
kwi,1077
cav,1077
bjr,1077
crn,1077
con,1077
gaw,1077
wmw,1077
poy,1077
xed,1077
bgt,1077
ded,1077
roo,1077
fil,1077
ote,1077
bqc,1077
cta,1077
bss,1077
box,1077
cax,1077
hmo,1077
rug,1077
swh,1077
tav,1077
zad,1077
ind,1077
kpf,1077
spl,1077
ipi,1075
pon,1077
yle,1077
twi,1077
fuh,1077
nch,1077
ots,1077
aey,1077
cbk,1077
qxh,1077
bpr,1055
kwf,1077
ood,1077
zyp,1077
tke,1077
cjo,1074
bzj,1077
cle,1077
gwi,1077
tpt,1077
mpm,1077
zpq,1077
tna,1077
bus,1077
mig,1077
maj,1077
ycn,1076
cpb,1077
lat,1077
jae,1006
dah,1077
pma,1077
aii,1077
djk,1077
ton,1077
ngu,1077
mee,1077
srn,1077
qvm,1038
wsk,1077
sja,1077
sgz,1077
arz,1077
snn,1076
klv,1077
tif,1077
ikw,1077
trc,1077
omw,1077
kze,1077
mmx,1077
mar,1077
tue,1077
nhw,1077
hin,1077
qup,1077
ubu,1077
mxq,1077
bre,1076
nhu,1077
tpi,1077
zos,1077
lbk,1077
apn,1077
mau,1077
glv,1077
ake,1077
hub,1077
bmr,1077
ons,1077
zao,1077
lzh,1077
agn,1077
cnt,1077
amp,1077
khz,1077
gvf,1077
rgu,948
yby,1077
som,1077
poh,1077
arb,1077
epo,1077
top,1077
nsn,1077
gum,1077
mkl,1077
chq,1077
coe,1077
kaq,1077
nfa,1077
gai,1077
hop,1077
far,1077
zpz,1077
hui,1077
nak,1077
nko,1077
mya,1075
mva,1077
zty,1077
cpc,1077
kpr,1077
zav,1077
gqr,1077
nog,1077
tgo,1077
asm,1077
ctu,1077
knj,1077
kqc,1077
cbs,1077
zpi,1077
mjc,1077
fra,1077
cwe,1077
ibo,1077
mpt,1077
amn,1077
rus,1077
bgs,1077
tel,1077
zpv,1077
wuv,1077
als,1077
jac,1077
ksr,1077
agm,1077
obo,1077
ory,1077
nob,1077
kde,1077
ncu,1077
hot,1077
gfk,1077
cbi,1077
pao,1077
sab,1077
met,1077
ixl,1077
ppo,1077
fai,1077
pad,1077
qxo,1077
gux,1077
kpx,1077
cux,1077
mic,1077
atd,1077
huv,1077
tcz,1077
acu,1077
kbq,1077
ffm,1077
ian,1077
bmh,1077
zpu,1077
ghs,1077
tsn,1077
amk,1077
msm,1077
kpw,1077
shp,1077
yap,1077
nab,1077
wnc,1077
aer,1077
nin,1077
apy,1077
tuf,1074
pol,1077
yor,1077
poe,1077
too,1077
mir,1077
kik,1077
hrv,1077
fin,1077
srp,1077
bef,1077
emi,1077
ncj,1077
auc,1077
ces,1077
acr,1077
kan,1077
noa,1077
pes,1065
azg,1077
nnq,1077
mqj,1077
ubr,1077
iws,1077
dik,1077
tnk,1077
mvn,1077
bvd,1077
udu,1077
gvc,1077
csy,1077
chk,1077
bzh,1077
gym,1077
agr,1077
swe,1077
tmd,1077
heb,1077
tca,1077
mps,996
tbc,1077
mbt,1077
kpg,1077
row,1076
ita,1077
yrb,1077
emp,1077
yao,1077
mil,1077
azb,1077
sxb,1077
zaa,1077
jiv,1076
txq,1077
kjs,1077
cjv,1077
mgh,1077
mbh,1077
mbs,1077
gmv,1077
hns,1077
lid,1077
zac,1077
aka,1077
yut,1077
qvn,1077
bkd,1077
qvw,1077
ztq,1077
amr,1077
bmu,1077
ken,1077
cbt,1077
kbc,1077
okv,1077
bps,1077
mqb,1077
kje,1077
soq,1077
uig,1077
car,1077
kmh,1077
ikk,1077
wim,1077
akh,1077
ntu,1074
mcf,1077
muy,1077
aze,1077
sri,1077
ntp,1077
yal,1077
guc,1077
aoj,1077
yon,1077
aom,1077
big,1077
sna,1077
ilo,1077
ssx,1077
cco,1077
tpz,1077
xon,1077
hun,1077
pah,1077
leu,1077
nhi,1077
tee,1076
crx,1077
tlf,1077
pwg,1077
sus,1076
myw,1077
toj,1077
srm,1076
tiy,1077
imo,1077
mna,1077
bao,1077
viv,1077
geb,1077
snc,1077
ape,1077
atb,1077
myu,1077
tbk,1077
hla,1077
zsr,1077
zho,963
tur,1077
ctp,1077
tar,1077
cni,1077
hch,1077
gof,1077
ese,1077
kek,1077
kyq,1077
cub,1077
mxt,1077
sey,1077
suz,1077
lww,1071
xsi,1077
tfr,1060
sll,1077
kdl,1077
kyf,1077
gul,1077
uvl,1077
mfy,1077
sua,1077
caf,1077
fue,1077
tnp,1077
lex,1077
cuk,1077
gun,1077
kvg,1077
naf,1077
tet,1076
wiu,1077
cak,1077
nhe,1077
gui,1077
azz,1077
mxb,1077
msb,1077
tvk,1077
byr,1077
ino,1077
ron,1077
taj,1077
tgp,1077
deu,1077
nde,1077
usp,1077
bhl,1077
yre,1077
ewe,1077
nlc,1066
mbc,1077
tnn,1077
hto,1077
uvh,1077
mek,1077
usa,1077
nii,1077
wal,1077
msa,1077
tam,1077
maz,1077
quh,1077
qve,1077
cbu,1077
zat,1077
hwc,1000
chf,1077
arl,1077
daa,1077
hix,1077
chd,1077
kmo,1077
bjv,1077
mux,1077
poi,1077
gah,1077
kup,1077
blw,1077
wnu,1077
alq,1077
vid,1077
sbd,1077
yaq,1077
ksd,1077
cbc,1077
mkn,1077
zia,1077
kwd,1077
zar,1076
mam,1077
maq,1077
aln,1077
kvn,1077
ata,1077
guh,1077
mcq,1077
spp,1074
apu,1077
urt,1076
gyr,1077
blz,1077
tac,1077
plu,1076
lug,1077
ckb,1077
chz,1077
gub,1077
pab,1076
bzd,1077
agt,1077
yml,1077
waj,1077
yaa,1077
prf,1069
kto,1077
cbr,1077
agu,1076
tte,1077
amu,1077
kgp,1077
ukr,1077
faa,1077
mcb,1077
cek,1077
yss,1077
por,1077
llg,1076
mxp,1077
xla,1077
xnn,1077
amm,1077
zca,1077
tha,1077
aai,1077
qvh,1077
bnp,1077
mib,1077
bdd,1077
oji,1077
caa,1077
sgb,1077
suk,1073
gdn,1077
anv,1077
apr,1077
qul,1077
cnl,1077
mal,1077
tgk,1077
alp,1077
swp,1077
dwr,1077
bqp,1077
kdc,1077
ign,1076
yva,1077
yka,1077
kyg,1077
cof,1077
quc,1077
npl,1077
zpc,1077
bon,1077
nno,1077
zpm,1077
tcs,1077
ong,1077
pio,1077
buk,1077
mio,1077
clu,1077
lcm,1077
cac,1077
ttc,1077
plt,1077
cmn,1077
otn,1077
ngp,1077
kbh,1077
xtm,1077
gnw,1077
kms,1077
bch,1077
wrs,1077
zaw,1077
apw,1077
kyz,1077
nuy,1077
lgl,1076
aon,1077
kyc,1077
heg,1077
boa,1077
nya,1077
myk,1077
cgc,1077
luo,1077
qxn,1077
nwi,1077
jvn,1077
wer,1077
nou,1077
zpo,1077
urb,1077
jic,1077
rkb,1077
mca,1077
ceb,1077
nld,1077
gnn,1077
tzo,1077
kwj,1077
spa,1077
huu,1077
mpx,1077
mie,1077
mlh,1077
esk,1077
tuc,1077
mbl,1077
nop,1077
pir,1065
ceg,1077
soy,1077
kue,1077
aso,1077
iou,1077
qwh,1077
opm,1077
vmy,1077
nho,1077
wos,1077
qvc,1077
ndj,1077
mlp,1077
tsw,1077
inb,1077
ssg,1077
bba,1077
byx,1077
sqi,1077
apz,1077
sue,1077
zpl,1077
med,1077
miz,1077
gdr,1077
sny,1077
cya,1077
agd,1077
mop,1077
bvr,1077
cym,1077
mhl,1077
tbg,1077
tbo,1077
ncl,1077
yuw,1077
cpu,1077
nhg,1077
lif,1077
for,1077
not,1077
wap,1077
qvz,1077
aaz,1076
mdy,1077
nlg,1077
dad,1077
tgl,1077
txu,1066
sps,1077
khs,1077
msy,1077
bbb,1077
npi,1077
cme,1077
tos,1077
mmo,1077
vie,1077
kmg,1065
lin,1068
kgk,1077
cuc,1077
guj,1077
dan,1077
zlm,1077
snp,1077
kne,1077
mco,1077
yuj,1077
ssd,1077
nca,1077
mti,1077
amf,1077
btt,1077
eri,1077
lac,1077
guo,1077
myy,1077
fuf,1077
aak,1077
eng,1077
knv,1077
taw,1077
qub,1077
cut,1077
knf,1077
ziw,1077
toc,1077
cui,1077
hus,1077
ksw,1077
yad,1077
awb,1077
srq,1077
kij,1077
zsm,1077
cap,1077
mks,1077
zam,1077
spy,1077
isl,1075
xtd,1077
acf,1077
ptu,1077
dgr,1077
ebk,1077
dgc,1077
smk,1077
cot,1077
msk,1077
kew,1077
ame,1077
otq,1077
pib,1077
cbv,1077
mox,1077
cso,1077
abt,1077
quf,1076
ter,1077
ptp,1077
sim,1077
gla,1076
xav,1077
dgz,1077
att,1077
maa,1077
tku,1077
pan,1077
auy,1077
mbj,1077
rop,1077
rro,1077
cab,1077
kud,1077
enm,1077
wbp,1077
cpa,1077
kbm,1077
kmu,1077
aau,1077
pjt,1048
cao,1077
nvm,1077
bbr,1077
dob,1077
mcp,1077
mcd,1077
mto,1077
agg,1077
abx,1077
enq,1077
ura,1077
kmk,1077
meu,1077
ruf,1077
gam,1077
tbl,1055
tbz,1077
tuo,1076
upv,1077
ben,1077
hat,1076
pls,1077
otm,1077
zab,1077
mav,1077
eus,1077
kgf,1077
bsn,1077
nhr,1077
stp,1077
rwo,1077
atg,1077
jpn,1077
zai,1077
aby,1077
nhy,1077
cpy,1077
pri,1077
tim,1077
boj,1077
aia,1077
kpj,1077
avt,1077
quw,1077
arn,1077
nas,1077
urd,1077
mih,1077
dww,1077
bkq,1077
qvs,1077
zas,1077
rai,1077
meq,1077
gng,1077
tzj,1077
kwi,1077
cav,1077
bjr,1077
crn,1077
con,1077
gaw,1077
wmw,1077
poy,1077
xed,1077
bgt,1077
ded,1077
roo,1077
fil,1077
ote,1077
bqc,1077
cta,1077
bss,1077
box,1077
cax,1077
hmo,1077
rug,1077
swh,1077
tav,1077
zad,1077
ind,1077
kpf,1077
spl,1077
ipi,1075
pon,1077
yle,1077
twi,1077
fuh,1077
nch,1077
ots,1077
aey,1077
cbk,1077
qxh,1077
bpr,1055
kwf,1077
ood,1077
zyp,1077
tke,1077
cjo,1074
bzj,1077
cle,1077
gwi,1077
tpt,1077
mpm,1077
zpq,1077
tna,1077
bus,1077
mig,1077
maj,1077
ycn,1076
cpb,1077
lat,1077
jae,1006
dah,1077
pma,1077
aii,1077
djk,1077
ton,1077
ngu,1077
mee,1077
srn,1077
qvm,1038
wsk,1077
sja,1077
sgz,1077
arz,1077
snn,1076
klv,1077
tif,1077
ikw,1077
trc,1077
omw,1077
kze,1077
mmx,1077
mar,1077
tue,1077
nhw,1077
hin,1077
qup,1077
ubu,1077
mxq,1077
bre,1076
nhu,1077
tpi,1077
zos,1077
lbk,1077
apn,1077
mau,1077
glv,1077
ake,1077
hub,1077
bmr,1077
ons,1077
zao,1077
lzh,1077
agn,1077
cnt,1077
amp,1077
khz,1077
gvf,1077
rgu,948
yby,1077
som,1077
poh,1077
arb,1077
epo,1077
top,1077
nsn,1077
gum,1077
mkl,1077
chq,1077
coe,1077
kaq,1077
nfa,1077
gai,1077
hop,1077
far,1077
zpz,1077
hui,1077
nak,1077
nko,1077
mya,1075
mva,1077
zty,1077
cpc,1077
kpr,1077
zav,1077
gqr,1077
nog,1077
tgo,1077
asm,1077
ctu,1077
knj,1077
kqc,1077
cbs,1077
zpi,1077
mjc,1077
fra,1077
cwe,1077
ibo,1077
mpt,1077
amn,1077
rus,1077
bgs,1077
tel,1077
zpv,1077
wuv,1077
als,1077
jac,1077
ksr,1077
agm,1077
obo,1077
ory,1077
nob,1077
kde,1077
ncu,1077
hot,1077
gfk,1077
cbi,1077
pao,1077
sab,1077
met,1077
ixl,1077
ppo,1077
fai,1077
pad,1077
qxo,1077
gux,1077
kpx,1077
cux,1077
mic,1077
atd,1077
huv,1077
tcz,1077
acu,1077
kbq,1077
ffm,1077
ian,1077
bmh,1077
zpu,1077
ghs,1077
tsn,1077
amk,1077
msm,1077
kpw,1077
shp,1077
yap,1077
nab,1077
wnc,1077
aer,1077
nin,1077
apy,1077
tuf,1074
pol,1077
yor,1077
poe,1077
too,1077
mir,1077
kik,1077
hrv,1077
fin,1077
srp,1077
bef,1077
emi,1077
ncj,1077
auc,1077
ces,1077
acr,1077
kan,1077
noa,1077
pes,1065
azg,1077
nnq,1077
mqj,1077
ubr,1077
iws,1077
dik,1077
tnk,1077
mvn,1077
bvd,1077
udu,1077
gvc,1077
csy,1077
chk,1077
bzh,1077
gym,1077
agr,1077
swe,1077
tmd,1077
heb,1077
tca,1077
mps,996
tbc,1077
mbt,1077
kpg,1077
row,1076
ita,1077
yrb,1077
emp,1077
yao,1077
mil,1077
azb,1077
sxb,1077
zaa,1077
jiv,1076
txq,1077
kjs,1077
cjv,1077
mgh,1077
mbh,1077
mbs,1077
gmv,1077
hns,1077
lid,1077
zac,1077
aka,1077
yut,1077
qvn,1077
bkd,1077
qvw,1077
ztq,1077
amr,1077
bmu,1077
ken,1077
cbt,1077
kbc,1077
okv,1077
bps,1077
mqb,1077
kje,1077
soq,1077
uig,1077
car,1077
kmh,1077
ikk,1077
wim,1077
akh,1077
ntu,1074
mcf,1077
muy,1077
aze,1077
sri,1077
ntp,1077
yal,1077
guc,1077
aoj,1077
yon,1077
aom,1077
big,1077
sna,1077
ilo,1077
ssx,1077
cco,1077
tpz,1077
xon,1077
hun,1077
pah,1077
leu,1077
nhi,1077
tee,1076
crx,1077
tlf,1077
pwg,1077
sus,1076
myw,1077
toj,1077
srm,1076
tiy,1077
imo,1077
mna,1077
bao,1077
viv,1077
geb,1077
snc,1077
ape,1077
atb,1077
myu,1077
tbk,1077
hla,1077
zsr,1077
zho,963
tur,1077
ctp,1077
tar,1077
cni,1077
hch,1077
gof,1077
ese,1077
kek,1077
kyq,1077
cub,1077
mxt,1077
sey,1077
suz,1077
lww,1071
xsi,1077
tfr,1060
sll,1077
kdl,1077
kyf,1077
gul,1077
uvl,1077
mfy,1077
sua,1077
caf,1077
fue,1077
tnp,1077
lex,1077
cuk,1077
gun,1077
kvg,1077
naf,1077
tet,1076
wiu,1077
cak,1077
nhe,1077
gui,1077
azz,1077
mxb,1077
msb,1077
tvk,1077
byr,1077
ino,1077
ron,1077
taj,1077
tgp,1077
deu,1077
nde,1077
usp,1077
bhl,1077
yre,1077
ewe,1077
nlc,1066
mbc,1077
tnn,1077
hto,1077
uvh,1077
mek,1077
usa,1077
nii,1077
wal,1077
msa,1077
tam,1077
maz,1077
quh,1077
qve,1077
cbu,1077
zat,1077
hwc,1000
chf,1077
arl,1077
daa,1077
hix,1077
chd,1077
kmo,1077
bjv,1077
mux,1077
poi,1077
gah,1077
kup,1077
blw,1077
wnu,1077
alq,1077
vid,1077
sbd,1077
yaq,1077
ksd,1077
cbc,1077
mkn,1077
zia,1077
kwd,1077
zar,1076
mam,1077
maq,1077
aln,1077
kvn,1077
ata,1077
guh,1077
mcq,1077
spp,1074
apu,1077
urt,1076
gyr,1077
blz,1077
tac,1077
plu,1076
lug,1077
ckb,1077
chz,1077
gub,1077
pab,1076
bzd,1077
agt,1077
yml,1077
waj,1077
yaa,1077
prf,1069
kto,1077
cbr,1077
agu,1076
tte,1077
amu,1077
kgp,1077
ukr,1077
faa,1077
mcb,1077
cek,1077
yss,1077
por,1077
llg,1076
mxp,1077
xla,1077
xnn,1077
amm,1077
zca,1077
tha,1077
aai,1077
qvh,1077
bnp,1077
mib,1077
bdd,1077
oji,1077
caa,1077
sgb,1077
suk,1073
gdn,1077
anv,1077
apr,1077
qul,1077
cnl,1077
mal,1077
tgk,1077
alp,1077
swp,1077
dwr,1077
bqp,1077
kdc,1077
ign,1076
yva,1077
yka,1077
kyg,1077
cof,1077
quc,1077
npl,1077
zpc,1077
bon,1077
nno,1077
zpm,1077
tcs,1077
ong,1077
pio,1077
buk,1077
mio,1077
clu,1077
lcm,1077
cac,1077
ttc,1077
plt,1077
cmn,1077
otn,1077
ngp,1077
kbh,1077
xtm,1077
gnw,1077
kms,1077
bch,1077
wrs,1077
zaw,1077
apw,1077
kyz,1077
nuy,1077
lgl,1076
aon,1077
kyc,1077
heg,1077
boa,1077
nya,1077
myk,1077
cgc,1077
luo,1077
qxn,1077
nwi,1077
jvn,1077
wer,1077
nou,1077
zpo,1077
urb,1077
jic,1077
rkb,1077
mca,1077
ceb,1077
nld,1077
gnn,1077
tzo,1077
kwj,1077
spa,1077
huu,1077
mpx,1077
mie,1077
mlh,1077
esk,1077
tuc,1077
mbl,1077
nop,1077
pir,1065
ceg,1077
soy,1077
kue,1077
aso,1077
iou,1077
qwh,1077
opm,1077
vmy,1077
nho,1077
wos,1077
qvc,1077
ndj,1077
mlp,1077
tsw,1077
inb,1077
ssg,1077
bba,1077
byx,1077
sqi,1077
apz,1077
sue,1077
zpl,1077
med,1077
miz,1077
gdr,1077
sny,1077
cya,1077
agd,1077
mop,1077
bvr,1077
cym,1077
mhl,1077
tbg,1077
tbo,1077
ncl,1077
yuw,1077
cpu,1077
nhg,1077
lif,1077
for,1077
not,1077
wap,1077
qvz,1077
aaz,1076
mdy,1077
nlg,1077
dad,1077
tgl,1077
txu,1066
sps,1077
khs,1077
msy,1077
bbb,1077
npi,1077
cme,1077
tos,1077
mmo,1077
vie,1077
kmg,1065
lin,1068
kgk,1077
cuc,1077
guj,1077
dan,1077
zlm,1077
snp,1077
kne,1077
mco,1077
yuj,1077
ssd,1077
nca,1077
mti,1077
amf,1077
btt,1077
eri,1077
lac,1077
guo,1077
myy,1077
fuf,1077
aak,1077
eng,1077
knv,1077
taw,1077
qub,1077
cut,1077
knf,1077
ziw,1077
toc,1077
cui,1077
hus,1077
ksw,1077
yad,1077
awb,1077
srq,1077
kij,1077
zsm,1077
cap,1077
mks,1077
zam,1077
spy,1077
isl,1075
xtd,1077
acf,1077
ptu,1077
dgr,1077
ebk,1077
dgc,1077
smk,1077
cot,1077
msk,1077
kew,1077
ame,1077
otq,1077
pib,1077
cbv,1077
mox,1077
cso,1077
abt,1077
quf,1076
ter,1077
ptp,1077
sim,1077
gla,1076
xav,1077
dgz,1077
att,1077
maa,1077
tku,1077
pan,1077
auy,1077
mbj,1077
rop,1077
rro,1077
cab,1077
kud,1077
enm,1077
wbp,1077
cpa,1077
kbm,1077
kmu,1077
aau,1077
pjt,1048
cao,1077
nvm,1077
bbr,1077
dob,1077
mcp,1077
mcd,1077
mto,1077
agg,1077
abx,1077
enq,1077
ura,1077
kmk,1077
meu,1077
ruf,1077
gam,1077
tbl,1055
tbz,1077
tuo,1076
upv,1077
ben,1077
hat,1076
pls,1077
otm,1077
zab,1077
mav,1077
eus,1077
kgf,1077
bsn,1077
nhr,1077
stp,1077
rwo,1077
atg,1077
jpn,1077
zai,1077
aby,1077
nhy,1077
cpy,1077
pri,1077
tim,1077
boj,1077
aia,1077
kpj,1077
avt,1077
quw,1077
arn,1077
nas,1077
urd,1077
mih,1077
dww,1077
bkq,1077
qvs,1077
zas,1077
rai,1077
meq,1077
gng,1077
tzj,1077
kwi,1077
cav,1077
bjr,1077
crn,1077
con,1077
gaw,1077
wmw,1077
poy,1077
xed,1077
bgt,1077
ded,1077
roo,1077
fil,1077
ote,1077
bqc,1077
cta,1077
bss,1077
box,1077
cax,1077
hmo,1077
rug,1077
swh,1077
tav,1077
zad,1077
ind,1077
kpf,1077
spl,1077
ipi,1075
pon,1077
yle,1077
twi,1077
fuh,1077
nch,1077
ots,1077
aey,1077
cbk,1077
qxh,1077
bpr,1055
kwf,1077
ood,1077
zyp,1077
tke,1077
cjo,1074
bzj,1077
cle,1077
gwi,1077
tpt,1077
mpm,1077
zpq,1077
tna,1077
bus,1077
mig,1077
maj,1077
ycn,1076
cpb,1077
lat,1077
jae,1006
dah,1077
pma,1077
aii,1077
djk,1077
ton,1077
ngu,1077
mee,1077
srn,1077
qvm,1038
wsk,1077
sja,1077
sgz,1077
arz,1077
snn,1076
klv,1077
tif,1077
ikw,1077
trc,1077
omw,1077
kze,1077
mmx,1077
mar,1077
tue,1077
nhw,1077
hin,1077
qup,1077
ubu,1077
mxq,1077
bre,1076
nhu,1077
tpi,1077
zos,1077
lbk,1077
apn,1077
mau,1077
glv,1077
ake,1077
hub,1077
bmr,1077
ons,1077
zao,1077
lzh,1077
agn,1077
cnt,1077
amp,1077
khz,1077
gvf,1077
rgu,948
yby,1077
som,1077
poh,1077
arb,1077
epo,1077
top,1077
nsn,1077
gum,1077
mkl,1077
chq,1077
coe,1077
kaq,1077
nfa,1077
gai,1077
hop,1077
far,1077
zpz,1077
hui,1077
nak,1077
nko,1077
mya,1075
mva,1077
zty,1077
cpc,1077
kpr,1077
zav,1077
gqr,1077
nog,1077
tgo,1077
asm,1077
ctu,1077
knj,1077
kqc,1077
cbs,1077
zpi,1077
mjc,1077
fra,1077
cwe,1077
ibo,1077
mpt,1077
amn,1077
rus,1077
bgs,1077
tel,1077
zpv,1077
wuv,1077
als,1077
jac,1077
ksr,1077
agm,1077
obo,1077
ory,1077
nob,1077
kde,1077
ncu,1077
hot,1077
gfk,1077
cbi,1077
pao,1077
sab,1077
met,1077
ixl,1077
ppo,1077
fai,1077
pad,1077
qxo,1077
gux,1077
kpx,1077
cux,1077
mic,1077
atd,1077
huv,1077
tcz,1077
acu,1077
kbq,1077
ffm,1077
ian,1077
bmh,1077
zpu,1077
ghs,1077
tsn,1077
amk,1077
msm,1077
kpw,1077
shp,1077
yap,1077
nab,1077
wnc,1077
aer,1077
nin,1077
apy,1077
tuf,1074
pol,1077
yor,1077
poe,1077
too,1077
mir,1077
kik,1077
hrv,1077
fin,1077
srp,1077
bef,1077
emi,1077
ncj,1077
auc,1077
ces,1077
acr,1077
kan,1077
noa,1077
pes,1065
azg,1077
nnq,1077
mqj,1077
ubr,1077
iws,1077
dik,1077
tnk,1077
mvn,1077
bvd,1077
udu,1077
gvc,1077
csy,1077
chk,1077
bzh,1077
gym,1077
agr,1077
swe,1077
tmd,1077
heb,1077
tca,1077
mps,996
tbc,1077
mbt,1077
kpg,1077
row,1076
ita,1077
yrb,1077
emp,1077
yao,1077
mil,1077
azb,1077
sxb,1077
zaa,1077
jiv,1076
txq,1077
kjs,1077
cjv,1077
mgh,1077
mbh,1077
mbs,1077
gmv,1077
hns,1077
lid,1077
zac,1077
aka,1077
yut,1077
qvn,1077
bkd,1077
qvw,1077
ztq,1077
amr,1077
bmu,1077
ken,1077
cbt,1077
kbc,1077
okv,1077
bps,1077
mqb,1077
kje,1077
soq,1077
uig,1077
car,1077
kmh,1077
ikk,1077
wim,1077
akh,1077
ntu,1074
mcf,1077
muy,1077
aze,1077
sri,1077
ntp,1077
yal,1077
guc,1077
aoj,1077
yon,1077
aom,1077
big,1077
sna,1077
ilo,1077
ssx,1077
cco,1077
tpz,1077
xon,1077
hun,1077
pah,1077
leu,1077
nhi,1077
tee,1076
crx,1077
tlf,1077
pwg,1077
sus,1076
myw,1077
toj,1077
srm,1076
tiy,1077
imo,1077
mna,1077
bao,1077
viv,1077
geb,1077
snc,1077
ape,1077
atb,1077
myu,1077
tbk,1077
hla,1077
zsr,1077
zho,963
tur,1077
ctp,1077
tar,1077
cni,1077
hch,1077
gof,1077
ese,1077
kek,1077
kyq,1077
cub,1077
mxt,1077
sey,1077
suz,1077
lww,1071
xsi,1077
tfr,1060
sll,1077
kdl,1077
kyf,1077
gul,1077
uvl,1077
mfy,1077
sua,1077
caf,1077
fue,1077
tnp,1077
lex,1077
cuk,1077
gun,1077
kvg,1077
naf,1077
tet,1076
wiu,1077
cak,1077
nhe,1077
gui,1077
azz,1077
mxb,1077
msb,1077
tvk,1077
byr,1077
ino,1077
ron,1077
taj,1077
tgp,1077
deu,1077
nde,1077
usp,1077
bhl,1077
yre,1077
ewe,1077
nlc,1066
mbc,1077
tnn,1077
hto,1077
uvh,1077
mek,1077
usa,1077
nii,1077
wal,1077
msa,1077
tam,1077
maz,1077
quh,1077
qve,1077
cbu,1077
zat,1077
hwc,1000
chf,1077
arl,1077
daa,1077
hix,1077
chd,1077
kmo,1077
bjv,1077
mux,1077
poi,1077
gah,1077
kup,1077
blw,1077
wnu,1077
alq,1077
vid,1077
sbd,1077
yaq,1077
ksd,1077
cbc,1077
mkn,1077
zia,1077
kwd,1077
zar,1076
mam,1077
maq,1077
aln,1077
kvn,1077
ata,1077
guh,1077
mcq,1077
spp,1074
apu,1077
urt,1076
gyr,1077
blz,1077
tac,1077
plu,1076
lug,1077
ckb,1077
chz,1077
gub,1077
pab,1076
bzd,1077
agt,1077
yml,1077
waj,1077
yaa,1077
prf,1069
kto,1077
cbr,1077
agu,1076
tte,1077
amu,1077
kgp,1077
ukr,1077
faa,1077
mcb,1077
cek,1077
yss,1077
por,1077
llg,1076
mxp,1077
xla,1077
xnn,1077
amm,1077
zca,1077
tha,1077
aai,1077
qvh,1077
bnp,1077
mib,1077
bdd,1077
oji,1077
caa,1077
sgb,1077
suk,1073
gdn,1077
anv,1077
apr,1077
qul,1077
cnl,1077
mal,1077
tgk,1077
alp,1077
swp,1077
dwr,1077
bqp,1077
kdc,1077
ign,1076
yva,1077
yka,1077
kyg,1077
cof,1077
quc,1077
npl,1077
zpc,1077
bon,1077
nno,1077
zpm,1077
tcs,1077
ong,1077
pio,1077
buk,1077
mio,1077
clu,1077
lcm,1077
cac,1077
ttc,1077
plt,1077
cmn,1077
otn,1077
ngp,1077
kbh,1077
xtm,1077
gnw,1077
kms,1077
bch,1077
wrs,1077
zaw,1077
apw,1077
kyz,1077
nuy,1077
lgl,1076
aon,1077
kyc,1077
heg,1077
boa,1077
nya,1077
myk,1077
cgc,1077
luo,1077
qxn,1077
nwi,1077
jvn,1077
wer,1077
nou,1077
zpo,1077
urb,1077
jic,1077
rkb,1077
mca,1077
ceb,1077
nld,1077
gnn,1077
tzo,1077
kwj,1077
spa,1077
huu,1077
mpx,1077
mie,1077
mlh,1077
esk,1077
tuc,1077
mbl,1077
nop,1077
pir,1065
ceg,1077
soy,1077
kue,1077
aso,1077
iou,1077
qwh,1077
opm,1077
vmy,1077
nho,1077
wos,1077
qvc,1077
ndj,1077
mlp,1077
tsw,1077
inb,1077
ssg,1077
bba,1077
byx,1077
sqi,1077
apz,1077
sue,1077
zpl,1077
med,1077
miz,1077
gdr,1077
sny,1077
cya,1077
agd,1077
mop,1077
bvr,1077
cym,1077
mhl,1077
tbg,1077
tbo,1077
ncl,1077
yuw,1077
cpu,1077
nhg,1077
lif,1077
for,1077
not,1077
wap,1077
qvz,1077
aaz,1076
mdy,1077
nlg,1077
dad,1077
tgl,1077
txu,1066
sps,1077
khs,1077
msy,1077
bbb,1077
npi,1077
cme,1077
tos,1077
mmo,1077
vie,1077
kmg,1065
lin,1068
kgk,1077
cuc,1077
guj,1077
dan,1077
zlm,1077
snp,1077
kne,1077
mco,1077
yuj,1077
ssd,1077
nca,1077
mti,1077
amf,1077
btt,1077
eri,1077
lac,1077
guo,1077
myy,1077
fuf,1077
aak,1077
eng,1077
knv,1077
taw,1077
qub,1077
cut,1077
knf,1077
ziw,1077
toc,1077
cui,1077
hus,1077
ksw,1077
yad,1077
awb,1077
srq,1077
kij,1077
zsm,1077
cap,1077
mks,1077
zam,1077
spy,1077
isl,1075
xtd,1077
acf,1077
ptu,1077
dgr,1077
ebk,1077
dgc,1077
smk,1077
cot,1077
msk,1077
kew,1077
ame,1077
otq,1077
pib,1077
cbv,1077
mox,1077
cso,1077
abt,1077
quf,1076
ter,1077
ptp,1077
sim,1077
gla,1076
xav,1077
dgz,1077
att,1077
maa,1077
tku,1077
pan,1077
auy,1077
mbj,1077
rop,1077
rro,1077
cab,1077
kud,1077
enm,1077
wbp,1077
cpa,1077
kbm,1077
kmu,1077
aau,1077
pjt,1048
cao,1077
nvm,1077
bbr,1077
dob,1077
mcp,1077
mcd,1077
mto,1077
agg,1077
abx,1077
enq,1077
ura,1077
kmk,1077
meu,1077
ruf,1077
gam,1077
tbl,1055
tbz,1077
tuo,1076
upv,1077
ben,1077
hat,1076
pls,1077
otm,1077
zab,1077
mav,1077
eus,1077
kgf,1077
bsn,1077
nhr,1077
stp,1077
rwo,1077
atg,1077
jpn,1077
zai,1077
aby,1077
nhy,1077
cpy,1077
pri,1077
tim,1077
boj,1077
aia,1077
kpj,1077
avt,1077
quw,1077
arn,1077
nas,1077
urd,1077
mih,1077
dww,1077
bkq,1077
qvs,1077
zas,1077
rai,1077
meq,1077
gng,1077
tzj,1077
kwi,1077
cav,1077
bjr,1077
crn,1077
con,1077
gaw,1077
wmw,1077
poy,1077
xed,1077
bgt,1077
ded,1077
roo,1077
fil,1077
ote,1077
bqc,1077
cta,1077
bss,1077
box,1077
cax,1077
hmo,1077
rug,1077
swh,1077
tav,1077
zad,1077
ind,1077
kpf,1077
spl,1077
ipi,1075
pon,1077
yle,1077
twi,1077
fuh,1077
nch,1077
ots,1077
aey,1077
cbk,1077
qxh,1077
bpr,1055
kwf,1077
ood,1077
zyp,1077
tke,1077
cjo,1074
bzj,1077
cle,1077
gwi,1077
tpt,1077
mpm,1077
zpq,1077
tna,1077
bus,1077
mig,1077
maj,1077
ycn,1076
cpb,1077
lat,1077
jae,1006
dah,1077
pma,1077
aii,1077
djk,1077
ton,1077
ngu,1077
mee,1077
srn,1077
qvm,1038
wsk,1077
sja,1077
sgz,1077
arz,1077
snn,1076
klv,1077
tif,1077
ikw,1077
trc,1077
omw,1077
kze,1077
mmx,1077
mar,1077
tue,1077
nhw,1077
hin,1077
qup,1077
ubu,1077
mxq,1077
bre,1076
nhu,1077
tpi,1077
zos,1077
lbk,1077
apn,1077
mau,1077
glv,1077
ake,1077
hub,1077
bmr,1077
ons,1077
zao,1077
lzh,1077
agn,1077
cnt,1077
amp,1077
khz,1077
gvf,1077
rgu,948
yby,1077
som,1077
poh,1077
arb,1077
epo,1077
top,1077
nsn,1077
gum,1077
mkl,1077
chq,1077
coe,1077
kaq,1077
nfa,1077
gai,1077
hop,1077
far,1077
zpz,1077
hui,1077
nak,1077
nko,1077
mya,1075
mva,1077
zty,1077
cpc,1077
kpr,1077
zav,1077
gqr,1077
nog,1077
tgo,1077
asm,1077
ctu,1077
knj,1077
kqc,1077
cbs,1077
zpi,1077
mjc,1077
fra,1077
cwe,1077
ibo,1077
mpt,1077
amn,1077
rus,1077
bgs,1077
tel,1077
zpv,1077
wuv,1077
als,1077
jac,1077
ksr,1077
agm,1077
obo,1077
ory,1077
nob,1077
kde,1077
ncu,1077
hot,1077
gfk,1077
cbi,1077
pao,1077
sab,1077
met,1077
ixl,1077
ppo,1077
fai,1077
pad,1077
qxo,1077
gux,1077
kpx,1077
cux,1077
mic,1077
atd,1077
huv,1077
tcz,1077
acu,1077
kbq,1077
ffm,1077
ian,1077
bmh,1077
zpu,1077
ghs,1077
tsn,1077
amk,1077
msm,1077
kpw,1077
shp,1077
yap,1077
nab,1077
wnc,1077
aer,1077
nin,1077
apy,1077
tuf,1074
pol,1077
yor,1077
poe,1077
too,1077
mir,1077
kik,1077
hrv,1077
fin,1077
srp,1077
bef,1077
emi,1077
ncj,1077
auc,1077
ces,1077
acr,1077
kan,1077
noa,1077
pes,1065
azg,1077
nnq,1077
mqj,1077
ubr,1077
iws,1077
dik,1077
tnk,1077
mvn,1077
bvd,1077
udu,1077
gvc,1077
csy,1077
chk,1077
bzh,1077
gym,1077
agr,1077
swe,1077
tmd,1077
heb,1077
tca,1077
mps,996
tbc,1077
mbt,1077
kpg,1077
row,1076
ita,1077
yrb,1077
emp,1077
yao,1077
mil,1077
azb,1077
sxb,1077
zaa,1077
jiv,1076
txq,1077
kjs,1077
cjv,1077
mgh,1077
mbh,1077
mbs,1077
gmv,1077
hns,1077
lid,1077
zac,1077
aka,1077
yut,1077
qvn,1077
bkd,1077
qvw,1077
ztq,1077
amr,1077
bmu,1077
ken,1077
cbt,1077
kbc,1077
okv,1077
bps,1077
mqb,1077
kje,1077
soq,1077
uig,1077
car,1077
kmh,1077
ikk,1077
wim,1077
akh,1077
ntu,1074
mcf,1077
muy,1077
aze,1077
sri,1077
ntp,1077
yal,1077
guc,1077
aoj,1077
yon,1077
aom,1077
big,1077
sna,1077
ilo,1077
ssx,1077
cco,1077
tpz,1077
xon,1077
hun,1077
pah,1077
leu,1077
nhi,1077
tee,1076
crx,1077
tlf,1077
pwg,1077
sus,1076
myw,1077
toj,1077
srm,1076
tiy,1077
imo,1077
mna,1077
bao,1077
viv,1077
geb,1077
snc,1077
ape,1077
atb,1077
myu,1077
tbk,1077
hla,1077
zsr,1077
zho,963
tur,1077
ctp,1077
tar,1077
cni,1077
hch,1077
gof,1077
ese,1077
kek,1077
kyq,1077
cub,1077
mxt,1077
sey,1077
suz,1077
lww,1071
xsi,1077
tfr,1060
sll,1077
kdl,1077
kyf,1077
gul,1077
uvl,1077
mfy,1077
sua,1077
caf,1077
fue,1077
tnp,1077
lex,1077
cuk,1077
gun,1077
kvg,1077
naf,1077
tet,1076
wiu,1077
cak,1077
nhe,1077
gui,1077
azz,1077
mxb,1077
msb,1077
tvk,1077
byr,1077
ino,1077
ron,1077
taj,1077
tgp,1077
deu,1077
nde,1077
usp,1077
bhl,1077
yre,1077
ewe,1077
nlc,1066
mbc,1077
tnn,1077
hto,1077
uvh,1077
mek,1077
usa,1077
nii,1077
wal,1077
msa,1077
tam,1077
maz,1077
quh,1077
qve,1077
cbu,1077
zat,1077
hwc,1000
chf,1077
arl,1077
daa,1077
hix,1077
chd,1077
kmo,1077
bjv,1077
mux,1077
poi,1077
gah,1077
kup,1077
blw,1077
wnu,1077
alq,1077
vid,1077
sbd,1077
yaq,1077
ksd,1077
cbc,1077
mkn,1077
zia,1077
kwd,1077
zar,1076
mam,1077
maq,1077
aln,1077
kvn,1077
ata,1077
guh,1077
mcq,1077
spp,1074
apu,1077
urt,1076
gyr,1077
blz,1077
tac,1077
plu,1076
lug,1077
ckb,1077
chz,1077
gub,1077
pab,1076
bzd,1077
agt,1077
yml,1077
waj,1077
yaa,1077
prf,1069
kto,1077
cbr,1077
agu,1076
tte,1077
amu,1077
kgp,1077
ukr,1077
faa,1077
mcb,1077
cek,1077
yss,1077
por,1077
llg,1076
mxp,1077
xla,1077
xnn,1077
amm,1077
zca,1077
tha,1077
aai,1077
qvh,1077
bnp,1077
mib,1077
bdd,1077
oji,1077
caa,1077
sgb,1077
suk,1073
gdn,1077
anv,1077
apr,1077
qul,1077
cnl,1077
mal,1077
tgk,1077
alp,1077
swp,1077
dwr,1077
bqp,1077
kdc,1077
ign,1076
yva,1077
yka,1077
kyg,1077
cof,1077
quc,1077
npl,1077
zpc,1077
bon,1077
nno,1077
zpm,1077
tcs,1077
ong,1077
pio,1077
buk,1077
mio,1077
clu,1077
lcm,1077
cac,1077
ttc,1077
plt,1077
cmn,1077
otn,1077
ngp,1077
kbh,1077
xtm,1077
gnw,1077
kms,1077
bch,1077
wrs,1077
zaw,1077
apw,1077
kyz,1077
nuy,1077
lgl,1076
aon,1077
kyc,1077
heg,1077
boa,1077
nya,1077
myk,1077
cgc,1077
luo,1077
qxn,1077
nwi,1077
jvn,1077
wer,1077
nou,1077
zpo,1077
urb,1077
jic,1077
rkb,1077
mca,1077
ceb,1077
nld,1077
gnn,1077
tzo,1077
kwj,1077
spa,1077
huu,1077
mpx,1077
mie,1077
mlh,1077
esk,1077
tuc,1077
mbl,1077
nop,1077
pir,1065
ceg,1077
soy,1077
kue,1077
aso,1077
iou,1077
qwh,1077
opm,1077
vmy,1077
nho,1077
wos,1077
qvc,1077
ndj,1077
mlp,1077
tsw,1077
inb,1077
ssg,1077
bba,1077
byx,1077
sqi,1077
apz,1077
sue,1077
zpl,1077
med,1077
miz,1077
gdr,1077
sny,1077
cya,1077
agd,1077
mop,1077
bvr,1077
cym,1077
mhl,1077
tbg,1077
tbo,1077
ncl,1077
yuw,1077
cpu,1077
nhg,1077
lif,1077
for,1077
not,1077
wap,1077
qvz,1077
aaz,1076
mdy,1077
nlg,1077
dad,1077
tgl,1077
txu,1066
sps,1077
khs,1077
msy,1077
bbb,1077
npi,1077
cme,1077
tos,1077
mmo,1077
vie,1077
kmg,1065
lin,1068
kgk,1077
cuc,1077
guj,1077
dan,1077
zlm,1077
snp,1077
kne,1077
mco,1077
yuj,1077
ssd,1077
nca,1077
mti,1077
amf,1077
btt,1077
eri,1077
lac,1077
guo,1077
myy,1077
fuf,1077
aak,1077
eng,1077
knv,1077
taw,1077
qub,1077
cut,1077
knf,1077
ziw,1077
toc,1077
cui,1077
hus,1077
ksw,1077
yad,1077
awb,1077
srq,1077
kij,1077
zsm,1077
cap,1077
mks,1077
zam,1077
spy,1077
isl,1075
xtd,1077
acf,1077
ptu,1077
dgr,1077
ebk,1077
dgc,1077
smk,1077
cot,1077
msk,1077
kew,1077
ame,1077
otq,1077
pib,1077
cbv,1077
mox,1077
cso,1077
abt,1077
quf,1076
ter,1077
ptp,1077
sim,1077
gla,1076
xav,1077
dgz,1077
att,1077
maa,1077
tku,1077
pan,1077
auy,1077
mbj,1077
rop,1077
rro,1077
cab,1077
kud,1077
enm,1077
wbp,1077
cpa,1077
kbm,1077
kmu,1077
aau,1077
pjt,1048
cao,1077
nvm,1077
bbr,1077
dob,1077
mcp,1077
mcd,1077
mto,1077
agg,1077
abx,1077
enq,1077
ura,1077
kmk,1077
meu,1077
ruf,1077
gam,1077
tbl,1055
tbz,1077
tuo,1076
upv,1077
ben,1077
hat,1076
pls,1077
otm,1077
zab,1077
mav,1077
eus,1077
kgf,1077
bsn,1077
nhr,1077
stp,1077
rwo,1077
atg,1077
jpn,1077
zai,1077
aby,1077
nhy,1077
cpy,1077
pri,1077
tim,1077
boj,1077
aia,1077
kpj,1077
avt,1077
quw,1077
arn,1077
nas,1077
urd,1077
mih,1077
dww,1077
bkq,1077
qvs,1077
zas,1077
rai,1077
meq,1077
gng,1077
tzj,1077
kwi,1077
cav,1077
bjr,1077
crn,1077
con,1077
gaw,1077
wmw,1077
poy,1077
xed,1077
bgt,1077
ded,1077
roo,1077
fil,1077
ote,1077
bqc,1077
cta,1077
bss,1077
box,1077
cax,1077
hmo,1077
rug,1077
swh,1077
tav,1077
zad,1077
ind,1077
kpf,1077
spl,1077
ipi,1075
pon,1077
yle,1077
twi,1077
fuh,1077
nch,1077
ots,1077
aey,1077
cbk,1077
qxh,1077
bpr,1055
kwf,1077
ood,1077
zyp,1077
tke,1077
cjo,1074
bzj,1077
cle,1077
gwi,1077
tpt,1077
mpm,1077
zpq,1077
tna,1077
bus,1077
mig,1077
maj,1077
ycn,1076
cpb,1077
lat,1077
jae,1006
dah,1077
pma,1077
aii,1077
djk,1077
ton,1077
ngu,1077
mee,1077
srn,1077
qvm,1038
wsk,1077
sja,1077
sgz,1077
arz,1077
snn,1076
klv,1077
tif,1077
ikw,1077
trc,1077
omw,1077
kze,1077
mmx,1077
mar,1077
tue,1077
nhw,1077
hin,1077
qup,1077
ubu,1077
mxq,1077
bre,1076
nhu,1077
tpi,1077
zos,1077
lbk,1077
apn,1077
mau,1077
glv,1077
ake,1077
hub,1077
bmr,1077
ons,1077
zao,1077
lzh,1077
agn,1077
cnt,1077
amp,1077
khz,1077
gvf,1077
rgu,948
yby,1077
som,1077
poh,1077
arb,1077
epo,1077
top,1077
nsn,1077
gum,1077
mkl,1077
chq,1077
coe,1077
kaq,1077
nfa,1077
gai,1077
hop,1077
far,1077
zpz,1077
hui,1077
nak,1077
nko,1077
mya,1075
mva,1077
zty,1077
cpc,1077
kpr,1077
zav,1077
gqr,1077
nog,1077
tgo,1077
asm,1077
ctu,1077
knj,1077
kqc,1077
cbs,1077
zpi,1077
mjc,1077
fra,1077
cwe,1077
ibo,1077
mpt,1077
amn,1077
rus,1077
bgs,1077
tel,1077
zpv,1077
wuv,1077
als,1077
jac,1077
ksr,1077
agm,1077
obo,1077
ory,1077
nob,1077
kde,1077
ncu,1077
hot,1077
gfk,1077
cbi,1077
pao,1077
sab,1077
met,1077
ixl,1077
ppo,1077
fai,1077
pad,1077
qxo,1077
gux,1077
kpx,1077
cux,1077
mic,1077
atd,1077
huv,1077
tcz,1077
acu,1077
kbq,1077
ffm,1077
ian,1077
bmh,1077
zpu,1077
ghs,1077
tsn,1077
amk,1077
msm,1077
kpw,1077
shp,1077
yap,1077
nab,1077
wnc,1077
aer,1077
nin,1077
apy,1077
tuf,1074
pol,1077
yor,1077
poe,1077
too,1077
mir,1077
kik,1077
hrv,1077
fin,1077
srp,1077
bef,1077
emi,1077
ncj,1077
auc,1077
ces,1077
acr,1077
kan,1077
noa,1077
pes,1065
azg,1077
nnq,1077
mqj,1077
ubr,1077
iws,1077
dik,1077
tnk,1077
mvn,1077
bvd,1077
udu,1077
gvc,1077
csy,1077
chk,1077
bzh,1077
gym,1077
agr,1077
swe,1077
tmd,1077
heb,1077
tca,1077
mps,996
tbc,1077
mbt,1077
kpg,1077
row,1076
ita,1077
yrb,1077
emp,1077
yao,1077
mil,1077
azb,1077
sxb,1077
zaa,1077
jiv,1076
txq,1077
kjs,1077
cjv,1077
mgh,1077
mbh,1077
mbs,1077
gmv,1077
hns,1077
lid,1077
zac,1077
aka,1077
yut,1077
qvn,1077
bkd,1077
qvw,1077
ztq,1077
amr,1077
bmu,1077
ken,1077
cbt,1077
kbc,1077
okv,1077
bps,1077
mqb,1077
kje,1077
soq,1077
uig,1077
car,1077
kmh,1077
ikk,1077
wim,1077
akh,1077
ntu,1074
mcf,1077
muy,1077
aze,1077
sri,1077
ntp,1077
yal,1077
guc,1077
aoj,1077
yon,1077
aom,1077
big,1077
sna,1077
ilo,1077
ssx,1077
cco,1077
tpz,1077
xon,1077
hun,1077
pah,1077
leu,1077
nhi,1077
tee,1076
crx,1077
tlf,1077
pwg,1077
sus,1076
myw,1077
toj,1077
srm,1076
tiy,1077
imo,1077
mna,1077
bao,1077
viv,1077
geb,1077
snc,1077
ape,1077
atb,1077
myu,1077
tbk,1077
hla,1077
zsr,1077
zho,963
tur,1077
ctp,1077
tar,1077
cni,1077
hch,1077
gof,1077
ese,1077
kek,1077
kyq,1077
cub,1077
mxt,1077
sey,1077
suz,1077
lww,1071
xsi,1077
tfr,1060
sll,1077
kdl,1077
kyf,1077
gul,1077
uvl,1077
mfy,1077
sua,1077
caf,1077
fue,1077
tnp,1077
lex,1077
cuk,1077
gun,1077
kvg,1077
naf,1077
tet,1076
wiu,1077
cak,1077
nhe,1077
gui,1077
azz,1077
mxb,1077
msb,1077
tvk,1077
byr,1077
ino,1077
ron,1077
taj,1077
tgp,1077
deu,1077
nde,1077
usp,1077
bhl,1077
yre,1077
ewe,1077
nlc,1066
mbc,1077
tnn,1077
hto,1077
uvh,1077
mek,1077
usa,1077
nii,1077
wal,1077
msa,1077
tam,1077
maz,1077
quh,1077
qve,1077
cbu,1077
zat,1077
hwc,1000
chf,1077
arl,1077
daa,1077
hix,1077
chd,1077
kmo,1077
bjv,1077
mux,1077
poi,1077
gah,1077
kup,1077
blw,1077
wnu,1077
alq,1077
vid,1077
sbd,1077
yaq,1077
ksd,1077
cbc,1077
mkn,1077
zia,1077
kwd,1077
zar,1076
mam,1077
maq,1077
aln,1077
kvn,1077
ata,1077
guh,1077
mcq,1077
spp,1074
apu,1077
urt,1076
gyr,1077
blz,1077
tac,1077
plu,1076
lug,1077
ckb,1077
chz,1077
gub,1077
pab,1076
bzd,1077
agt,1077
yml,1077
waj,1077
yaa,1077
prf,1069
kto,1077
cbr,1077
agu,1076
tte,1077
amu,1077
kgp,1077
ukr,1077
faa,1077
mcb,1077
cek,1077
yss,1077
por,1077
llg,1076
mxp,1077
xla,1077
xnn,1077
amm,1077
zca,1077
tha,1077
aai,1077
qvh,1077
bnp,1077
mib,1077
bdd,1077
oji,1077
caa,1077
sgb,1077
suk,1073
gdn,1077
anv,1077
apr,1077
qul,1077
cnl,1077
mal,1077
tgk,1077
alp,1077
swp,1077
dwr,1077
bqp,1077
kdc,1077
ign,1076
yva,1077
yka,1077
kyg,1077
cof,1077
quc,1077
npl,1077
zpc,1077
bon,1077
nno,1077
zpm,1077
tcs,1077
ong,1077
pio,1077
buk,1077
mio,1077
clu,1077
lcm,1077
cac,1077
ttc,1077
plt,1077
cmn,1077
otn,1077
ngp,1077
kbh,1077
xtm,1077
gnw,1077
kms,1077
bch,1077
wrs,1077
zaw,1077
apw,1077
kyz,1077
nuy,1077
lgl,1076
aon,1077
kyc,1077
heg,1077
boa,1077
nya,1077
myk,1077
cgc,1077
luo,1077
qxn,1077
nwi,1077
jvn,1077
wer,1077
nou,1077
zpo,1077
urb,1077
jic,1077
rkb,1077
mca,1077
ceb,1077
nld,1077
gnn,1077
tzo,1077
kwj,1077
spa,1077
huu,1077
mpx,1077
mie,1077
mlh,1077
esk,1077
tuc,1077
mbl,1077
nop,1077
pir,1065
ceg,1077
soy,1077
kue,1077
aso,1077
iou,1077
qwh,1077
opm,1077
vmy,1077
nho,1077
wos,1077
qvc,1077
ndj,1077
mlp,1077
tsw,1077
inb,1077
ssg,1077
bba,1077
byx,1077
sqi,1077
apz,1077
sue,1077
zpl,1077
med,1077
miz,1077
gdr,1077
sny,1077
cya,1077
agd,1077
mop,1077
bvr,1077
cym,1077
mhl,1077
tbg,1077
tbo,1077
ncl,1077
yuw,1077
cpu,1077
nhg,1077
lif,1077
for,1077
not,1077
wap,1077
qvz,1077
aaz,1076
mdy,1077
nlg,1077
dad,1077
tgl,1077
txu,1066
sps,1077
khs,1077
msy,1077
bbb,1077
npi,1077
cme,1077
tos,1077
mmo,1077
vie,1077
kmg,1065
lin,1068
kgk,1077
cuc,1077
guj,1077
dan,1077
zlm,1077
snp,1077
kne,1077
mco,1077
yuj,1077
ssd,1077
nca,1077
mti,1077
amf,1077
btt,1077
eri,1077
lac,1077
guo,1077
myy,1077
fuf,1077
aak,1077
eng,1077
knv,1077
taw,1077
qub,1077
cut,1077
knf,1077
ziw,1077
